3086  2938

coordinates 
$-----------------------------------------------------
       1  -8.434265e+00 -2.353430e+01 
       2  -8.905789e+00 -2.335994e+01 
       3  -7.959331e+00 -2.369914e+01 
       4  -8.409478e+00 -2.302405e+01 
       5  -7.943044e+00 -2.315398e+01 
       6  -8.811224e+00 -2.291937e+01 
       7  -8.410262e+00 -2.260471e+01 
       8  -8.715318e+00 -2.263574e+01 
       9  -9.373711e+00 -2.317614e+01 
      10  -7.481178e+00 -2.385439e+01 
      11  -7.451747e+00 -2.329781e+01 
      12  -7.953836e+00 -2.263560e+01 
      13  -9.190674e+00 -2.271215e+01 
      14  -8.924469e+00 -2.238313e+01 
      15  -7.430715e+00 -2.275090e+01 
      16  -8.516668e+00 -2.223048e+01 
      17  -8.009172e+00 -2.215468e+01 
      18  -6.944323e+00 -2.347107e+01 
      19  -9.837843e+00 -2.298297e+01 
      20  -7.000000e+00 -2.400000e+01 
      21  -9.562428e+00 -2.249832e+01 
      22  -9.194233e+00 -2.209670e+01 
      23  -6.885124e+00 -2.290868e+01 
      24  -7.428732e+00 -2.218959e+01 
      25  -8.722767e+00 -2.177939e+01 
      26  -8.101512e+00 -2.164888e+01 
      27  -1.029800e+01 -2.278050e+01 
      28  -6.476778e+00 -2.400000e+01 
      29  -6.822256e+00 -2.231143e+01 
      30  -9.991732e+00 -2.223697e+01 
      31  -6.367447e+00 -2.343628e+01 
      32  -9.567267e+00 -2.172594e+01 
      33  -7.440886e+00 -2.161197e+01 
      34  -6.267949e+00 -2.287124e+01 
      35  -8.980770e+00 -2.128055e+01 
      36  -8.233224e+00 -2.104948e+01 
      37  -6.755577e+00 -2.167798e+01 
      38  -1.075399e+01 -2.256882e+01 
      39  -1.043374e+01 -2.197335e+01 
      40  -5.908209e+00 -2.400000e+01 
      41  -6.147578e+00 -2.227960e+01 
      42  -5.791535e+00 -2.342745e+01 
      43  -1.000858e+01 -2.133875e+01 
      44  -7.456773e+00 -2.098055e+01 
      45  -5.681160e+00 -2.288618e+01 
      46  -1.120563e+01 -2.234802e+01 
      47  -6.037106e+00 -2.162778e+01 
      48  -6.684951e+00 -2.100704e+01 
      49  -1.092756e+01 -2.173390e+01 
      50  -9.380951e+00 -2.056972e+01 
      51  -5.291797e+00 -2.400000e+01 
      52  -8.353298e+00 -2.033883e+01 
      53  -5.464217e+00 -2.233077e+01 
      54  -5.219405e+00 -2.340898e+01 
      55  -5.207674e+00 -2.294083e+01 
      56  -1.063348e+01 -2.108833e+01 
      57  -7.454121e+00 -2.027216e+01 
      58  -1.165274e+01 -2.211818e+01 
      59  -5.936850e+00 -2.093682e+01 
      60  -1.143737e+01 -2.152589e+01 
      61  -5.305673e+00 -2.162995e+01 
      62  -1.029438e+01 -2.034776e+01 
      63  -6.610254e+00 -2.029741e+01 
      64  -1.119701e+01 -2.088855e+01 
      65  -4.625197e+00 -2.400000e+01 
      66  -4.597763e+00 -2.328855e+01 
      67  -4.722456e+00 -2.252734e+01 
      68  -1.209513e+01 -2.187939e+01 
      69  -8.325335e+00 -1.949124e+01 
      70  -9.256591e+00 -1.955366e+01 
      71  -1.190927e+01 -2.131000e+01 
      72  -7.406661e+00 -1.949521e+01 
      73  -5.179649e+00 -2.092093e+01 
      74  -1.099800e+01 -2.022404e+01 
      75  -5.838246e+00 -2.022060e+01 
      76  -4.543955e+00 -2.167833e+01 
      77  -1.171918e+01 -2.071595e+01 
      78  -1.012704e+01 -1.952775e+01 
      79  -6.531369e+00 -1.954800e+01 
      80  -1.253264e+01 -2.163176e+01 
      81  -3.906280e+00 -2.400000e+01 
      82  -3.826872e+00 -2.323264e+01 
      83  -1.153394e+01 -2.011172e+01 
      84  -1.236164e+01 -2.108923e+01 
      85  -1.085940e+01 -1.953358e+01 
      86  -3.812035e+00 -2.244869e+01 
      87  -5.058632e+00 -2.019332e+01 
      88  -4.417443e+00 -2.092363e+01 
      89  -1.218050e+01 -2.052086e+01 
      90  -5.728724e+00 -1.947164e+01 
      91  -8.267056e+00 -1.860306e+01 
      92  -1.136690e+01 -1.953231e+01 
      93  -9.193038e+00 -1.862593e+01 
      94  -7.343736e+00 -1.865569e+01 
      95  -1.296508e+01 -2.137538e+01 
      96  -1.197502e+01 -1.993510e+01 
      97  -3.742740e+00 -2.166447e+01 
      98  -1.006827e+01 -1.871070e+01 
      99  -1.278832e+01 -2.082930e+01 
     100  -6.448195e+00 -1.875785e+01 
     101  -1.084322e+01 -1.886438e+01 
     102  -1.124719e+01 -1.908338e+01 
     103  -1.259910e+01 -2.026681e+01 
     104  -4.292548e+00 -2.021372e+01 
     105  -3.133213e+00 -2.400000e+01 
     106  -1.175333e+01 -1.937369e+01 
     107  -4.929519e+00 -1.944466e+01 
     108  -3.026887e+00 -2.319601e+01 
     109  -3.669761e+00 -2.092871e+01 
     110  -1.239749e+01 -1.971425e+01 
     111  -1.339227e+01 -2.111035e+01 
     112  -2.980214e+00 -2.239635e+01 
     113  -1.150186e+01 -1.884844e+01 
     114  -5.623910e+00 -1.868541e+01 
     115  -1.321528e+01 -2.056555e+01 
     116  -1.213993e+01 -1.917393e+01 
     117  -1.303008e+01 -2.000283e+01 
     118  -2.945207e+00 -2.160213e+01 
     119  -3.574313e+00 -2.027437e+01 
     120  -8.201635e+00 -1.768644e+01 
     121  -1.186405e+01 -1.876494e+01 
     122  -7.267735e+00 -1.776702e+01 
     123  -9.150722e+00 -1.767099e+01 
     124  -4.129285e+00 -1.948560e+01 
     125  -1.010978e+01 -1.782474e+01 
     126  -6.360648e+00 -1.792616e+01 
     127  -1.280338e+01 -1.941314e+01 
     128  -1.111655e+01 -1.815972e+01 
     129  -1.381406e+01 -2.083679e+01 
     130  -4.793343e+00 -1.867740e+01 
     131  -2.963442e+00 -2.088981e+01 
     132  -1.363785e+01 -2.028832e+01 
     133  -2.304536e+00 -2.400000e+01 
     134  -1.246619e+01 -1.879623e+01 
     135  -2.193414e+00 -2.317107e+01 
     136  -3.012234e+00 -2.035638e+01 
     137  -1.346674e+01 -1.972993e+01 
     138  -1.195036e+01 -1.827243e+01 
     139  -5.505731e+00 -1.786506e+01 
     140  -2.156046e+00 -2.235012e+01 
     141  -3.333390e+00 -1.962339e+01 
     142  -1.423025e+01 -2.055480e+01 
     143  -3.968233e+00 -1.872138e+01 
     144  -1.327881e+01 -1.909865e+01 
     145  -2.158778e+00 -2.152633e+01 
     146  -1.405130e+01 -2.002853e+01 
     147  -2.262873e+00 -2.074128e+01 
     148  -1.391504e+01 -1.952462e+01 
     149  -7.178933e+00 -1.683395e+01 
     150  -4.651712e+00 -1.785816e+01 
     151  -6.268662e+00 -1.705229e+01 
     152  -8.121026e+00 -1.670471e+01 
     153  -9.089099e+00 -1.669939e+01 
     154  -1.008498e+01 -1.682992e+01 
     155  -1.297107e+01 -1.832540e+01 
     156  -2.498947e+00 -1.990497e+01 
     157  -1.464069e+01 -2.026451e+01 
     158  -1.113356e+01 -1.705525e+01 
     159  -1.419244e+00 -2.400000e+01 
     160  -1.443277e+01 -1.979991e+01 
     161  -3.140496e+00 -1.885066e+01 
     162  -1.321834e+00 -2.315344e+01 
     163  -1.427481e+01 -1.945232e+01 
     164  -1.387404e+01 -1.892612e+01 
     165  -5.381044e+00 -1.700352e+01 
     166  -1.291778e+00 -2.230675e+01 
     167  -3.789592e+00 -1.794445e+01 
     168  -1.228667e+01 -1.735523e+01 
     169  -1.326484e+00 -2.146733e+01 
     170  -1.504521e+01 -1.996601e+01 
     171  -1.477116e+01 -1.948614e+01 
     172  -2.343666e+00 -1.911738e+01 
     173  -1.447662e+01 -1.903242e+01 
     174  -1.430325e+00 -2.064400e+01 
     175  -4.504075e+00 -1.700556e+01 
     176  -1.382999e+01 -1.803147e+01 
     177  -1.606053e+00 -1.990249e+01 
     178  -2.922713e+00 -1.810654e+01 
     179  -6.172191e+00 -1.613582e+01 
     180  -7.091483e+00 -1.589218e+01 
     181  -8.035687e+00 -1.573446e+01 
     182  -9.010883e+00 -1.570194e+01 
     183  -1.001644e+01 -1.578984e+01 
     184  -1.746860e+00 -1.931834e+01 
     185  -1.490587e+01 -1.897853e+01 
     186  -1.514795e+01 -1.925943e+01 
     187  -4.768781e-01 -2.400000e+01 
     188  -1.458654e+01 -1.840792e+01 
     189  -1.544364e+01 -1.965945e+01 
     190  -4.250266e-01 -2.314797e+01 
     191  -3.615710e+00 -1.709174e+01 
     192  -1.104582e+01 -1.592476e+01 
     193  -5.260327e+00 -1.609964e+01 
     194  -1.328423e+01 -1.705378e+01 
     195  -4.273827e-01 -2.229297e+01 
     196  -2.075019e+00 -1.845179e+01 
     197  -4.665245e-01 -2.142946e+01 
     198  -1.509303e+01 -1.864372e+01 
     199  -1.206979e+01 -1.607946e+01 
     200  -6.031113e-01 -2.059119e+01 
     201  -1.547664e+01 -1.895204e+01 
     202  -8.872470e-01 -1.973728e+01 
     203  -1.335346e+00 -1.894644e+01 
     204  -4.358199e+00 -1.612313e+01 
     205  -2.702915e+00 -1.730626e+01 
     206  -1.583584e+01 -1.934493e+01 
     207  -1.443728e+01 -1.744350e+01 
     208  -1.494652e+01 -1.792407e+01 
     209  -6.071216e+00 -1.517655e+01 
     210  -7.004350e+00 -1.493472e+01 
     211  -1.541717e+01 -1.828659e+01 
     212  -1.301137e+01 -1.606050e+01 
     213  -7.947981e+00 -1.474571e+01 
     214  -1.403472e+01 -1.673246e+01 
     215  -3.448197e+00 -1.623468e+01 
     216  -8.931050e+00 -1.469287e+01 
     217  -1.583108e+01 -1.864428e+01 
     218  -1.751563e+00 -1.769204e+01 
     219  -9.945420e+00 -1.475193e+01 
     220  4.901691e-01 -2.314812e+01 
     221  5.173078e-01 -2.400000e+01 
     222  4.482998e-01 -2.228750e+01 
     223  -5.144785e+00 -1.516076e+01 
     224  -1.622162e+01 -1.902259e+01 
     225  -1.096822e+01 -1.485302e+01 
     226  3.891783e-01 -2.141392e+01 
     227  2.200850e-01 -2.050593e+01 
     228  -1.537311e+01 -1.753802e+01 
     229  -1.496373e+01 -1.705055e+01 
     230  -1.197723e+01 -1.500146e+01 
     231  -2.525343e+00 -1.642584e+01 
     232  -1.579904e+01 -1.794398e+01 
     233  -1.062802e-01 -1.950195e+01 
     234  -1.380628e+01 -1.594899e+01 
     235  -4.215720e+00 -1.519944e+01 
     236  -1.620889e+01 -1.831589e+01 
     237  -6.496191e-01 -1.830199e+01 
     238  -1.464607e+01 -1.645693e+01 
     239  -1.660085e+01 -1.869256e+01 
     240  -1.291887e+01 -1.510893e+01 
     241  -1.578700e+00 -1.670813e+01 
     242  -5.965743e+00 -1.417456e+01 
     243  -3.293537e+00 -1.529803e+01 
     244  -6.906721e+00 -1.392445e+01 
     245  -1.580831e+01 -1.716634e+01 
     246  -1.444191e+01 -1.583596e+01 
     247  -1.619663e+01 -1.758563e+01 
     248  -1.544917e+01 -1.670329e+01 
     249  -7.870930e+00 -1.374613e+01 
     250  1.394597e+00 -2.315683e+01 
     251  1.341235e+00 -2.229501e+01 
     252  -8.864946e+00 -1.368083e+01 
     253  -1.659079e+01 -1.797541e+01 
     254  1.454540e+00 -2.400000e+01 
     255  -1.373713e+01 -1.516704e+01 
     256  -9.895375e+00 -1.372112e+01 
     257  1.262014e+00 -2.141122e+01 
     258  -1.514390e+01 -1.620874e+01 
     259  -5.014644e+00 -1.419502e+01 
     260  -1.697336e+01 -1.835497e+01 
     261  1.088402e+00 -2.047746e+01 
     262  -1.093002e+01 -1.381372e+01 
     263  -2.368048e+00 -1.548620e+01 
     264  8.296732e-01 -1.946525e+01 
     265  -6.042600e-01 -1.707030e+01 
     266  -1.197120e+01 -1.399411e+01 
     267  -1.494925e+01 -1.571573e+01 
     268  -4.074655e+00 -1.425353e+01 
     269  -1.444388e+01 -1.520886e+01 
     270  -1.622433e+01 -1.682511e+01 
     271  -1.659073e+01 -1.723857e+01 
     272  -1.588075e+01 -1.638751e+01 
     273  5.310979e-01 -1.837232e+01 
     274  -1.296429e+01 -1.420729e+01 
     275  -1.696244e+01 -1.762474e+01 
     276  -1.485785e+01 -1.532952e+01 
     277  -1.559943e+01 -1.594752e+01 
     278  -1.431513e+00 -1.577445e+01 
     279  -1.733902e+01 -1.800996e+01 
     280  -3.147235e+00 -1.437155e+01 
     281  -1.381886e+01 -1.441266e+01 
     282  -1.537174e+01 -1.549981e+01 
     283  -5.858438e+00 -1.315516e+01 
     284  2.253745e+00 -2.317263e+01 
     285  2.195253e+00 -2.231968e+01 
     286  -6.823517e+00 -1.293099e+01 
     287  2.105770e+00 -2.142928e+01 
     288  2.334710e+00 -2.400000e+01 
     289  -1.661198e+01 -1.648239e+01 
     290  3.568308e-01 -1.725993e+01 
     291  -7.799954e+00 -1.274058e+01 
     292  -1.696603e+01 -1.688463e+01 
     293  -1.628001e+01 -1.608227e+01 
     294  -1.518043e+01 -1.506399e+01 
     295  1.997211e+00 -2.050644e+01 
     296  -5.162202e-01 -1.609040e+01 
     297  -8.813549e+00 -1.266731e+01 
     298  -1.732924e+01 -1.727503e+01 
     299  -1.600134e+01 -1.569403e+01 
     300  -4.895551e+00 -1.320713e+01 
     301  -9.865178e+00 -1.268642e+01 
     302  -2.210949e+00 -1.453264e+01 
     303  -1.769765e+01 -1.765766e+01 
     304  1.774289e+00 -1.947982e+01 
     305  -1.474567e+01 -1.452463e+01 
     306  -1.580997e+01 -1.533625e+01 
     307  -1.095371e+01 -1.279460e+01 
     308  -1.206697e+01 -1.299769e+01 
     309  -1.381754e+01 -1.375187e+01 
     310  -3.946191e+00 -1.328487e+01 
     311  1.544323e+00 -1.839768e+01 
     312  -1.315843e+01 -1.332569e+01 
     313  2.421352e-01 -1.637296e+01 
     314  -1.573953e+01 -1.495184e+01 
     315  -1.609965e+01 -1.526194e+01 
     316  -1.662598e+01 -1.576515e+01 
     317  -1.263084e+00 -1.481308e+01 
     318  -1.697055e+01 -1.614263e+01 
     319  -1.632149e+01 -1.545204e+01 
     320  -1.732426e+01 -1.653512e+01 
     321  -1.768360e+01 -1.692090e+01 
     322  -1.804914e+01 -1.729823e+01 
     323  -1.614095e+01 -1.503107e+01 
     324  -3.009798e+00 -1.340201e+01 
     325  3.013943e+00 -2.234516e+01 
     326  3.072007e+00 -2.318898e+01 
     327  2.968601e+00 -2.147976e+01 
     328  3.158329e+00 -2.400000e+01 
     329  -1.650645e+01 -1.517598e+01 
     330  1.298979e+00 -1.718604e+01 
     331  2.868210e+00 -2.055053e+01 
     332  -2.492151e-01 -1.518389e+01 
     333  -1.447533e+01 -1.351726e+01 
     334  -1.577747e+01 -1.442088e+01 
     335  -1.618243e+01 -1.476074e+01 
     336  -1.688714e+01 -1.543677e+01 
     337  -5.751133e+00 -1.213577e+01 
     338  -6.733213e+00 -1.192398e+01 
     339  -1.727648e+01 -1.577909e+01 
     340  -1.765246e+01 -1.616265e+01 
     341  -2.085300e+00 -1.358146e+01 
     342  -7.726977e+00 -1.173548e+01 
     343  2.725951e+00 -1.954990e+01 
     344  -1.802110e+01 -1.655168e+01 
     345  -8.758903e+00 -1.165253e+01 
     346  -4.789976e+00 -1.221472e+01 
     347  -1.660613e+01 -1.484158e+01 
     348  -1.839332e+01 -1.693180e+01 
     349  -9.829299e+00 -1.163231e+01 
     350  -1.096240e+01 -1.170694e+01 
     351  -3.845406e+00 -1.231523e+01 
     352  -1.710386e+01 -1.505882e+01 
     353  2.571347e+00 -1.844394e+01 
     354  9.286197e-01 -1.577223e+01 
     355  -1.138633e+00 -1.380132e+01 
     356  -1.220441e+01 -1.190548e+01 
     357  -1.756773e+01 -1.539013e+01 
     358  -1.659605e+01 -1.439698e+01 
     359  3.852349e+00 -2.321190e+01 
     360  -1.796938e+01 -1.577809e+01 
     361  3.819912e+00 -2.239221e+01 
     362  -1.834828e+01 -1.617681e+01 
     363  -1.558184e+01 -1.345975e+01 
     364  3.926444e+00 -2.400000e+01 
     365  3.790251e+00 -2.153012e+01 
     366  -2.909440e+00 -1.243822e+01 
     367  -1.374548e+01 -1.233295e+01 
     368  -1.873007e+01 -1.655852e+01 
     369  3.732440e+00 -2.061040e+01 
     370  -1.723546e+01 -1.460882e+01 
     371  2.438080e+00 -1.724581e+01 
     372  -1.304710e-01 -1.404407e+01 
     373  -1.997281e+00 -1.260395e+01 
     374  3.660190e+00 -1.963058e+01 
     375  -1.780986e+01 -1.493607e+01 
     376  -5.643829e+00 -1.111637e+01 
     377  -1.660853e+01 -1.372585e+01 
     378  -6.631223e+00 -1.089367e+01 
     379  -1.827015e+01 -1.534665e+01 
     380  -7.636100e+00 -1.071588e+01 
     381  -1.866693e+01 -1.577004e+01 
     382  -4.696753e+00 -1.122514e+01 
     383  -1.905924e+01 -1.617854e+01 
     384  -8.665787e+00 -1.057503e+01 
     385  4.587243e+00 -2.324473e+01 
     386  3.603106e+00 -1.855882e+01 
     387  -1.068432e+00 -1.277763e+01 
     388  -3.754877e+00 -1.133915e+01 
     389  4.593025e+00 -2.245609e+01 
     390  -9.741433e+00 -1.052604e+01 
     391  -1.743205e+01 -1.404342e+01 
     392  4.640553e+00 -2.400000e+01 
     393  4.603245e+00 -2.162226e+01 
     394  -1.087354e+01 -1.053586e+01 
     395  2.359135e+00 -1.586226e+01 
     396  1.040132e+00 -1.423246e+01 
     397  -2.840492e+00 -1.147790e+01 
     398  -1.811869e+01 -1.440088e+01 
     399  -1.859325e+01 -1.489338e+01 
     400  4.611107e+00 -2.073038e+01 
     401  -1.898366e+01 -1.536397e+01 
     402  -1.544434e+01 -1.216899e+01 
     403  -1.938071e+01 -1.579203e+01 
     404  -1.209912e+01 -1.062757e+01 
     405  -1.423358e-01 -1.293403e+01 
     406  3.590289e+00 -1.742334e+01 
     407  -1.674157e+01 -1.290556e+01 
     408  4.595557e+00 -1.975832e+01 
     409  -1.925950e+00 -1.161851e+01 
     410  -1.762765e+01 -1.336260e+01 
     411  5.275685e+00 -2.328518e+01 
     412  -1.342323e+01 -1.074130e+01 
     413  5.302517e+00 -2.400000e+01 
     414  -5.536524e+00 -1.009698e+01 
     415  5.313035e+00 -2.254880e+01 
     416  -6.521295e+00 -9.866809e+00 
     417  -4.598329e+00 -1.023033e+01 
     418  -1.930943e+01 -1.495299e+01 
     419  4.590598e+00 -1.873741e+01 
     420  -7.525542e+00 -9.677733e+00 
     421  -1.045948e+00 -1.177137e+01 
     422  -1.969434e+01 -1.539913e+01 
     423  -1.894708e+01 -1.442929e+01 
     424  5.391953e+00 -2.177362e+01 
     425  -3.667512e+00 -1.036317e+01 
     426  -8.549890e+00 -9.507694e+00 
     427  8.419907e-01 -1.296592e+01 
     428  -1.851129e+01 -1.370133e+01 
     429  3.698041e+00 -1.619406e+01 
     430  -9.608459e+00 -9.401473e+00 
     431  5.503407e+00 -2.090919e+01 
     432  -2.771700e+00 -1.051573e+01 
     433  -1.682782e-01 -1.189844e+01 
     434  -1.779108e+01 -1.273576e+01 
     435  -1.964413e+01 -1.459933e+01 
     436  5.899944e+00 -2.334718e+01 
     437  -1.718698e+01 -1.217839e+01 
     438  5.914488e+00 -2.400000e+01 
     439  -1.071487e+01 -9.354098e+00 
     440  -1.470949e+01 -1.060410e+01 
     441  -2.000000e+01 -1.500000e+01 
     442  4.708471e+00 -1.767332e+01 
     443  -1.937434e+01 -1.416946e+01 
     444  5.520333e+00 -1.993490e+01 
     445  5.970669e+00 -2.269132e+01 
     446  -1.889636e+00 -1.065998e+01 
     447  2.566084e+00 -1.412736e+01 
     448  -1.637524e+01 -1.138893e+01 
     449  -1.188161e+01 -9.343171e+00 
     450  6.138499e+00 -2.201480e+01 
     451  -1.926056e+01 -1.362338e+01 
     452  -1.968510e+01 -1.404465e+01 
     453  -1.021133e+00 -1.079090e+01 
     454  -1.992850e+01 -1.428447e+01 
     455  5.593989e+00 -1.894933e+01 
     456  6.862517e-01 -1.192540e+01 
     457  -5.429219e+00 -9.077581e+00 
     458  -4.502446e+00 -9.244596e+00 
     459  -6.400611e+00 -8.835419e+00 
     460  -2.029758e+01 -1.459481e+01 
     461  -1.853333e+01 -1.259696e+01 
     462  6.453719e+00 -2.341353e+01 
     463  6.478828e+00 -2.400000e+01 
     464  1.855874e+00 -1.271950e+01 
     465  -3.590218e+00 -9.410625e+00 
     466  -1.307994e+01 -9.333283e+00 
     467  -7.394882e+00 -8.620547e+00 
     468  6.512758e+00 -2.287367e+01 
     469  -1.975244e+01 -1.368003e+01 
     470  4.912902e+00 -1.657788e+01 
     471  -2.709895e+00 -9.578171e+00 
     472  6.478192e+00 -2.121170e+01 
     473  -8.408608e+00 -8.430120e+00 
     474  -1.640866e-01 -1.089232e+01 
     475  -1.784004e+01 -1.168331e+01 
     476  -1.572067e+01 -1.026283e+01 
     477  -2.016230e+01 -1.389797e+01 
     478  4.060845e+00 -1.489464e+01 
     479  6.713183e+00 -2.238258e+01 
     480  -1.936132e+01 -1.292631e+01 
     481  5.740094e+00 -1.795464e+01 
     482  6.440566e+00 -2.013429e+01 
     483  1.421686e+00 -1.185920e+01 
     484  -1.856683e+00 -9.732073e+00 
     485  -9.435858e+00 -8.268326e+00 
     486  6.877700e+00 -2.301351e+01 
     487  -2.058695e+01 -1.418371e+01 
     488  6.923345e+00 -2.343326e+01 
     489  -1.714021e+01 -1.081382e+01 
     490  -1.424973e+01 -9.243288e+00 
     491  7.000000e+00 -2.400000e+01 
     492  -1.994038e+01 -1.318822e+01 
     493  6.975994e+00 -2.190289e+01 
     494  -1.050185e+01 -8.149071e+00 
     495  -1.030777e+00 -9.856661e+00 
     496  6.524930e+00 -1.917040e+01 
     497  7.091678e-01 -1.091201e+01 
     498  -2.041070e+01 -1.346535e+01 
     499  7.196999e+00 -2.273360e+01 
     500  7.271607e+00 -2.228270e+01 
     501  -5.321914e+00 -8.058186e+00 
     502  -4.401314e+00 -8.269672e+00 
     503  -1.161470e+01 -8.068234e+00 
     504  7.363303e+00 -2.330368e+01 
     505  -2.086799e+01 -1.376688e+01 
     506  -3.504542e+00 -8.485253e+00 
     507  -1.910494e+01 -1.181086e+01 
     508  6.011943e+00 -1.696042e+01 
     509  -6.271240e+00 -7.803037e+00 
     510  -2.271633e-01 -9.915444e+00 
     511  5.293622e+00 -1.548592e+01 
     512  -1.653950e+01 -9.838029e+00 
     513  7.481178e+00 -2.385439e+01 
     514  -1.971101e+01 -1.229669e+01 
     515  7.300302e+00 -2.110431e+01 
     516  -2.641609e+00 -8.686088e+00 
     517  7.440994e+00 -2.173459e+01 
     518  -1.525761e+01 -9.069171e+00 
     519  -1.847435e+01 -1.107476e+01 
     520  -7.238216e+00 -7.555956e+00 
     521  3.571894e+00 -1.292074e+01 
     522  -2.022159e+01 -1.267795e+01 
     523  7.275402e+00 -2.024319e+01 
     524  2.639432e+00 -1.190529e+01 
     525  6.748628e+00 -1.825503e+01 
     526  -1.821354e+00 -8.865008e+00 
     527  7.622970e+00 -2.220569e+01 
     528  -1.276519e+01 -8.005376e+00 
     529  -2.069388e+01 -1.301639e+01 
     530  7.700782e+00 -2.266959e+01 
     531  -8.220228e+00 -7.322872e+00 
     532  1.763059e+00 -1.090501e+01 
     533  -1.780995e+01 -1.024664e+01 
     534  7.833032e+00 -2.318259e+01 
     535  -2.114060e+01 -1.334448e+01 
     536  -1.044386e+00 -9.002720e+00 
     537  7.374694e+00 -1.937485e+01 
     538  7.821459e+00 -2.168501e+01 
     539  5.761742e-01 -9.858981e+00 
     540  7.959331e+00 -2.369914e+01 
     541  4.762284e+00 -1.375036e+01 
     542  -9.219374e+00 -7.112465e+00 
     543  7.994771e+00 -2.208235e+01 
     544  -1.609455e+01 -8.877315e+00 
     545  -1.389749e+01 -7.921048e+00 
     546  -2.009991e+01 -1.177883e+01 
     547  -2.054110e+01 -1.221052e+01 
     548  -3.063207e-01 -9.047850e+00 
     549  8.150128e+00 -2.255647e+01 
     550  8.021479e+00 -2.121770e+01 
     551  -1.720258e+01 -9.398148e+00 
     552  6.408476e+00 -1.599745e+01 
     553  -2.097537e+01 -1.257723e+01 
     554  -1.964278e+01 -1.121482e+01 
     555  -1.024894e+01 -6.932325e+00 
     556  -3.376506e+00 -7.607862e+00 
     557  7.986047e+00 -2.035934e+01 
     558  -4.273683e+00 -7.332785e+00 
     559  8.294082e+00 -2.304731e+01 
     560  7.125297e+00 -1.734929e+01 
     561  -2.533364e+00 -7.855364e+00 
     562  -2.140465e+01 -1.291669e+01 
     563  -5.214610e+00 -7.038791e+00 
     564  -1.743325e+00 -8.096500e+00 
     565  8.434265e+00 -2.353430e+01 
     566  8.364972e+00 -2.185973e+01 
     567  7.714495e+00 -1.860522e+01 
     568  -1.914718e+01 -1.044622e+01 
     569  -6.111027e+00 -6.759865e+00 
     570  -1.030863e+00 -8.267535e+00 
     571  8.090382e+00 -1.963436e+01 
     572  -1.496587e+01 -7.859000e+00 
     573  -1.132033e+01 -6.792199e+00 
     574  5.954604e+00 -1.448065e+01 
     575  1.423085e+00 -9.659595e+00 
     576  8.575431e+00 -2.239597e+01 
     577  3.996067e-01 -8.948876e+00 
     578  -1.672992e+01 -8.623357e+00 
     579  -2.084290e+01 -1.180505e+01 
     580  -2.049134e+01 -1.140390e+01 
     581  -7.037648e+00 -6.475763e+00 
     582  -2.124989e+01 -1.215408e+01 
     583  -4.122083e-01 -8.345833e+00 
     584  8.742471e+00 -2.287796e+01 
     585  -1.846453e+01 -9.564816e+00 
     586  -2.166006e+01 -1.248367e+01 
     587  3.451156e+00 -1.103739e+01 
     588  8.661979e+00 -2.108596e+01 
     589  -1.586789e+01 -7.909798e+00 
     590  -1.244716e+01 -6.690042e+00 
     591  8.596135e+00 -2.039447e+01 
     592  -2.021911e+01 -1.082337e+01 
     593  4.405073e+00 -1.187864e+01 
     594  8.905789e+00 -2.335994e+01 
     595  -7.978681e+00 -6.194691e+00 
     596  8.835422e+00 -2.167617e+01 
     597  8.363390e+00 -1.908141e+01 
     598  7.462191e+00 -1.648143e+01 
     599  -1.774715e+01 -8.805215e+00 
     600  -2.077866e+01 -1.122329e+01 
     601  2.736040e+00 -1.013217e+01 
     602  -1.643307e+01 -8.012863e+00 
     603  8.631814e+00 -1.979086e+01 
     604  -2.108927e+01 -1.145171e+01 
     605  9.018154e+00 -2.221527e+01 
     606  -1.587718e+00 -7.398095e+00 
     607  -2.349757e+00 -7.092023e+00 
     608  -9.339295e-01 -7.680442e+00 
     609  -4.948215e-01 -7.882002e+00 
     610  -3.187665e+00 -6.768432e+00 
     611  1.478737e-01 -8.205361e+00 
     612  7.009245e+00 -1.515526e+01 
     613  -2.148852e+01 -1.174322e+01 
     614  -8.936097e+00 -5.935978e+00 
     615  8.704477e+00 -1.940555e+01 
     616  9.194583e+00 -2.270863e+01 
     617  1.119810e+00 -8.687717e+00 
     618  -4.102303e+00 -6.414815e+00 
     619  -1.717506e+01 -8.161239e+00 
     620  5.552153e+00 -1.270421e+01 
     621  -2.075524e+01 -1.082500e+01 
     622  -2.190670e+01 -1.204560e+01 
     623  -1.360918e+01 -6.576527e+00 
     624  8.436137e+00 -1.789789e+01 
     625  9.174439e+00 -2.097973e+01 
     626  9.373711e+00 -2.317614e+01 
     627  -5.107305e+00 -6.019395e+00 
     628  9.117805e+00 -2.040182e+01 
     629  9.296584e+00 -2.154372e+01 
     630  -1.997900e+01 -9.892038e+00 
     631  -2.122854e+01 -1.102607e+01 
     632  -9.941092e+00 -5.702866e+00 
     633  2.243067e+00 -9.158767e+00 
     634  -1.573251e-01 -7.630438e+00 
     635  9.462341e+00 -2.205405e+01 
     636  9.140041e+00 -1.983124e+01 
     637  -5.893659e+00 -5.718718e+00 
     638  8.930764e+00 -1.874067e+01 
     639  -1.670140e+01 -7.505433e+00 
     640  -2.169186e+01 -1.130465e+01 
     641  9.118226e+00 -1.934437e+01 
     642  7.877923e+00 -1.578771e+01 
     643  -6.429271e-01 -7.200360e+00 
     644  9.645270e+00 -2.252421e+01 
     645  7.614213e-01 -7.896296e+00 
     646  -1.482693e+01 -6.537973e+00 
     647  -2.079464e+01 -1.022729e+01 
     648  8.449034e+00 -1.681137e+01 
     649  -2.214448e+01 -1.160267e+01 
     650  6.753263e+00 -1.353107e+01 
     651  -1.283730e+00 -6.800662e+00 
     652  -1.099212e+01 -5.503996e+00 
     653  -6.747510e+00 -5.392836e+00 
     654  9.612106e+00 -2.087843e+01 
     655  -1.752176e+01 -7.710950e+00 
     656  9.560605e+00 -2.040184e+01 
     657  -1.596535e+01 -6.891671e+00 
     658  9.837843e+00 -2.298297e+01 
     659  -2.035873e+00 -6.406359e+00 
     660  -1.916536e+01 -8.728118e+00 
     661  9.727619e+00 -2.138100e+01 
     662  -1.816594e+01 -8.034283e+00 
     663  -2.137767e+01 -1.053366e+01 
     664  4.194110e+00 -1.020629e+01 
     665  9.605195e+00 -1.994981e+01 
     666  -2.878145e+00 -5.999007e+00 
     667  9.893240e+00 -2.186740e+01 
     668  8.456109e+00 -1.620249e+01 
     669  1.852131e+00 -8.251907e+00 
     670  -7.655218e+00 -5.058424e+00 
     671  3.527484e+00 -9.429853e+00 
     672  -2.189832e+01 -1.084677e+01 
     673  3.390030e-01 -7.241576e+00 
     674  9.854939e+00 -2.042778e+01 
     675  1.008845e+01 -2.233225e+01 
     676  -1.209914e+01 -5.336111e+00 
     677  -3.833789e+00 -5.549036e+00 
     678  9.684179e+00 -1.946018e+01 
     679  9.967396e+00 -2.076704e+01 
     680  5.162195e+00 -1.082678e+01 
     681  -2.237331e+01 -1.115504e+01 
     682  7.878098e+00 -1.441240e+01 
     683  1.011607e+01 -2.121507e+01 
     684  9.990626e+00 -2.015885e+01 
     685  -2.157226e-01 -6.700605e+00 
     686  -2.109455e+01 -9.710322e+00 
     687  1.029800e+01 -2.278050e+01 
     688  -2.056869e+01 -9.235186e+00 
     689  -8.569212e+00 -4.745008e+00 
     690  -1.722717e+01 -6.928648e+00 
     691  9.777496e+00 -1.884187e+01 
     692  -2.159567e+01 -1.006000e+01 
     693  1.030997e+01 -2.167504e+01 
     694  3.012901e+00 -8.565673e+00 
     695  -5.000000e+00 -5.000000e+00 
     696  1.417427e+00 -7.458076e+00 
     697  -8.752842e-01 -6.212189e+00 
     698  8.584149e+00 -1.531168e+01 
     699  1.026831e+01 -2.052565e+01 
     700  6.343437e+00 -1.164966e+01 
     701  -2.210162e+01 -1.038774e+01 
     702  1.019850e+01 -1.977223e+01 
     703  -2.009216e+01 -8.514684e+00 
     704  1.052712e+01 -2.212392e+01 
     705  9.053335e+00 -1.602849e+01 
     706  -5.574370e+00 -4.710405e+00 
     707  -1.623387e+00 -5.750355e+00 
     708  -1.329817e+01 -5.118428e+00 
     709  1.050048e+01 -2.097725e+01 
     710  -2.259310e+01 -1.070290e+01 
     711  -9.567980e+00 -4.443647e+00 
     712  9.484319e+00 -1.679401e+01 
     713  -1.916991e+01 -7.668277e+00 
     714  4.676255e+00 -9.526508e+00 
     715  9.118978e-01 -6.771406e+00 
     716  -2.436700e+00 -5.287728e+00 
     717  9.960036e+00 -1.800460e+01 
     718  1.075399e+01 -2.256882e+01 
     719  -2.144406e+01 -9.340143e+00 
     720  2.571957e+00 -7.716672e+00 
     721  1.072769e+01 -2.144480e+01 
     722  1.056415e+01 -2.022519e+01 
     723  -1.826143e+01 -6.926055e+00 
     724  -2.183865e+01 -9.647011e+00 
     725  -6.332221e+00 -4.342810e+00 
     726  -1.978898e+01 -7.918202e+00 
     727  1.043195e+01 -1.934851e+01 
     728  -2.113366e+01 -8.875195e+00 
     729  4.215168e+00 -8.815965e+00 
     730  -3.322984e+00 -4.803594e+00 
     731  -2.231712e+01 -9.947062e+00 
     732  3.150862e-01 -6.172599e+00 
     733  1.096224e+01 -2.190464e+01 
     734  -1.059575e+01 -4.188584e+00 
     735  7.661101e+00 -1.253301e+01 
     736  1.087488e+01 -2.071516e+01 
     737  -2.280374e+01 -1.024643e+01 
     738  -2.170938e+01 -9.128043e+00 
     739  -7.196316e+00 -3.945423e+00 
     740  -3.592513e-01 -5.632360e+00 
     741  2.089902e+00 -6.935837e+00 
     742  -1.646067e+01 -5.592179e+00 
     743  1.120563e+01 -2.234802e+01 
     744  1.091491e+01 -1.988773e+01 
     745  -4.285714e+00 -4.285714e+00 
     746  -2.204561e+01 -9.286995e+00 
     747  9.696364e+00 -1.580588e+01 
     748  1.114073e+01 -2.120728e+01 
     749  -2.084560e+01 -8.177230e+00 
     750  3.728103e+00 -7.972557e+00 
     751  -1.474510e+01 -4.802689e+00 
     752  -2.015018e+01 -7.611757e+00 
     753  -2.166332e+01 -8.778317e+00 
     754  -1.954521e+01 -7.124036e+00 
     755  -1.097065e+00 -5.121461e+00 
     756  1.083690e+01 -1.889218e+01 
     757  -1.166537e+01 -3.969251e+00 
     758  -2.250966e+01 -9.518236e+00 
     759  9.525244e+00 -1.500004e+01 
     760  5.720233e+00 -9.561883e+00 
     761  1.139543e+01 -2.166841e+01 
     762  1.125930e+01 -2.041805e+01 
     763  1.536717e+00 -6.236705e+00 
     764  -8.117555e+00 -3.541983e+00 
     765  -5.001351e+00 -3.831799e+00 
     766  -1.890424e+00 -4.613690e+00 
     767  -2.300517e+01 -9.785822e+00 
     768  -1.894304e+01 -6.452866e+00 
     769  -2.216622e+01 -8.880779e+00 
     770  1.165274e+01 -2.211818e+01 
     771  1.132007e+01 -1.956844e+01 
     772  3.274500e+00 -7.135350e+00 
     773  1.155803e+01 -2.093155e+01 
     774  -2.166508e+01 -8.289937e+00 
     775  9.175163e+00 -1.362215e+01 
     776  9.103024e-01 -5.610890e+00 
     777  1.049696e+01 -1.636287e+01 
     778  7.060669e+00 -1.048980e+01 
     779  -1.275282e+01 -3.745113e+00 
     780  -2.711713e+00 -4.101273e+00 
     781  -2.046571e+01 -7.230843e+00 
     782  -1.780109e+01 -5.546198e+00 
     783  -2.269375e+01 -9.077891e+00 
     784  5.081718e+00 -8.357737e+00 
     785  -1.991772e+01 -6.763243e+00 
     786  -5.774502e+00 -3.365726e+00 
     787  1.182637e+01 -2.141977e+01 
     788  -2.110453e+01 -7.579482e+00 
     789  -9.078170e+00 -3.159497e+00 
     790  1.168937e+01 -2.013775e+01 
     791  2.322826e-01 -5.027933e+00 
     792  -2.319729e+01 -9.321254e+00 
     793  2.772236e+00 -6.360097e+00 
     794  -2.231730e+01 -8.428071e+00 
     795  -1.945564e+01 -6.222339e+00 
     796  -3.571429e+00 -3.571429e+00 
     797  1.126533e+01 -1.759703e+01 
     798  1.156625e+01 -1.867646e+01 
     799  1.209513e+01 -2.187939e+01 
     800  1.199094e+01 -2.066599e+01 
     801  -5.151962e-01 -4.489439e+00 
     802  4.510407e+00 -7.403877e+00 
     803  -2.183409e+01 -7.776128e+00 
     804  1.183910e+01 -1.935610e+01 
     805  -2.070695e+01 -6.853400e+00 
     806  -6.594870e+00 -2.906329e+00 
     807  -1.873222e+01 -5.529499e+00 
     808  -2.024912e+01 -6.479038e+00 
     809  -2.288154e+01 -8.621594e+00 
     810  -1.010139e+01 -2.818500e+00 
     811  1.064530e+01 -1.526044e+01 
     812  2.192693e+00 -5.655954e+00 
     813  8.394672e+00 -1.130144e+01 
     814  1.226031e+01 -2.115625e+01 
     815  -1.381433e+01 -3.395687e+00 
     816  -1.276206e+00 -3.956622e+00 
     817  -2.125352e+01 -7.096430e+00 
     818  -1.924261e+01 -5.672073e+00 
     819  1.213302e+01 -1.988007e+01 
     820  -4.321880e+00 -3.028993e+00 
     821  -2.338003e+01 -8.852917e+00 
     822  -2.244800e+01 -7.956616e+00 
     823  -2.085944e+01 -6.607289e+00 
     824  -1.989682e+01 -5.913827e+00 
     825  1.543999e+00 -5.017618e+00 
     826  1.253264e+01 -2.163176e+01 
     827  3.996154e+00 -6.542263e+00 
     828  1.135271e+01 -1.625599e+01 
     829  1.242709e+01 -2.039888e+01 
     830  -2.062017e+00 -3.416379e+00 
     831  1.224496e+01 -1.926908e+01 
     832  -2.192749e+01 -7.250723e+00 
     833  -1.119212e+01 -2.562910e+00 
     834  -7.491088e+00 -2.399276e+00 
     835  -2.064057e+01 -6.225009e+00 
     836  -2.303415e+01 -8.159088e+00 
     837  -2.129582e+01 -6.620384e+00 
     838  8.570089e-01 -4.414682e+00 
     839  1.229123e+01 -1.879799e+01 
     840  1.269562e+01 -2.090028e+01 
     841  6.746302e+00 -8.594751e+00 
     842  -1.665916e+01 -3.870499e+00 
     843  -5.107491e+00 -2.466426e+00 
     844  1.257650e+01 -1.962756e+01 
     845  -1.953996e+01 -5.264381e+00 
     846  -1.539759e+01 -3.304040e+00 
     847  3.469602e+00 -5.753926e+00 
     848  -2.355332e+01 -8.381000e+00 
     849  5.933524e+00 -7.653151e+00 
     850  -2.857143e+00 -2.857143e+00 
     851  -2.260646e+01 -7.463177e+00 
     852  1.193193e+01 -1.681734e+01 
     853  -2.034256e+01 -5.689550e+00 
     854  1.254737e-01 -3.851547e+00 
     855  1.234637e+01 -1.802670e+01 
     856  7.790620e+00 -9.424527e+00 
     857  -1.230131e+01 -2.377649e+00 
     858  1.296508e+01 -2.137538e+01 
     859  -2.111114e+01 -6.124159e+00 
     860  1.088450e+01 -1.401388e+01 
     861  -1.786782e+01 -4.164304e+00 
     862  -1.450397e+01 -2.856727e+00 
     863  1.160547e+01 -1.555470e+01 
     864  1.286888e+01 -2.014392e+01 
     865  9.865406e+00 -1.202055e+01 
     866  -8.434714e+00 -1.883364e+00 
     867  -2.319807e+01 -7.682051e+00 
     868  -2.199668e+01 -6.629858e+00 
     869  2.873576e+00 -5.041397e+00 
     870  5.288380e+00 -6.754676e+00 
     871  -6.209523e-01 -3.297291e+00 
     872  1.313076e+01 -2.064804e+01 
     873  -5.917576e+00 -1.914892e+00 
     874  -3.607248e+00 -2.246319e+00 
     875  -1.900926e+01 -4.428130e+00 
     876  -2.371708e+01 -7.905694e+00 
     877  1.298809e+01 -1.918215e+01 
     878  -2.091278e+01 -5.551432e+00 
     879  2.200363e+00 -4.400622e+00 
     880  -2.271171e+01 -6.940078e+00 
     881  -2.163973e+01 -6.058467e+00 
     882  -2.014124e+01 -4.987388e+00 
     883  -1.338029e+01 -2.138302e+00 
     884  1.339227e+01 -2.111035e+01 
     885  8.975733e+00 -1.013177e+01 
     886  -1.378964e+00 -2.724024e+00 
     887  4.734970e+00 -5.909182e+00 
     888  1.269988e+01 -1.730409e+01 
     889  1.329826e+01 -1.985446e+01 
     890  -2.332454e+01 -7.194766e+00 
     891  1.503491e+00 -3.785041e+00 
     892  1.237919e+01 -1.605565e+01 
     893  1.312906e+01 -1.840768e+01 
     894  -9.475230e+00 -1.369194e+00 
     895  -2.199202e+01 -5.943526e+00 
     896  1.355708e+01 -2.037793e+01 
     897  -2.235727e+01 -6.206854e+00 
     898  -2.149659e+01 -5.512526e+00 
     899  -4.374623e+00 -1.624628e+00 
     900  -6.776155e+00 -1.305763e+00 
     901  -2.142857e+00 -2.142857e+00 
     902  -2.387126e+01 -7.427191e+00 
     903  7.749782e-01 -3.207492e+00 
     904  1.202227e+01 -1.461335e+01 
     905  4.181812e+00 -5.121694e+00 
     906  -2.291916e+01 -6.472513e+00 
     907  -2.082692e+01 -4.869676e+00 
     908  1.381406e+01 -2.083679e+01 
     909  7.540832e+00 -7.739443e+00 
     910  1.361739e+01 -1.919745e+01 
     911  -1.440787e+01 -1.842631e+00 
     912  1.375895e+01 -1.969152e+01 
     913  6.774855e+00 -6.920707e+00 
     914  -2.200258e+01 -5.551646e+00 
     915  3.548514e+00 -4.419419e+00 
     916  4.652840e-02 -2.625548e+00 
     917  -2.348354e+01 -6.716770e+00 
     918  -1.999692e+01 -4.139980e+00 
     919  -1.068103e+01 -1.058865e+00 
     920  1.339700e+01 -1.768380e+01 
     921  1.308340e+01 -1.654785e+01 
     922  8.505804e+00 -8.485878e+00 
     923  1.397584e+01 -2.014108e+01 
     924  1.023509e+01 -1.066550e+01 
     925  6.087307e+00 -6.085718e+00 
     926  -2.252208e+01 -5.732778e+00 
     927  1.373555e+01 -1.864738e+01 
     928  -2.872900e+00 -1.508642e+00 
     929  -1.691782e+01 -2.444953e+00 
     930  -5.150730e+00 -1.021386e+00 
     931  -2.145482e+01 -4.874947e+00 
     932  -2.401578e+01 -6.945685e+00 
     933  2.864111e+00 -3.773013e+00 
     934  -1.192382e+01 -9.921021e-01 
     935  1.396978e+01 -1.920169e+01 
     936  -1.803042e+01 -2.819787e+00 
     937  1.285854e+01 -1.525613e+01 
     938  -6.888474e-01 -2.029426e+00 
     939  -2.306958e+01 -5.974380e+00 
     940  1.423025e+01 -2.055480e+01 
     941  -7.648960e+00 -6.450434e-01 
     942  1.164528e+01 -1.248137e+01 
     943  1.413922e+01 -1.950531e+01 
     944  -1.569113e+01 -1.777370e+00 
     945  2.155383e+00 -3.153897e+00 
     946  5.486420e+00 -5.260714e+00 
     947  -2.208175e+01 -4.993245e+00 
     948  -2.361969e+01 -6.223064e+00 
     949  9.530807e+00 -9.123906e+00 
     950  1.415273e+01 -1.890230e+01 
     951  -2.082742e+01 -4.088965e+00 
     952  -1.908225e+01 -3.055129e+00 
     953  1.437409e+01 -1.988000e+01 
     954  1.373424e+01 -1.696581e+01 
     955  1.402764e+01 -1.802951e+01 
     956  -1.308720e+01 -8.585339e-01 
     957  -3.605002e+00 -8.615023e-01 
     958  -1.428571e+00 -1.428571e+00 
     959  1.443841e+00 -2.552136e+00 
     960  -2.415058e+01 -6.461370e+00 
     961  -2.265889e+01 -5.198232e+00 
     962  1.350307e+01 -1.584494e+01 
     963  4.894020e+00 -4.483475e+00 
     964  1.445566e+01 -1.923252e+01 
     965  -5.938008e+00 -3.716747e-01 
     966  1.464069e+01 -2.026451e+01 
     967  -2.321929e+01 -5.457161e+00 
     968  1.274056e+01 -1.362870e+01 
     969  -2.154150e+01 -4.173455e+00 
     970  1.446128e+01 -1.847166e+01 
     971  7.274104e-01 -1.947063e+00 
     972  4.240734e+00 -3.775570e+00 
     973  -2.375073e+01 -5.718443e+00 
     974  -2.005138e+01 -3.095665e+00 
     975  1.474798e+01 -1.959510e+01 
     976  1.395765e+01 -1.630756e+01 
     977  1.055272e+01 -9.605428e+00 
     978  8.330635e+00 -6.971933e+00 
     979  7.537757e+00 -6.204516e+00 
     980  -2.136493e+00 -7.838883e-01 
     981  -2.221072e+01 -4.348155e+00 
     982  -1.418573e+01 -6.160218e-01 
     983  1.154649e+01 -1.090425e+01 
     984  -2.427563e+01 -5.974443e+00 
     985  3.540947e+00 -3.130341e+00 
     986  -4.344081e+00 -2.223889e-01 
     987  9.169757e+00 -7.676133e+00 
     988  1.480435e+01 -1.889168e+01 
     989  6.849177e+00 -5.407674e+00 
     990  1.350722e+01 -1.447718e+01 
     991  5.617118e-03 -1.339560e+00 
     992  1.504521e+01 -1.996601e+01 
     993  1.450676e+01 -1.728440e+01 
     994  -2.284875e+01 -4.603993e+00 
     995  -8.644278e+00 2.627466e-01 
     996  2.832179e+00 -2.504367e+00 
     997  -2.338520e+01 -4.931921e+00 
     998  -1.646091e+01 -1.055174e+00 
     999  -1.727229e+01 -1.344701e+00 
    1000  -2.094433e+01 -3.172749e+00 
    1001  -6.701186e+00 3.250012e-01 
    1002  1.486475e+01 -1.804468e+01 
    1003  1.512659e+01 -1.929017e+01 
    1004  6.236685e+00 -4.600855e+00 
    1005  1.006909e+01 -8.309418e+00 
    1006  -2.388829e+01 -5.219103e+00 
    1007  -1.825351e+01 -1.634061e+00 
    1008  1.410520e+01 -1.524366e+01 
    1009  -2.841760e+00 -1.388591e-01 
    1010  2.122886e+00 -1.889314e+00 
    1011  -7.142857e-01 -7.142857e-01 
    1012  -2.439085e+01 -5.485099e+00 
    1013  -2.170161e+01 -3.405783e+00 
    1014  1.518239e+01 -1.856115e+01 
    1015  -1.536838e+01 -4.032411e-01 
    1016  -1.170210e+01 4.040323e-01 
    1017  1.544364e+01 -1.965945e+01 
    1018  -5.085127e+00 4.299920e-01 
    1019  5.616421e+00 -3.830541e+00 
    1020  -1.923793e+01 -1.876934e+00 
    1021  1.153233e+01 -9.816526e+00 
    1022  1.463565e+01 -1.611194e+01 
    1023  -1.285896e+01 3.122906e-01 
    1024  -2.241181e+01 -3.668482e+00 
    1025  1.090122e+01 -8.804049e+00 
    1026  -1.015280e+01 7.305436e-01 
    1027  1.413655e+00 -1.271006e+00 
    1028  -2.358940e+01 -4.460859e+00 
    1029  1.550594e+01 -1.897317e+01 
    1030  4.940461e+00 -3.125795e+00 
    1031  -2.402440e+01 -4.749280e+00 
    1032  1.536009e+01 -1.781590e+01 
    1033  -1.413043e+00 -7.311596e-02 
    1034  -2.314654e+01 -3.954692e+00 
    1035  -2.019666e+01 -2.025334e+00 
    1036  -2.449622e+01 -4.993537e+00 
    1037  -3.550044e+00 5.069850e-01 
    1038  1.527866e+01 -1.722350e+01 
    1039  4.224673e+00 -2.478423e+00 
    1040  1.314445e+01 -1.178314e+01 
    1041  1.148989e+01 -9.145320e+00 
    1042  1.558149e+01 -1.827289e+01 
    1043  9.074193e+00 -6.267640e+00 
    1044  1.373752e+01 -1.286468e+01 
    1045  8.339027e+00 -5.505625e+00 
    1046  1.583584e+01 -1.934493e+01 
    1047  7.046665e-01 -6.465434e-01 
    1048  9.863697e+00 -6.975114e+00 
    1049  -7.368373e+00 1.132395e+00 
    1050  -2.381650e+01 -4.215084e+00 
    1051  1.427907e+01 -1.374587e+01 
    1052  -1.641774e+01 -1.217397e-01 
    1053  7.635680e+00 -4.725954e+00 
    1054  -1.394547e+01 5.948743e-01 
    1055  3.519612e+00 -1.844533e+00 
    1056  1.588120e+01 -1.867038e+01 
    1057  -2.414958e+01 -4.338067e+00 
    1058  1.276186e+01 -1.064185e+01 
    1059  -5.777176e+00 1.132170e+00 
    1060  1.571548e+01 -1.772253e+01 
    1061  -2.194661e+01 -2.689728e+00 
    1062  1.067458e+01 -7.633582e+00 
    1063  1.477487e+01 -1.454056e+01 
    1064  1.543584e+01 -1.644295e+01 
    1065  -2.102881e+00 5.660263e-01 
    1066  -2.371053e+01 -3.846326e+00 
    1067  -2.123851e+01 -2.140809e+00 
    1068  6.986249e+00 -3.942400e+00 
    1069  -2.459167e+01 -4.499957e+00 
    1070  -2.258835e+01 -2.965299e+00 
    1071  -8.500354e+00 1.437049e+00 
    1072  -1.745692e+01 -2.446163e-01 
    1073  1.592672e+01 -1.802334e+01 
    1074  2.810927e+00 -1.219165e+00 
    1075  0.000000e+00 0.000000e+00 
    1076  -4.259573e+00 1.156366e+00 
    1077  1.140282e+01 -8.241649e+00 
    1078  1.622162e+01 -1.902259e+01 
    1079  1.525310e+01 -1.525948e+01 
    1080  1.244893e+01 -9.616523e+00 
    1081  -2.319770e+01 -3.234223e+00 
    1082  -1.846885e+01 -5.259185e-01 
    1083  1.591504e+01 -1.729990e+01 
    1084  6.337623e+00 -3.180520e+00 
    1085  -2.418080e+01 -3.895487e+00 
    1086  -1.277905e+01 1.269829e+00 
    1087  1.203612e+01 -8.815385e+00 
    1088  1.624278e+01 -1.835816e+01 
    1089  -1.941903e+01 -8.125120e-01 
    1090  2.110579e+00 -5.820672e-01 
    1091  -1.517015e+01 8.339590e-01 
    1092  -1.187284e+01 1.565397e+00 
    1093  -2.373000e+01 -3.331118e+00 
    1094  5.650234e+00 -2.463219e+00 
    1095  1.624863e+01 -1.769331e+01 
    1096  -7.074242e-01 6.269383e-01 
    1097  -2.793838e+00 1.205937e+00 
    1098  -2.225798e+01 -2.247019e+00 
    1099  1.602370e+01 -1.667884e+01 
    1100  -2.467719e+01 -4.004556e+00 
    1101  -2.028217e+01 -1.018061e+00 
    1102  1.580536e+01 -1.575755e+01 
    1103  1.660085e+01 -1.869256e+01 
    1104  4.937539e+00 -1.807421e+00 
    1105  -6.395208e+00 1.907150e+00 
    1106  -9.105861e+00 1.987231e+00 
    1107  1.410644e+00 5.841607e-02 
    1108  1.633247e+01 -1.718259e+01 
    1109  -7.732819e+00 2.034682e+00 
    1110  -2.423273e+01 -3.413197e+00 
    1111  9.856476e+00 -5.604866e+00 
    1112  -2.332591e+01 -2.685782e+00 
    1113  1.659258e+01 -1.802932e+01 
    1114  -4.927184e+00 1.866537e+00 
    1115  1.061113e+01 -6.360791e+00 
    1116  -2.283846e+01 -2.312930e+00 
    1117  -2.201498e+01 -1.760735e+00 
    1118  9.150718e+00 -4.814505e+00 
    1119  4.218056e+00 -1.170320e+00 
    1120  1.133442e+01 -7.062635e+00 
    1121  1.511836e+01 -1.312898e+01 
    1122  1.659118e+01 -1.741303e+01 
    1123  -1.390926e+00 1.258694e+00 
    1124  1.548247e+01 -1.392736e+01 
    1125  -2.378895e+01 -2.832247e+00 
    1126  -2.113790e+01 -1.104966e+00 
    1127  1.473959e+01 -1.222541e+01 
    1128  8.438483e+00 -4.026811e+00 
    1129  1.649118e+01 -1.683483e+01 
    1130  -1.071034e+01 2.175351e+00 
    1131  -2.475272e+01 -3.507536e+00 
    1132  1.199935e+01 -7.713578e+00 
    1133  1.633458e+01 -1.612293e+01 
    1134  -3.480226e+00 1.864012e+00 
    1135  1.587520e+01 -1.463894e+01 
    1136  7.142857e-01 7.142857e-01 
    1137  3.510568e+00 -5.303652e-01 
    1138  1.697336e+01 -1.835497e+01 
    1139  1.380209e+01 -1.019126e+01 
    1140  7.759574e+00 -3.250485e+00 
    1141  -2.351922e+01 -2.374141e+00 
    1142  -1.638473e+01 1.216072e+00 
    1143  -2.428408e+01 -2.922183e+00 
    1144  1.440558e+01 -1.109981e+01 
    1145  -1.359832e+01 1.987370e+00 
    1146  1.694787e+01 -1.770073e+01 
    1147  1.273235e+01 -8.306794e+00 
    1148  1.627947e+01 -1.519684e+01 
    1149  1.337346e+01 -9.214808e+00 
    1150  -2.267340e+01 -1.635683e+00 
    1151  -1.764375e+01 9.223639e-01 
    1152  7.082262e+00 -2.498491e+00 
    1153  1.689608e+01 -1.707514e+01 
    1154  -2.387208e+01 -2.401382e+00 
    1155  -2.335967e+01 -2.035257e+00 
    1156  2.812495e+00 1.163479e-01 
    1157  -2.067842e+00 1.888866e+00 
    1158  1.679046e+01 -1.641443e+01 
    1159  -1.873107e+01 5.787463e-01 
    1160  -2.189004e+01 -1.019428e+00 
    1161  -3.491540e-03 1.323280e+00 
    1162  -2.481825e+01 -3.009098e+00 
    1163  -1.493481e+01 1.929898e+00 
    1164  -1.968221e+01 2.180330e-01 
    1165  -2.039577e+01 -1.317987e-01 
    1166  6.380224e+00 -1.787039e+00 
    1167  -6.876423e+00 2.735176e+00 
    1168  -5.527477e+00 2.622087e+00 
    1169  -8.197722e+00 2.812385e+00 
    1170  1.733902e+01 -1.800996e+01 
    1171  1.671882e+01 -1.564089e+01 
    1172  -2.434779e+01 -2.445342e+00 
    1173  -1.235471e+01 2.612920e+00 
    1174  -4.129079e+00 2.556784e+00 
    1175  1.728661e+01 -1.735288e+01 
    1176  5.657195e+00 -1.117720e+00 
    1177  -9.598955e+00 2.930058e+00 
    1178  2.119768e+00 7.726918e-01 
    1179  1.250499e+01 -7.284217e+00 
    1180  -2.385207e+01 -1.959551e+00 
    1181  -1.578053e+01 1.954319e+00 
    1182  -2.114089e+01 -2.415658e-01 
    1183  1.721536e+01 -1.669984e+01 
    1184  -2.327015e+01 -1.512959e+00 
    1185  1.205420e+01 -6.607508e+00 
    1186  1.141717e+01 -5.813587e+00 
    1187  1.648577e+01 -1.417208e+01 
    1188  -6.968818e-01 1.943224e+00 
    1189  1.621987e+01 -1.346190e+01 
    1190  -2.258133e+01 -9.611132e-01 
    1191  4.929318e+00 -4.671102e-01 
    1192  1.714249e+01 -1.600181e+01 
    1193  1.071277e+01 -4.967913e+00 
    1194  -2.738414e+00 2.536961e+00 
    1195  -2.487374e+01 -2.509443e+00 
    1196  1.479355e+01 -1.036074e+01 
    1197  1.596943e+01 -1.266683e+01 
    1198  1.681019e+01 -1.476691e+01 
    1199  9.968887e+00 -4.120720e+00 
    1200  1.769765e+01 -1.765766e+01 
    1201  -2.437925e+01 -1.966019e+00 
    1202  1.568768e+01 -1.178610e+01 
    1203  1.458792e+01 -9.745005e+00 
    1204  1.428571e+00 1.428571e+00 
    1205  9.250197e+00 -3.306414e+00 
    1206  -2.185796e+01 -2.582681e-01 
    1207  1.763427e+01 -1.699298e+01 
    1208  4.214503e+00 1.809543e-01 
    1209  1.715233e+01 -1.524123e+01 
    1210  -2.383473e+01 -1.462945e+00 
    1211  -2.057790e+01 5.425206e-01 
    1212  1.756411e+01 -1.632825e+01 
    1213  1.544228e+01 -1.093079e+01 
    1214  8.538818e+00 -2.533854e+00 
    1215  -2.322580e+01 -9.223425e-01 
    1216  -1.377374e+00 2.557089e+00 
    1217  -6.034686e+00 3.427450e+00 
    1218  -4.715309e+00 3.300871e+00 
    1219  -2.491917e+01 -2.008773e+00 
    1220  -7.323341e+00 3.556648e+00 
    1221  1.346142e+01 -7.531565e+00 
    1222  1.752416e+01 -1.563428e+01 
    1223  3.515789e+00 8.298347e-01 
    1224  6.984782e-01 2.020292e+00 
    1225  7.822351e+00 -1.789900e+00 
    1226  -1.121678e+01 3.475407e+00 
    1227  1.804914e+01 -1.729823e+01 
    1228  -8.658073e+00 3.676124e+00 
    1229  1.440108e+01 -8.722140e+00 
    1230  -2.257277e+01 -2.711923e-01 
    1231  -3.377382e+00 3.216925e+00 
    1232  -2.439553e+01 -1.468802e+00 
    1233  -2.119261e+01 5.264033e-01 
    1234  1.538715e+01 -1.023741e+01 
    1235  1.798108e+01 -1.663591e+01 
    1236  1.732318e+01 -1.445749e+01 
    1237  7.108836e+00 -1.078657e+00 
    1238  -1.688394e+01 2.452118e+00 
    1239  -1.602205e+01 2.716987e+00 
    1240  1.713424e+01 -1.387218e+01 
    1241  -2.383158e+01 -9.201291e-01 
    1242  -1.799052e+01 2.112270e+00 
    1243  -1.515268e+01 3.007369e+00 
    1244  1.757636e+01 -1.492844e+01 
    1245  1.791763e+01 -1.597229e+01 
    1246  -2.018295e+01 1.237696e+00 
    1247  -1.911042e+01 1.725439e+00 
    1248  2.827364e+00 1.487432e+00 
    1249  1.697421e+01 -1.313758e+01 
    1250  1.527128e+01 -9.678702e+00 
    1251  -9.842325e-03 2.610734e+00 
    1252  6.379173e+00 -3.995892e-01 
    1253  -2.027996e+00 3.188562e+00 
    1254  1.300534e+01 -6.313926e+00 
    1255  -1.001624e+01 3.937770e+00 
    1256  -2.495452e+01 -1.507291e+00 
    1257  -2.324957e+01 -3.072624e-01 
    1258  -2.191947e+01 4.985415e-01 
    1259  1.789635e+01 -1.530780e+01 
    1260  1.232254e+01 -5.326771e+00 
    1261  -1.277907e+01 3.737927e+00 
    1262  -1.397755e+01 3.529330e+00 
    1263  1.839332e+01 -1.693180e+01 
    1264  5.644422e+00 2.666799e-01 
    1265  -2.441488e+01 -9.516387e-01 
    1266  1.685183e+01 -1.229036e+01 
    1267  1.832146e+01 -1.627398e+01 
    1268  2.142857e+00 2.142857e+00 
    1269  1.656221e+01 -1.143261e+01 
    1270  -1.196952e+01 4.021978e+00 
    1271  -5.204437e+00 4.098714e+00 
    1272  -2.385848e+01 -3.800499e-01 
    1273  1.170441e+01 -4.336142e+00 
    1274  1.796235e+01 -1.470932e+01 
    1275  1.535188e+01 -9.080836e+00 
    1276  1.781695e+01 -1.428158e+01 
    1277  -6.991202e-01 3.207484e+00 
    1278  1.826062e+01 -1.562877e+01 
    1279  -3.938917e+00 3.952561e+00 
    1280  -6.479282e+00 4.256519e+00 
    1281  4.921583e+00 9.230259e-01 
    1282  1.627367e+01 -1.062649e+01 
    1283  -2.267655e+01 4.306335e-01 
    1284  1.575816e+01 -9.651558e+00 
    1285  -2.116639e+01 1.311729e+00 
    1286  1.600443e+01 -1.000049e+01 
    1287  -7.761366e+00 4.397917e+00 
    1288  -2.497978e+01 -1.005199e+00 
    1289  1.775381e+01 -1.372157e+01 
    1290  1.095591e+01 -3.362769e+00 
    1291  1.823228e+01 -1.502959e+01 
    1292  -2.643511e+00 3.851274e+00 
    1293  1.008089e+01 -2.534652e+00 
    1294  1.384416e+00 2.707967e+00 
    1295  1.873007e+01 -1.655852e+01 
    1296  9.308011e+00 -1.767213e+00 
    1297  -2.443009e+01 -4.392886e-01 
    1298  -1.624055e+01 3.461994e+00 
    1299  -9.074249e+00 4.564138e+00 
    1300  4.219249e+00 1.579424e+00 
    1301  1.865124e+01 -1.591543e+01 
    1302  -2.337264e+01 3.157344e-01 
    1303  1.824400e+01 -1.456667e+01 
    1304  8.559533e+00 -1.035433e+00 
    1305  1.594929e+01 -9.300332e+00 
    1306  1.775782e+01 -1.298893e+01 
    1307  1.857575e+01 -1.530235e+01 
    1308  -1.343814e+00 3.814004e+00 
    1309  1.826461e+01 -1.425222e+01 
    1310  -2.202218e+01 1.271435e+00 
    1311  1.521969e+01 -8.025570e+00 
    1312  -2.392266e+01 1.464806e-01 
    1313  6.581545e-01 3.271937e+00 
    1314  7.831914e+00 -3.328766e-01 
    1315  1.850505e+01 -1.473846e+01 
    1316  -1.559653e+01 3.903797e+00 
    1317  -2.499495e+01 -5.027014e-01 
    1318  1.466922e+01 -7.043098e+00 
    1319  3.532210e+00 2.214955e+00 
    1320  1.573074e+01 -8.601963e+00 
    1321  1.905924e+01 -1.617854e+01 
    1322  -1.109073e+01 4.831665e+00 
    1323  1.833105e+01 -1.375712e+01 
    1324  7.098718e+00 3.567697e-01 
    1325  1.606415e+01 -8.935130e+00 
    1326  -2.445049e+01 6.627236e-02 
    1327  1.896604e+01 -1.555058e+01 
    1328  -1.358706e+01 4.548229e+00 
    1329  -4.415550e+00 4.740380e+00 
    1330  -1.024209e+01 4.968553e+00 
    1331  -3.190300e+00 4.566092e+00 
    1332  -2.045473e+01 2.406439e+00 
    1333  -5.652205e+00 4.926157e+00 
    1334  -2.284131e+01 1.179450e+00 
    1335  1.886132e+01 -1.495512e+01 
    1336  1.868603e+01 -1.438337e+01 
    1337  -3.428124e-02 3.834177e+00 
    1338  1.655415e+01 -9.538734e+00 
    1339  -1.829328e+01 3.364398e+00 
    1340  -1.281451e+01 4.787480e+00 
    1341  -1.702426e+01 3.819752e+00 
    1342  -6.907427e+00 5.097607e+00 
    1343  -1.192401e+01 4.925592e+00 
    1344  -2.401246e+01 5.501852e-01 
    1345  6.357530e+00 1.041172e+00 
    1346  1.700311e+01 -1.024997e+01 
    1347  1.333591e+01 -4.834245e+00 
    1348  2.857143e+00 2.857143e+00 
    1349  -1.942889e+00 4.453833e+00 
    1350  1.743566e+01 -1.102751e+01 
    1351  1.791462e+01 -1.199120e+01 
    1352  -1.953526e+01 3.008359e+00 
    1353  -1.472565e+01 4.541133e+00 
    1354  -2.500000e+01 7.157110e-09 
    1355  -2.132222e+01 2.199434e+00 
    1356  -8.203025e+00 5.250061e+00 
    1357  1.425820e+01 -5.774357e+00 
    1358  1.846411e+01 -1.314523e+01 
    1359  -2.366125e+01 9.648127e-01 
    1360  1.938071e+01 -1.579203e+01 
    1361  5.626179e+00 1.711637e+00 
    1362  2.069690e+00 3.395733e+00 
    1363  1.649007e+01 -8.892685e+00 
    1364  -2.445347e+01 5.392621e-01 
    1365  1.926427e+01 -1.517978e+01 
    1366  1.886088e+01 -1.391922e+01 
    1367  1.911112e+01 -1.457759e+01 
    1368  -6.887874e-01 4.411648e+00 
    1369  1.628723e+01 -8.366316e+00 
    1370  -9.474024e+00 5.497774e+00 
    1371  -2.216154e+01 2.096019e+00 
    1372  4.910421e+00 2.361782e+00 
    1373  1.311125e+00 3.923397e+00 
    1374  1.603748e+01 -7.701104e+00 
    1375  1.294963e+01 -3.675411e+00 
    1376  1.005285e+01 -9.517468e-01 
    1377  -2.499495e+01 5.027014e-01 
    1378  1.091487e+01 -1.672918e+00 
    1379  9.275855e+00 -2.517410e-01 
    1380  -3.651820e+00 5.338217e+00 
    1381  -2.436030e+01 1.028477e+00 
    1382  1.969434e+01 -1.539913e+01 
    1383  -1.613659e+01 4.719858e+00 
    1384  -2.470434e+00 5.143486e+00 
    1385  1.907432e+01 -1.339954e+01 
    1386  -4.834940e+00 5.565880e+00 
    1387  1.955492e+01 -1.478480e+01 
    1388  1.935958e+01 -1.413757e+01 
    1389  -1.037718e+01 5.749822e+00 
    1390  4.224303e+00 2.965125e+00 
    1391  1.877354e+01 -1.244598e+01 
    1392  1.575129e+01 -6.843402e+00 
    1393  5.926281e-01 4.445638e+00 
    1394  -6.071924e+00 5.770699e+00 
    1395  1.206947e+01 -2.459562e+00 
    1396  8.548524e+00 4.780682e-01 
    1397  -2.022962e+01 3.417429e+00 
    1398  -2.080954e+01 3.163877e+00 
    1399  1.401472e+01 -4.499287e+00 
    1400  -1.277779e+00 5.017330e+00 
    1401  -2.303906e+01 2.022218e+00 
    1402  1.730237e+01 -9.237063e+00 
    1403  1.702874e+01 -8.725749e+00 
    1404  -1.396581e+01 5.421825e+00 
    1405  -7.346612e+00 5.939348e+00 
    1406  -2.373109e+01 1.690266e+00 
    1407  1.773120e+01 -9.812760e+00 
    1408  -2.153346e+01 2.961794e+00 
    1409  1.685193e+01 -8.217889e+00 
    1410  7.811833e+00 1.186828e+00 
    1411  -2.497978e+01 1.005199e+00 
    1412  -1.098004e+01 5.957108e+00 
    1413  3.571429e+00 3.571429e+00 
    1414  -8.670363e+00 6.134603e+00 
    1415  2.000000e+01 -1.500000e+01 
    1416  1.823103e+01 -1.047439e+01 
    1417  -7.384715e-02 4.977761e+00 
    1418  1.983260e+01 -1.437040e+01 
    1419  1.962185e+01 -1.367345e+01 
    1420  -2.435643e+01 1.584373e+00 
    1421  7.065645e+00 1.868201e+00 
    1422  1.469642e+01 -4.801056e+00 
    1423  -2.227785e+01 2.826781e+00 
    1424  2.729928e+00 4.082018e+00 
    1425  1.938092e+01 -1.284581e+01 
    1426  -1.531179e+01 5.480016e+00 
    1427  1.558716e+01 -5.856295e+00 
    1428  1.401183e+01 -3.862561e+00 
    1429  1.875426e+01 -1.120322e+01 
    1430  -1.858861e+01 4.549979e+00 
    1431  -2.345634e+01 2.298278e+00 
    1432  -1.955784e+01 4.209233e+00 
    1433  1.722719e+01 -8.199860e+00 
    1434  -9.893950e+00 6.351700e+00 
    1435  1.689173e+01 -7.569128e+00 
    1436  -2.901524e+00 5.892717e+00 
    1437  1.746270e+01 -8.489487e+00 
    1438  1.926121e+00 4.568688e+00 
    1439  -1.783823e+00 5.674000e+00 
    1440  -1.301123e+01 6.077520e+00 
    1441  -2.386762e+01 2.189661e+00 
    1442  -2.495452e+01 1.507291e+00 
    1443  -1.188536e+01 6.267338e+00 
    1444  6.332773e+00 2.580919e+00 
    1445  -4.038136e+00 6.163937e+00 
    1446  -2.299244e+01 2.736395e+00 
    1447  -2.034407e+01 4.080051e+00 
    1448  -1.754871e+01 5.138062e+00 
    1449  2.029758e+01 -1.459481e+01 
    1450  -6.505102e-01 5.535114e+00 
    1451  1.784953e+01 -8.858087e+00 
    1452  2.010890e+01 -1.393500e+01 
    1453  -5.226227e+00 6.424550e+00 
    1454  1.179031e+00 5.042566e+00 
    1455  -2.103125e+01 3.863224e+00 
    1456  1.935572e+01 -1.180652e+01 
    1457  1.990574e+01 -1.319119e+01 
    1458  1.736695e+01 -7.892204e+00 
    1459  -2.438213e+01 2.092844e+00 
    1460  5.572248e+00 3.204762e+00 
    1461  -6.504601e+00 6.613568e+00 
    1462  -2.346236e+01 2.682953e+00 
    1463  1.670031e+01 -6.738964e+00 
    1464  1.072432e+01 -1.066775e-01 
    1465  -2.172423e+01 3.657082e+00 
    1466  1.318494e+01 -2.301841e+00 
    1467  9.983826e+00 5.619124e-01 
    1468  -7.827884e+00 6.793542e+00 
    1469  1.836627e+01 -9.302533e+00 
    1470  1.380658e+01 -2.850996e+00 
    1471  4.884780e+00 3.765764e+00 
    1472  1.980844e+01 -1.233935e+01 
    1473  -1.656661e+01 5.739255e+00 
    1474  1.161631e+01 -7.044949e-01 
    1475  -2.389275e+01 2.633549e+00 
    1476  5.030679e-01 5.515314e+00 
    1477  1.777476e+01 -8.135295e+00 
    1478  -2.491917e+01 2.008773e+00 
    1479  1.427644e+01 -3.278482e+00 
    1480  -2.242393e+01 3.497448e+00 
    1481  1.489827e+01 -3.948175e+00 
    1482  1.571169e+01 -4.923430e+00 
    1483  2.058695e+01 -1.418371e+01 
    1484  9.274493e+00 1.310062e+00 
    1485  2.039368e+01 -1.349440e+01 
    1486  1.763836e+01 -7.642110e+00 
    1487  -2.350311e+01 3.045319e+00 
    1488  -1.118743e+00 6.141137e+00 
    1489  -2.164712e+00 6.388444e+00 
    1490  4.285714e+00 4.285714e+00 
    1491  -2.436769e+01 2.579757e+00 
    1492  -9.154931e+00 7.055889e+00 
    1493  -1.581572e+01 6.176607e+00 
    1494  1.753868e+01 -7.288128e+00 
    1495  2.024219e+01 -1.274184e+01 
    1496  1.896889e+01 -9.825265e+00 
    1497  1.662746e+01 -5.883992e+00 
    1498  1.260816e+01 -1.244059e+00 
    1499  3.347100e+00 4.768759e+00 
    1500  -2.315886e+01 3.359156e+00 
    1501  -1.453932e+01 6.520418e+00 
    1502  -3.225107e+00 6.695360e+00 
    1503  1.826677e+01 -8.403266e+00 
    1504  -5.232353e-02 6.002311e+00 
    1505  -1.056967e+01 7.103314e+00 
    1506  8.535185e+00 2.072400e+00 
    1507  -2.386737e+01 3.064235e+00 
    1508  2.477350e+00 5.220348e+00 
    1509  -2.487374e+01 2.509443e+00 
    1510  1.800946e+01 -7.745997e+00 
    1511  1.951969e+01 -1.051437e+01 
    1512  -4.372030e+00 7.039532e+00 
    1513  -2.054886e+01 4.863466e+00 
    1514  1.694115e+00 5.638374e+00 
    1515  -1.976341e+01 5.198541e+00 
    1516  2.086799e+01 -1.376688e+01 
    1517  -2.126960e+01 4.567711e+00 
    1518  7.763503e+00 2.779054e+00 
    1519  -2.190826e+01 4.290393e+00 
    1520  2.068071e+01 -1.305768e+01 
    1521  1.751298e+01 -6.656358e+00 
    1522  -5.622457e+00 7.300304e+00 
    1523  -2.432512e+01 3.047167e+00 
    1524  -1.890747e+01 5.610879e+00 
    1525  -2.251366e+01 4.109847e+00 
    1526  -6.963817e+00 7.465348e+00 
    1527  2.035128e+01 -1.192723e+01 
    1528  1.011261e+00 6.033010e+00 
    1529  -2.373704e+01 3.491943e+00 
    1530  1.501091e+01 -3.121890e+00 
    1531  1.888733e+01 -8.695492e+00 
    1532  -5.036226e-01 6.531990e+00 
    1533  2.061216e+01 -1.236759e+01 
    1534  -1.461507e+00 6.808370e+00 
    1535  1.814225e+01 -7.286555e+00 
    1536  2.016632e+01 -1.119075e+01 
    1537  1.587328e+01 -4.022987e+00 
    1538  1.369340e+01 -1.580585e+00 
    1539  1.855060e+01 -7.902974e+00 
    1540  -2.481825e+01 3.009098e+00 
    1541  -2.311449e+01 4.008612e+00 
    1542  1.669684e+01 -5.002798e+00 
    1543  -8.309064e+00 7.706408e+00 
    1544  4.481491e-01 6.430598e+00 
    1545  -2.448147e+00 7.156688e+00 
    1546  2.114060e+01 -1.334448e+01 
    1547  7.075894e+00 3.633451e+00 
    1548  6.160132e+00 4.138520e+00 
    1549  1.137688e+01 7.251282e-01 
    1550  -2.424874e+01 3.520521e+00 
    1551  2.096666e+01 -1.265139e+01 
    1552  1.067722e+01 1.355380e+00 
    1553  5.456855e+00 4.607455e+00 
    1554  1.754162e+01 -5.914505e+00 
    1555  2.088853e+01 -1.214989e+01 
    1556  1.221788e+01 2.056742e-01 
    1557  -2.209278e+01 4.819277e+00 
    1558  -2.365840e+01 4.011837e+00 
    1559  -3.505667e+00 7.552442e+00 
    1560  -1.800267e+01 6.473884e+00 
    1561  -2.258470e+01 4.626870e+00 
    1562  3.856136e+00 5.497452e+00 
    1563  4.334771e-02 6.840137e+00 
    1564  5.000000e+00 5.000000e+00 
    1565  2.925123e+00 5.902270e+00 
    1566  1.827714e+01 -6.708267e+00 
    1567  -1.676543e+01 6.922494e+00 
    1568  1.480441e+01 -2.149173e+00 
    1569  2.089196e+01 -1.181183e+01 
    1570  -2.475272e+01 3.507536e+00 
    1571  2.108820e+00 6.257573e+00 
    1572  -7.939276e-01 7.131849e+00 
    1573  1.875245e+01 -7.401635e+00 
    1574  -9.730901e+00 8.058742e+00 
    1575  1.003118e+01 2.155996e+00 
    1576  1.915815e+01 -8.049989e+00 
    1577  -2.159543e+01 5.267377e+00 
    1578  -2.308733e+01 4.540445e+00 
    1579  -1.927520e+01 6.221111e+00 
    1580  2.140465e+01 -1.291669e+01 
    1581  1.393711e+00 6.574863e+00 
    1582  1.971703e+01 -8.997334e+00 
    1583  -2.083799e+01 5.628706e+00 
    1584  2.121449e+01 -1.228752e+01 
    1585  -1.554435e+01 7.371962e+00 
    1586  -2.417091e+01 4.013393e+00 
    1587  -4.707935e+00 7.979125e+00 
    1588  2.017910e+01 -9.813060e+00 
    1589  8.050476e-01 6.849284e+00 
    1590  -1.338704e+01 7.862537e+00 
    1591  1.319938e+01 -2.380810e-01 
    1592  -1.703087e+00 7.537451e+00 
    1593  -6.069314e+00 8.173440e+00 
    1594  -2.228272e+01 5.092466e+00 
    1595  -1.164429e+01 8.118401e+00 
    1596  4.106477e-01 7.044794e+00 
    1597  2.094948e+01 -1.128701e+01 
    1598  1.605364e+01 -3.112653e+00 
    1599  -2.359451e+01 4.518935e+00 
    1600  1.684807e+01 -4.100244e+00 
    1601  -7.415920e+00 8.343417e+00 
    1602  -2.004552e+01 6.174549e+00 
    1603  8.378646e+00 3.574436e+00 
    1604  -2.262123e+01 5.042412e+00 
    1605  1.761867e+01 -5.096079e+00 
    1606  2.065595e+01 -1.039694e+01 
    1607  7.818233e+00 3.955262e+00 
    1608  -2.467719e+01 4.004556e+00 
    1609  -1.625531e-01 7.351754e+00 
    1610  1.926770e+01 -7.550890e+00 
    1611  2.137857e+01 -1.188319e+01 
    1612  -2.213532e+01 5.421350e+00 
    1613  -2.677235e+00 7.994289e+00 
    1614  9.307446e+00 3.165812e+00 
    1615  2.166006e+01 -1.248367e+01 
    1616  1.840763e+01 -6.000470e+00 
    1617  -2.305564e+01 5.007365e+00 
    1618  -2.409295e+01 4.508924e+00 
    1619  1.904927e+01 -6.866122e+00 
    1620  -9.679558e-01 7.803570e+00 
    1621  3.982837e-01 7.447310e+00 
    1622  -1.892158e+01 6.949482e+00 
    1623  -2.256188e+01 5.442948e+00 
    1624  1.423131e+01 -6.075620e-01 
    1625  -8.783268e+00 8.715540e+00 
    1626  -2.352283e+01 4.997250e+00 
    1627  1.987657e+01 -8.032420e+00 
    1628  -2.167058e+01 5.912174e+00 
    1629  9.808672e-01 7.357906e+00 
    1630  1.203045e+01 1.473650e+00 
    1631  1.650356e+00 7.171506e+00 
    1632  2.123687e+01 -1.070437e+01 
    1633  2.404555e+00 6.929488e+00 
    1634  2.156172e+01 -1.142746e+01 
    1635  -3.748297e+00 8.480588e+00 
    1636  -2.459167e+01 4.499957e+00 
    1637  3.222339e+00 6.654179e+00 
    1638  -2.118224e+01 6.211905e+00 
    1639  1.139403e+01 2.045698e+00 
    1640  6.495469e+00 5.198319e+00 
    1641  5.765949e+00 5.579923e+00 
    1642  4.124389e+00 6.330658e+00 
    1643  -2.299569e+01 5.442281e+00 
    1644  7.294625e+00 4.838403e+00 
    1645  2.190670e+01 -1.204560e+01 
    1646  -2.212773e+01 5.884865e+00 
    1647  5.101841e+00 5.967487e+00 
    1648  -6.557237e+00 8.901532e+00 
    1649  -2.400632e+01 4.994595e+00 
    1650  2.080081e+01 -9.323203e+00 
    1651  1.283423e+01 1.048248e+00 
    1652  -1.864216e+00 8.321369e+00 
    1653  1.614304e+01 -2.191869e+00 
    1654  -2.786068e-01 7.980401e+00 
    1655  1.778428e+01 -4.216615e+00 
    1656  2.111482e+01 -9.837745e+00 
    1657  -2.252659e+01 5.842584e+00 
    1658  1.853675e+01 -5.225571e+00 
    1659  1.706388e+01 -3.183451e+00 
    1660  -2.068843e+01 6.709741e+00 
    1661  -2.344446e+01 5.455256e+00 
    1662  2.063387e+01 -8.658530e+00 
    1663  1.983214e+01 -7.179840e+00 
    1664  8.001518e+00 4.690171e+00 
    1665  1.087130e+01 2.827733e+00 
    1666  -2.179701e+01 6.287022e+00 
    1667  -1.971742e+01 7.155053e+00 
    1668  1.927502e+01 -6.153537e+00 
    1669  8.625404e+00 4.397618e+00 
    1670  -2.449622e+01 4.993537e+00 
    1671  -5.115643e+00 9.045757e+00 
    1672  2.180116e+01 -1.093854e+01 
    1673  1.533059e+01 -9.933951e-01 
    1674  -2.292078e+01 5.863556e+00 
    1675  3.902091e-01 8.040625e+00 
    1676  9.191315e+00 4.113903e+00 
    1677  -1.693537e+01 8.135498e+00 
    1678  2.154088e+01 -1.019501e+01 
    1679  2.214448e+01 -1.160267e+01 
    1680  -1.789787e+01 7.899912e+00 
    1681  -1.460373e+01 8.710874e+00 
    1682  -2.251497e+01 6.149184e+00 
    1683  -2.153195e+01 6.597000e+00 
    1684  1.376630e+01 6.890571e-01 
    1685  -2.391323e+01 5.472098e+00 
    1686  -7.822405e+00 9.349846e+00 
    1687  -2.838195e+00 8.887358e+00 
    1688  -2.220406e+01 6.350352e+00 
    1689  1.079721e+00 7.983792e+00 
    1690  -1.096202e+00 8.564578e+00 
    1691  -1.035826e+01 9.391800e+00 
    1692  -5.861323e+00 9.350209e+00 
    1693  -2.335180e+01 5.902232e+00 
    1694  1.814508e+00 7.849648e+00 
    1695  -1.603261e+01 8.623118e+00 
    1696  2.070425e+01 -7.915770e+00 
    1697  -2.282434e+01 6.243155e+00 
    1698  2.150564e+01 -9.458591e+00 
    1699  2.599228e+00 7.668992e+00 
    1700  -2.439085e+01 5.485099e+00 
    1701  2.135170e+01 -9.044021e+00 
    1702  -1.874930e+01 7.975765e+00 
    1703  -2.122136e+01 7.060821e+00 
    1704  2.205151e+01 -1.047134e+01 
    1705  -2.039987e+01 7.410432e+00 
    1706  1.202895e+01 2.589088e+00 
    1707  3.435289e+00 7.454300e+00 
    1708  1.260275e+01 2.135813e+00 
    1709  2.237331e+01 -1.115504e+01 
    1710  1.869810e+01 -4.372521e+00 
    1711  -2.196453e+01 6.824373e+00 
    1712  -3.493685e-01 8.709490e+00 
    1713  -2.381024e+01 5.940753e+00 
    1714  2.183632e+01 -9.757442e+00 
    1715  1.798398e+01 -3.324797e+00 
    1716  1.943644e+01 -5.367819e+00 
    1717  4.307390e+00 7.210365e+00 
    1718  -3.941655e+00 9.463462e+00 
    1719  1.478165e+01 3.427008e-01 
    1720  1.723391e+01 -2.305389e+00 
    1721  -2.263332e+01 6.599963e+00 
    1722  -2.323670e+01 6.321037e+00 
    1723  -1.974713e+00 9.160846e+00 
    1724  -9.225585e+00 9.792004e+00 
    1725  2.131609e+01 -8.482232e+00 
    1726  2.011879e+01 -6.307112e+00 
    1727  -6.816857e+00 9.788876e+00 
    1728  1.043359e+01 3.986405e+00 
    1729  5.203682e+00 6.934975e+00 
    1730  5.981639e+00 6.585006e+00 
    1731  1.163476e+01 3.164375e+00 
    1732  2.175210e+01 -9.229410e+00 
    1733  6.761172e+00 6.236431e+00 
    1734  1.645834e+01 -1.217661e+00 
    1735  1.334702e+01 1.842950e+00 
    1736  3.900450e-01 8.752026e+00 
    1737  -2.427563e+01 5.974443e+00 
    1738  7.541628e+00 5.908350e+00 
    1739  -1.956315e+01 8.091903e+00 
    1740  2.084838e+01 -7.142657e+00 
    1741  2.229212e+01 -1.001811e+01 
    1742  2.178424e+01 -8.912056e+00 
    1743  2.259310e+01 -1.070290e+01 
    1744  -2.172050e+01 7.301128e+00 
    1745  9.641096e+00 4.778280e+00 
    1746  -2.096503e+01 7.631431e+00 
    1747  -2.368682e+01 6.394653e+00 
    1748  8.259504e+00 5.617834e+00 
    1749  2.205064e+01 -9.380813e+00 
    1750  -2.243311e+01 7.026171e+00 
    1751  -1.201266e+01 9.894131e+00 
    1752  8.942792e+00 5.253759e+00 
    1753  1.145374e+00 8.706166e+00 
    1754  -2.308385e+01 6.744109e+00 
    1755  -1.316445e+01 9.808946e+00 
    1756  -1.160327e+00 9.381893e+00 
    1757  -1.534595e+01 9.485265e+00 
    1758  -5.897832e+00 1.010555e+01 
    1759  2.145820e+01 -7.829471e+00 
    1760  1.921611e+00 8.607167e+00 
    1761  -2.943896e+00 9.812993e+00 
    1762  1.248427e+01 3.010466e+00 
    1763  1.582829e+01 8.159851e-04 
    1764  -2.022860e+01 8.145504e+00 
    1765  1.211968e+01 3.325651e+00 
    1766  2.185296e+01 -8.431163e+00 
    1767  -1.709426e+01 9.187431e+00 
    1768  1.425385e+01 1.592015e+00 
    1769  1.959088e+01 -4.533564e+00 
    1770  -2.415058e+01 6.461370e+00 
    1771  1.887323e+01 -3.496775e+00 
    1772  1.298660e+01 2.725338e+00 
    1773  -1.790414e+01 9.014502e+00 
    1774  2.733735e+00 8.475594e+00 
    1775  2.030841e+01 -5.514934e+00 
    1776  2.221255e+01 -8.977885e+00 
    1777  1.816387e+01 -2.465938e+00 
    1778  -2.354777e+01 6.848093e+00 
    1779  -4.984043e+00 1.022432e+01 
    1780  2.250836e+01 -9.592073e+00 
    1781  2.280374e+01 -1.024643e+01 
    1782  -2.222406e+01 7.491352e+00 
    1783  -2.291053e+01 7.188994e+00 
    1784  -2.151379e+01 7.809710e+00 
    1785  1.151381e+01 3.954288e+00 
    1786  -3.582149e-01 9.487809e+00 
    1787  -1.638887e+01 9.539145e+00 
    1788  -9.494348e+00 1.047217e+01 
    1789  -1.107071e+01 1.040082e+01 
    1790  3.577273e+00 8.317405e+00 
    1791  1.746623e+01 -1.428840e+00 
    1792  2.097876e+01 -6.360850e+00 
    1793  -1.010860e+01 1.050849e+01 
    1794  -2.081264e+01 8.237202e+00 
    1795  -1.871108e+01 8.993521e+00 
    1796  -8.229233e+00 1.059222e+01 
    1797  -1.416626e+01 1.010924e+01 
    1798  4.431566e+00 8.120062e+00 
    1799  -2.036115e+00 1.005276e+01 
    1800  2.202777e+01 -7.942943e+00 
    1801  4.203337e-01 9.530680e+00 
    1802  -2.401578e+01 6.945685e+00 
    1803  1.366661e+01 2.621170e+00 
    1804  2.235725e+01 -8.519595e+00 
    1805  1.224002e+01 3.802112e+00 
    1806  -2.338871e+01 7.312037e+00 
    1807  2.269829e+01 -9.139542e+00 
    1808  -2.272738e+01 7.650194e+00 
    1809  -3.977569e+00 1.048130e+01 
    1810  5.305522e+00 7.902462e+00 
    1811  -2.202676e+01 7.972340e+00 
    1812  2.300517e+01 -9.785822e+00 
    1813  1.527990e+01 1.282651e+00 
    1814  1.686058e+01 -3.043262e-01 
    1815  1.278208e+01 3.481218e+00 
    1816  6.130917e+00 7.579896e+00 
    1817  1.315799e+01 3.193317e+00 
    1818  2.177743e+01 -7.123248e+00 
    1819  -2.135768e+01 8.330240e+00 
    1820  -6.960920e+00 1.082611e+01 
    1821  -1.059780e+01 1.079586e+01 
    1822  1.204853e+00 9.497987e+00 
    1823  -1.587329e+01 1.006812e+01 
    1824  6.955360e+00 7.267295e+00 
    1825  -2.022768e+01 8.838182e+00 
    1826  -1.955729e+01 9.091291e+00 
    1827  1.976638e+01 -3.659220e+00 
    1828  7.759063e+00 6.934837e+00 
    1829  2.048642e+01 -4.693883e+00 
    1830  1.905305e+01 -2.620476e+00 
    1831  -1.171367e+00 1.024020e+01 
    1832  2.002918e+00 9.425831e+00 
    1833  8.526691e+00 6.605614e+00 
    1834  2.115237e+01 -5.617568e+00 
    1835  -2.387126e+01 7.427191e+00 
    1836  2.253503e+01 -8.066545e+00 
    1837  9.264145e+00 6.218948e+00 
    1838  1.002754e+01 5.757596e+00 
    1839  -2.321998e+01 7.780569e+00 
    1840  -2.076926e+01 8.824983e+00 
    1841  1.085000e+01 5.235760e+00 
    1842  1.838454e+01 -1.613089e+00 
    1843  -1.495359e+01 1.048689e+01 
    1844  2.287630e+01 -8.681462e+00 
    1845  -2.254349e+01 8.120489e+00 
    1846  -9.148862e+00 1.111601e+01 
    1847  2.226488e+01 -7.444592e+00 
    1848  -5.916296e+00 1.104096e+01 
    1849  2.319729e+01 -9.321254e+00 
    1850  -2.185900e+01 8.454109e+00 
    1851  -2.999420e+00 1.074485e+01 
    1852  2.831516e+00 9.332907e+00 
    1853  2.179551e+01 -6.376062e+00 
    1854  -1.659607e+01 1.027499e+01 
    1855  -1.725544e+01 1.012243e+01 
    1856  -2.124528e+01 8.819939e+00 
    1857  1.459962e+01 2.557821e+00 
    1858  -3.434975e-01 1.032917e+01 
    1859  1.634622e+01 9.350227e-01 
    1860  1.370531e+01 3.373394e+00 
    1861  1.174729e+01 4.877190e+00 
    1862  1.778812e+01 -5.792224e-01 
    1863  -1.617487e+01 1.044853e+01 
    1864  -1.801342e+01 1.001485e+01 
    1865  -9.921553e+00 1.133228e+01 
    1866  3.679228e+00 9.203398e+00 
    1867  -4.967455e+00 1.120348e+01 
    1868  -2.035555e+01 9.290949e+00 
    1869  -1.871862e+01 9.874436e+00 
    1870  -2.371708e+01 7.905694e+00 
    1871  -1.217121e+01 1.124836e+01 
    1872  2.272095e+01 -7.617614e+00 
    1873  -2.304673e+01 8.254352e+00 
    1874  1.254742e+01 4.483678e+00 
    1875  2.304469e+01 -8.221682e+00 
    1876  1.322172e+01 3.981270e+00 
    1877  -2.236498e+01 8.590879e+00 
    1878  2.253376e+01 -7.170890e+00 
    1879  4.695598e-01 1.034930e+01 
    1880  -1.131494e+01 1.138393e+01 
    1881  2.338003e+01 -8.852917e+00 
    1882  -2.170139e+01 8.919275e+00 
    1883  -1.558345e+01 1.079952e+01 
    1884  4.536077e+00 9.050014e+00 
    1885  -1.061409e+01 1.147828e+01 
    1886  -1.310741e+01 1.123868e+01 
    1887  -2.048857e+00 1.096870e+01 
    1888  2.244204e+01 -6.842819e+00 
    1889  -2.120332e+01 9.181725e+00 
    1890  -2.004752e+01 9.630054e+00 
    1891  1.992254e+01 -2.782517e+00 
    1892  -1.929690e+01 9.894672e+00 
    1893  2.067886e+01 -3.824023e+00 
    1894  2.134680e+01 -4.834149e+00 
    1895  -2.081990e+01 9.394160e+00 
    1896  2.189630e+01 -5.698356e+00 
    1897  1.924240e+01 -1.779193e+00 
    1898  1.274937e+00 1.032927e+01 
    1899  5.407363e+00 8.869949e+00 
    1900  -4.011455e+00 1.145088e+01 
    1901  -1.401441e+01 1.129427e+01 
    1902  1.734438e+01 5.534540e-01 
    1903  6.257557e+00 8.567662e+00 
    1904  -2.355332e+01 8.381000e+00 
    1905  2.289436e+01 -7.225259e+00 
    1906  -2.287003e+01 8.722006e+00 
    1907  1.862581e+01 -8.042111e-01 
    1908  1.573789e+01 2.260865e+00 
    1909  2.321293e+01 -7.767285e+00 
    1910  -2.218841e+01 9.048726e+00 
    1911  2.246665e+01 -6.325007e+00 
    1912  -1.609599e+01 1.099956e+01 
    1913  -2.154477e+01 9.331077e+00 
    1914  -1.156864e+00 1.109461e+01 
    1915  7.107059e+00 8.260394e+00 
    1916  2.355332e+01 -8.381000e+00 
    1917  2.091244e+00 1.027786e+01 
    1918  -7.930995e+00 1.193435e+01 
    1919  7.948664e+00 7.941250e+00 
    1920  -6.829757e+00 1.191649e+01 
    1921  -1.668838e+01 1.099013e+01 
    1922  -1.981398e+01 1.014958e+01 
    1923  8.763210e+00 7.596187e+00 
    1924  -2.055847e+01 9.904426e+00 
    1925  -1.479387e+01 1.146988e+01 
    1926  2.296924e+01 -6.805600e+00 
    1927  -1.924945e+01 1.038001e+01 
    1928  2.923037e+00 1.020943e+01 
    1929  -8.927932e+00 1.207309e+01 
    1930  -5.828379e+00 1.199060e+01 
    1931  9.565950e+00 7.217056e+00 
    1932  -3.004661e-01 1.115832e+01 
    1933  1.816500e+01 1.846190e-01 
    1934  -2.128911e+01 9.718304e+00 
    1935  -1.737206e+01 1.098241e+01 
    1936  -3.027360e+00 1.171639e+01 
    1937  2.206748e+01 -5.046761e+00 
    1938  -2.338003e+01 8.852917e+00 
    1939  1.038381e+01 6.772060e+00 
    1940  -1.888692e+01 1.058831e+01 
    1941  2.336384e+01 -7.321366e+00 
    1942  -2.268837e+01 9.189876e+00 
    1943  -2.199888e+01 9.494875e+00 
    1944  1.123001e+01 6.303557e+00 
    1945  2.256986e+01 -5.753033e+00 
    1946  2.371708e+01 -7.905694e+00 
    1947  -4.963593e+00 1.206012e+01 
    1948  2.079384e+01 -2.923617e+00 
    1949  2.008714e+01 -1.930213e+00 
    1950  -9.789723e+00 1.222556e+01 
    1951  3.772047e+00 1.011327e+01 
    1952  1.474011e+01 3.757234e+00 
    1953  1.211005e+01 5.824866e+00 
    1954  5.308457e-01 1.117377e+01 
    1955  1.943680e+01 -9.776768e-01 
    1956  -1.545168e+01 1.164060e+01 
    1957  1.688833e+01 1.872020e+00 
    1958  2.305918e+01 -6.328115e+00 
    1959  1.297654e+01 5.287899e+00 
    1960  1.382337e+01 4.641246e+00 
    1961  2.168095e+01 -3.978384e+00 
    1962  -1.825170e+01 1.102482e+01 
    1963  -1.059686e+01 1.235552e+01 
    1964  -2.079995e+00 1.185982e+01 
    1965  -1.959835e+01 1.065065e+01 
    1966  4.630544e+00 9.984222e+00 
    1967  -2.031318e+01 1.042294e+01 
    1968  -2.105329e+01 1.017055e+01 
    1969  1.889394e+01 -8.011732e-02 
    1970  2.349225e+01 -6.860406e+00 
    1971  -2.319729e+01 9.321254e+00 
    1972  -2.178324e+01 9.924028e+00 
    1973  -1.140489e+01 1.237008e+01 
    1974  -2.249451e+01 9.645208e+00 
    1975  -1.226717e+01 1.230994e+01 
    1976  1.356180e+00 1.116481e+01 
    1977  -1.606802e+01 1.170973e+01 
    1978  2.387126e+01 -7.427191e+00 
    1979  2.269573e+01 -5.190695e+00 
    1980  -4.095760e+00 1.234115e+01 
    1981  5.509204e+00 9.837437e+00 
    1982  2.229427e+01 -4.452818e+00 
    1983  -1.313418e+01 1.233563e+01 
    1984  -1.668938e+01 1.170356e+01 
    1985  2.317654e+01 -5.812484e+00 
    1986  -1.136312e+00 1.196896e+01 
    1987  6.374989e+00 9.550338e+00 
    1988  2.178444e+00 1.113847e+01 
    1989  -1.932732e+01 1.105994e+01 
    1990  1.796953e+01 1.398430e+00 
    1991  -1.399010e+01 1.235927e+01 
    1992  7.240183e+00 9.247176e+00 
    1993  -2.009558e+01 1.088561e+01 
    1994  2.361336e+01 -6.382167e+00 
    1995  -2.300517e+01 9.785822e+00 
    1996  1.858706e+01 8.049837e-01 
    1997  -2.082424e+01 1.065816e+01 
    1998  -2.155741e+01 1.038426e+01 
    1999  -1.732217e+01 1.173219e+01 
    2000  -4.971112e+00 1.267057e+01 
    2001  -2.228754e+01 1.009867e+01 
    2002  2.093210e+01 -2.066197e+00 
    2003  2.165884e+01 -3.041604e+00 
    2004  1.613505e+01 3.339949e+00 
    2005  2.025779e+01 -1.112073e+00 
    2006  8.103434e+00 8.925658e+00 
    2007  2.401578e+01 -6.945685e+00 
    2008  -2.720631e-01 1.199304e+01 
    2009  1.962156e+01 -2.400321e-01 
    2010  3.015988e+00 1.109194e+01 
    2011  -1.477917e+01 1.239013e+01 
    2012  -6.598736e+00 1.291492e+01 
    2013  8.965424e+00 8.584940e+00 
    2014  2.284890e+01 -4.664479e+00 
    2015  -3.168054e+00 1.262055e+01 
    2016  -5.597698e+00 1.291330e+01 
    2017  -8.838696e+00 1.302494e+01 
    2018  2.257185e+01 -4.133969e+00 
    2019  1.914010e+01 5.038885e-01 
    2020  2.328849e+01 -5.298606e+00 
    2021  -1.550110e+01 1.239275e+01 
    2022  9.835792e+00 8.216128e+00 
    2023  -9.708149e+00 1.310559e+01 
    2024  -1.799140e+01 1.186200e+01 
    2025  2.242272e+01 -3.730746e+00 
    2026  5.922639e-01 1.200296e+01 
    2027  3.866613e+00 1.101938e+01 
    2028  2.374232e+01 -5.889366e+00 
    2029  -2.280374e+01 1.024643e+01 
    2030  -2.207323e+01 1.054825e+01 
    2031  -1.986123e+01 1.135291e+01 
    2032  -2.134047e+01 1.083847e+01 
    2033  1.072792e+01 7.788872e+00 
    2034  -2.060959e+01 1.111593e+01 
    2035  -1.899660e+01 1.164150e+01 
    2036  -1.614161e+01 1.238192e+01 
    2037  -7.765853e+00 1.321954e+01 
    2038  2.415058e+01 -6.461370e+00 
    2039  -4.352046e+00 1.303828e+01 
    2040  1.162825e+01 7.318995e+00 
    2041  -1.058462e+01 1.320948e+01 
    2042  -1.672535e+01 1.232803e+01 
    2043  -2.107451e+00 1.278524e+01 
    2044  1.253492e+01 6.788265e+00 
    2045  1.424667e+00 1.200331e+01 
    2046  4.726065e+00 1.092579e+01 
    2047  2.299281e+01 -4.216337e+00 
    2048  1.869180e+01 1.466484e+00 
    2049  1.344568e+01 6.188382e+00 
    2050  1.903740e+01 1.132927e+00 
    2051  -1.725769e+01 1.233140e+01 
    2052  1.930368e+01 8.634232e-01 
    2053  1.738666e+01 2.884096e+00 
    2054  -1.146644e+01 1.328479e+01 
    2055  2.341279e+01 -4.798065e+00 
    2056  2.175602e+01 -2.206490e+00 
    2057  1.437045e+01 5.557606e+00 
    2058  1.975647e+01 4.205370e-01 
    2059  2.109036e+01 -1.232653e+00 
    2060  2.039903e+01 -3.228711e-01 
    2061  2.241410e+01 -3.073160e+00 
    2062  -1.235840e+01 1.328570e+01 
    2063  2.385154e+01 -5.395282e+00 
    2064  -2.259310e+01 1.070290e+01 
    2065  -2.185488e+01 1.100718e+01 
    2066  -1.964446e+01 1.180411e+01 
    2067  -2.112534e+01 1.130427e+01 
    2068  -1.161668e+00 1.282491e+01 
    2069  -2.039617e+01 1.157684e+01 
    2070  5.611045e+00 1.080492e+01 
    2071  -5.733817e+00 1.347700e+01 
    2072  2.261483e+00 1.200211e+01 
    2073  1.536240e+01 4.946188e+00 
    2074  -1.859345e+01 1.216265e+01 
    2075  2.427563e+01 -5.974443e+00 
    2076  -1.324093e+01 1.329420e+01 
    2077  2.301399e+01 -3.737534e+00 
    2078  -4.907999e+00 1.346730e+01 
    2079  6.491804e+00 1.053755e+01 
    2080  -1.917288e+01 1.208076e+01 
    2081  1.833607e+01 2.295208e+00 
    2082  -1.779382e+01 1.248163e+01 
    2083  -8.967917e+00 1.368315e+01 
    2084  -1.410411e+01 1.326871e+01 
    2085  2.351040e+01 -4.312901e+00 
    2086  -6.271350e+00 1.368653e+01 
    2087  -2.437378e-01 1.284190e+01 
    2088  7.375248e+00 1.025231e+01 
    2089  -1.719868e+01 1.272429e+01 
    2090  -1.490324e+01 1.320963e+01 
    2091  1.972583e+01 9.478452e-01 
    2092  3.106429e+00 1.197018e+01 
    2093  -1.684014e+01 1.286152e+01 
    2094  2.395395e+01 -4.900234e+00 
    2095  -2.237331e+01 1.115504e+01 
    2096  -1.563192e+01 1.315835e+01 
    2097  -2.163306e+01 1.145338e+01 
    2098  8.270827e+00 9.939183e+00 
    2099  -2.090309e+01 1.173833e+01 
    2100  1.903226e+01 1.868026e+00 
    2101  -2.017920e+01 1.199492e+01 
    2102  1.946601e+01 1.408253e+00 
    2103  -1.898498e+01 1.237477e+01 
    2104  -1.629823e+01 1.305852e+01 
    2105  -1.953746e+01 1.221836e+01 
    2106  -9.657194e+00 1.389882e+01 
    2107  2.439085e+01 -5.485099e+00 
    2108  6.288226e-01 1.283719e+01 
    2109  -5.332403e+00 1.383118e+01 
    2110  2.305970e+01 -3.179901e+00 
    2111  2.252201e+01 -2.356731e+00 
    2112  -3.441647e+00 1.363941e+01 
    2113  9.179609e+00 9.613985e+00 
    2114  2.047377e+01 4.394694e-01 
    2115  3.960083e+00 1.193027e+01 
    2116  2.191815e+01 -1.387604e+00 
    2117  1.659463e+01 4.491454e+00 
    2118  -1.753474e+01 1.293555e+01 
    2119  2.358074e+01 -3.823151e+00 
    2120  -1.839447e+01 1.274882e+01 
    2121  2.123394e+01 -3.911512e-01 
    2122  -8.464592e+00 1.411673e+01 
    2123  -1.057101e+01 1.405636e+01 
    2124  1.010385e+01 9.258387e+00 
    2125  -1.882658e+01 1.268106e+01 
    2126  -7.021891e+00 1.412472e+01 
    2127  2.405524e+01 -4.414050e+00 
    2128  1.476614e+00 1.284888e+01 
    2129  -2.214448e+01 1.160267e+01 
    2130  -1.934703e+01 1.257462e+01 
    2131  -2.221617e+00 1.368296e+01 
    2132  -2.140752e+01 1.189939e+01 
    2133  -1.998522e+01 1.240291e+01 
    2134  -2.068334e+01 1.217283e+01 
    2135  -4.390982e+00 1.400983e+01 
    2136  2.449622e+01 -4.993537e+00 
    2137  1.106751e+01 8.836625e+00 
    2138  4.828050e+00 1.186389e+01 
    2139  -1.152720e+01 1.416362e+01 
    2140  -4.949137e+00 1.414996e+01 
    2141  -5.750321e+00 1.422458e+01 
    2142  -1.715140e+01 1.330844e+01 
    2143  2.032996e+01 1.111744e+00 
    2144  1.204909e+01 8.348288e+00 
    2145  2.315497e+01 -2.592048e+00 
    2146  2.364184e+01 -3.297741e+00 
    2147  -1.159172e+00 1.370354e+01 
    2148  -1.246987e+01 1.419651e+01 
    2149  1.394926e+01 7.112044e+00 
    2150  1.302896e+01 7.769240e+00 
    2151  2.335492e+00 1.286068e+01 
    2152  -1.911310e+01 1.289536e+01 
    2153  -1.799506e+01 1.322786e+01 
    2154  1.483337e+01 6.494184e+00 
    2155  2.413216e+01 -3.916990e+00 
    2156  -1.338952e+01 1.416777e+01 
    2157  -1.975758e+01 1.277397e+01 
    2158  5.712885e+00 1.177241e+01 
    2159  2.002741e+01 1.704926e+00 
    2160  -2.190670e+01 1.204560e+01 
    2161  -2.044904e+01 1.257596e+01 
    2162  -2.117455e+01 1.233367e+01 
    2163  1.955245e+01 2.326424e+00 
    2164  -1.428140e+01 1.413098e+01 
    2165  2.459167e+01 -4.499957e+00 
    2166  -2.529967e-01 1.369698e+01 
    2167  1.891961e+01 3.030208e+00 
    2168  -1.509777e+01 1.402133e+01 
    2169  2.202963e+01 -5.712614e-01 
    2170  -1.878287e+01 1.318441e+01 
    2171  6.613543e+00 1.152310e+01 
    2172  -1.586918e+01 1.389384e+01 
    2173  1.574225e+01 5.992699e+00 
    2174  2.278497e+01 -1.571776e+00 
    2175  -1.667178e+01 1.376418e+01 
    2176  3.188161e+00 1.285639e+01 
    2177  1.800878e+01 4.065627e+00 
    2178  -9.404806e+00 1.469852e+01 
    2179  -5.123119e+00 1.457851e+01 
    2180  7.520309e+00 1.125608e+01 
    2181  2.372084e+01 -2.772650e+00 
    2182  -1.762609e+01 1.365255e+01 
    2183  -1.949592e+01 1.314134e+01 
    2184  2.137891e+01 5.296683e-01 
    2185  6.388540e-01 1.368939e+01 
    2186  2.420606e+01 -3.415265e+00 
    2187  2.332453e+01 -2.048247e+00 
    2188  -2.020216e+01 1.297702e+01 
    2189  -2.166006e+01 1.248367e+01 
    2190  -6.287805e+00 1.477839e+01 
    2191  -2.092542e+01 1.275109e+01 
    2192  8.442079e+00 1.097212e+01 
    2193  -1.844257e+01 1.356776e+01 
    2194  -4.306846e+00 1.467886e+01 
    2195  -7.864775e+00 1.490242e+01 
    2196  2.467719e+01 -4.004556e+00 
    2197  4.051216e+00 1.284123e+01 
    2198  -3.291927e+00 1.461464e+01 
    2199  1.517476e+00 1.369434e+01 
    2200  -1.051501e+01 1.495350e+01 
    2201  2.101596e+01 1.343681e+00 
    2202  -1.920672e+01 1.349652e+01 
    2203  9.378341e+00 1.067343e+01 
    2204  1.677435e+01 5.660584e+00 
    2205  2.382078e+01 -2.269967e+00 
    2206  -1.993525e+01 1.336055e+01 
    2207  -2.178197e+00 1.460365e+01 
    2208  -1.732972e+01 1.408770e+01 
    2209  2.427238e+01 -2.904854e+00 
    2210  2.278230e+01 -7.057546e-01 
    2211  2.353742e+01 -1.759198e+00 
    2212  -2.066722e+01 1.316653e+01 
    2213  -2.140465e+01 1.291669e+01 
    2214  -1.157734e+01 1.503655e+01 
    2215  4.927836e+00 1.280056e+01 
    2216  2.063681e+01 2.032482e+00 
    2217  2.217302e+01 1.860688e-01 
    2218  -1.811391e+01 1.397808e+01 
    2219  1.035950e+01 1.034396e+01 
    2220  2.475272e+01 -3.507536e+00 
    2221  2.340320e+01 -1.378524e+00 
    2222  2.391613e+00 1.371430e+01 
    2223  -1.164259e+00 1.457713e+01 
    2224  -1.258344e+01 1.505468e+01 
    2225  2.018940e+01 2.723250e+00 
    2226  -1.889788e+01 1.387419e+01 
    2227  -5.445680e+00 1.522813e+01 
    2228  -1.354355e+01 1.501947e+01 
    2229  -1.671038e+01 1.447242e+01 
    2230  -1.609238e+01 1.460559e+01 
    2231  1.139598e+01 9.938330e+00 
    2232  1.526934e+01 7.328629e+00 
    2233  -1.964774e+01 1.375301e+01 
    2234  2.390628e+01 -1.843983e+00 
    2235  -2.479310e-01 1.455308e+01 
    2236  -1.449124e+01 1.496280e+01 
    2237  5.814726e+00 1.273990e+01 
    2238  -1.535177e+01 1.481934e+01 
    2239  -2.039518e+01 1.357082e+01 
    2240  2.434051e+01 -2.410359e+00 
    2241  1.967925e+01 3.491062e+00 
    2242  1.599887e+01 6.869839e+00 
    2243  -2.114060e+01 1.334448e+01 
    2244  1.451151e+01 8.024529e+00 
    2245  -1.784214e+01 1.437709e+01 
    2246  1.248653e+01 9.454160e+00 
    2247  3.263248e+00 1.373846e+01 
    2248  2.481825e+01 -3.009098e+00 
    2249  -1.720160e+01 1.455528e+01 
    2250  -6.941030e+00 1.553715e+01 
    2251  2.338415e+01 -7.972761e-01 
    2252  6.734598e+00 1.251712e+01 
    2253  2.199784e+01 1.070273e+00 
    2254  6.427814e-01 1.454100e+01 
    2255  1.360254e+01 8.829854e+00 
    2256  -1.859740e+01 1.427875e+01 
    2257  2.233146e+01 6.862996e-01 
    2258  1.784343e+01 5.519203e+00 
    2259  2.390628e+01 -1.385847e+00 
    2260  -1.935781e+01 1.414116e+01 
    2261  -4.421358e+00 1.551245e+01 
    2262  7.665020e+00 1.228071e+01 
    2263  2.293215e+01 8.974874e-02 
    2264  -2.011368e+01 1.397936e+01 
    2265  2.167776e+01 1.707218e+00 
    2266  2.439321e+01 -1.934753e+00 
    2267  1.914735e+01 4.471435e+00 
    2268  -2.086799e+01 1.376688e+01 
    2269  4.139719e+00 1.374871e+01 
    2270  -8.982426e+00 1.582503e+01 
    2271  1.539976e+00 1.455214e+01 
    2272  -3.250187e+00 1.551072e+01 
    2273  2.487374e+01 -2.509443e+00 
    2274  -1.763393e+01 1.476598e+01 
    2275  -1.715991e+01 1.487718e+01 
    2276  1.681469e+01 6.700483e+00 
    2277  -1.685465e+01 1.497490e+01 
    2278  8.612500e+00 1.202375e+01 
    2279  -1.831856e+01 1.465876e+01 
    2280  2.130173e+01 2.394309e+00 
    2281  -2.211643e+00 1.545048e+01 
    2282  2.390890e+01 -8.739084e-01 
    2283  2.347461e+01 -2.482749e-01 
    2284  -1.046193e+01 1.591980e+01 
    2285  -1.906189e+01 1.454293e+01 
    2286  -1.637290e+01 1.522138e+01 
    2287  2.279193e+01 7.629862e-01 
    2288  2.085681e+01 3.074405e+00 
    2289  -1.982495e+01 1.437762e+01 
    2290  1.617673e+01 7.471825e+00 
    2291  2.441946e+01 -1.444763e+00 
    2292  -1.162357e+01 1.593223e+01 
    2293  -2.058695e+01 1.418371e+01 
    2294  9.585290e+00 1.176053e+01 
    2295  -1.214594e+00 1.543195e+01 
    2296  5.023730e+00 1.374006e+01 
    2297  2.437497e+00 1.458151e+01 
    2298  -1.743188e+01 1.509496e+01 
    2299  -5.914211e+00 1.606289e+01 
    2300  -1.268841e+01 1.592137e+01 
    2301  2.491917e+01 -2.008773e+00 
    2302  -1.806011e+01 1.503658e+01 
    2303  1.578420e+01 7.991610e+00 
    2304  2.042190e+01 3.816790e+00 
    2305  2.258328e+01 1.348086e+00 
    2306  -1.371001e+01 1.589260e+01 
    2307  -2.801433e-01 1.542899e+01 
    2308  2.395317e+01 -3.697836e-01 
    2309  2.362897e+01 8.421125e-02 
    2310  -1.877648e+01 1.492321e+01 
    2311  1.060381e+01 1.145887e+01 
    2312  -1.715197e+01 1.533979e+01 
    2313  -1.471243e+01 1.582507e+01 
    2314  -1.572010e+01 1.566338e+01 
    2315  2.345448e+01 4.013753e-01 
    2316  2.443626e+01 -9.441245e-01 
    2317  -1.953222e+01 1.478004e+01 
    2318  5.916567e+00 1.370739e+01 
    2319  3.334635e+00 1.462020e+01 
    2320  -2.029758e+01 1.459481e+01 
    2321  1.886381e+01 5.624041e+00 
    2322  -7.701135e+00 1.642332e+01 
    2323  1.773012e+01 6.700093e+00 
    2324  2.233553e+01 2.007099e+00 
    2325  2.495452e+01 -1.507291e+00 
    2326  6.300660e-01 1.543198e+01 
    2327  -1.780044e+01 1.536759e+01 
    2328  1.675541e+01 7.571414e+00 
    2329  -1.679306e+01 1.563448e+01 
    2330  1.170553e+01 1.110361e+01 
    2331  6.851143e+00 1.351516e+01 
    2332  2.332084e+01 9.278104e-01 
    2333  1.522490e+01 8.827588e+00 
    2334  2.002853e+01 4.700050e+00 
    2335  2.398534e+01 7.473511e-02 
    2336  -1.849598e+01 1.530319e+01 
    2337  -1.923497e+01 1.516779e+01 
    2338  2.445941e+01 -4.416368e-01 
    2339  4.225423e+00 1.464928e+01 
    2340  1.555316e+00 1.543464e+01 
    2341  -2.000000e+01 1.500000e+01 
    2342  2.201509e+01 2.779336e+00 
    2343  -1.750605e+01 1.567462e+01 
    2344  7.805186e+00 1.330483e+01 
    2345  2.149854e+01 3.411629e+00 
    2346  -2.203595e+00 1.625560e+01 
    2347  -3.212676e+00 1.640308e+01 
    2348  2.497978e+01 -1.005199e+00 
    2349  -4.634524e+00 1.659855e+01 
    2350  2.393598e+01 5.037308e-01 
    2351  -1.639905e+01 1.599999e+01 
    2352  1.292971e+01 1.067435e+01 
    2353  2.318540e+01 1.513908e+00 
    2354  -1.820368e+01 1.565185e+01 
    2355  -1.297656e+00 1.628142e+01 
    2356  2.112400e+01 4.091181e+00 
    2357  8.781425e+00 1.308105e+01 
    2358  -1.893761e+01 1.555143e+01 
    2359  -6.621687e+00 1.690251e+01 
    2360  2.446949e+01 4.321800e-02 
    2361  1.648932e+01 8.364548e+00 
    2362  -1.717989e+01 1.599435e+01 
    2363  2.482064e+00 1.545965e+01 
    2364  -1.176658e+01 1.685121e+01 
    2365  -1.969434e+01 1.539913e+01 
    2366  5.119450e+00 1.466538e+01 
    2367  -1.064517e+01 1.695790e+01 
    2368  2.386264e+01 1.003976e+00 
    2369  -1.280243e+01 1.679118e+01 
    2370  2.499495e+01 -5.027014e-01 
    2371  1.976652e+01 5.699788e+00 
    2372  -1.573494e+01 1.643430e+01 
    2373  -1.380653e+01 1.675442e+01 
    2374  -1.789191e+01 1.599674e+01 
    2375  -1.622230e+01 1.636249e+01 
    2376  -3.615194e-01 1.632163e+01 
    2377  2.306599e+01 2.193757e+00 
    2378  -9.400564e+00 1.714291e+01 
    2379  1.445517e+01 1.010984e+01 
    2380  9.773433e+00 1.286218e+01 
    2381  1.758252e+01 7.761547e+00 
    2382  1.870933e+01 6.790979e+00 
    2383  2.222256e+01 3.268065e+00 
    2384  -1.682929e+01 1.633241e+01 
    2385  2.445343e+01 5.199897e-01 
    2386  -1.862670e+01 1.592322e+01 
    2387  3.401361e+00 1.549650e+01 
    2388  2.082693e+01 4.890897e+00 
    2389  2.274270e+01 2.804475e+00 
    2390  -1.938071e+01 1.579203e+01 
    2391  -1.489695e+01 1.677430e+01 
    2392  2.379025e+01 1.529213e+00 
    2393  2.199825e+01 3.701592e+00 
    2394  6.018408e+00 1.467487e+01 
    2395  2.500000e+01 1.777657e-09 
    2396  5.935512e-01 1.634652e+01 
    2397  -1.756359e+01 1.632805e+01 
    2398  -2.154028e+00 1.687802e+01 
    2399  1.079638e+01 1.262410e+01 
    2400  -8.170753e+00 1.742964e+01 
    2401  1.618508e+01 9.242094e+00 
    2402  -1.649404e+01 1.666407e+01 
    2403  -5.666225e+00 1.737339e+01 
    2404  2.442171e+01 1.017122e+00 
    2405  -1.830406e+01 1.628016e+01 
    2406  6.964512e+00 1.450275e+01 
    2407  2.177569e+01 4.304413e+00 
    2408  2.265435e+01 3.323266e+00 
    2409  4.308642e+00 1.554757e+01 
    2410  -1.905924e+01 1.617854e+01 
    2411  2.334457e+01 2.549629e+00 
    2412  2.373707e+01 2.075349e+00 
    2413  1.561609e+00 1.635479e+01 
    2414  1.722558e+01 8.648398e+00 
    2415  -1.721497e+01 1.667895e+01 
    2416  -2.823245e+00 1.725336e+01 
    2417  2.499495e+01 5.027014e-01 
    2418  -1.606897e+01 1.692983e+01 
    2419  2.057848e+01 5.748165e+00 
    2420  1.189262e+01 1.234290e+01 
    2421  7.937735e+00 1.431834e+01 
    2422  -1.496091e+00 1.713102e+01 
    2423  1.962441e+01 6.713500e+00 
    2424  2.323539e+01 2.921541e+00 
    2425  2.437590e+01 1.523619e+00 
    2426  -1.796757e+01 1.664217e+01 
    2427  -7.110799e+00 1.774173e+01 
    2428  2.252944e+01 3.826542e+00 
    2429  2.525146e+00 1.637759e+01 
    2430  -1.873007e+01 1.655852e+01 
    2431  -1.686214e+01 1.700655e+01 
    2432  -4.000791e+00 1.763683e+01 
    2433  -1.191667e+01 1.774356e+01 
    2434  -1.290074e+01 1.765131e+01 
    2435  2.157671e+01 5.024194e+00 
    2436  5.212790e+00 1.558762e+01 
    2437  2.378315e+01 2.520232e+00 
    2438  -1.556624e+01 1.728666e+01 
    2439  -1.381675e+01 1.755961e+01 
    2440  1.689924e+01 9.281360e+00 
    2441  2.497978e+01 1.005199e+00 
    2442  -6.293466e+00 1.787825e+01 
    2443  8.931743e+00 1.414432e+01 
    2444  2.315314e+01 3.382663e+00 
    2445  -5.170318e-01 1.724893e+01 
    2446  -1.088365e+01 1.794890e+01 
    2447  2.433800e+01 2.030850e+00 
    2448  -1.762216e+01 1.700220e+01 
    2449  -1.464951e+01 1.757670e+01 
    2450  1.311237e+01 1.204346e+01 
    2451  2.241810e+01 4.411664e+00 
    2452  1.861898e+01 8.126283e+00 
    2453  -1.647100e+01 1.733744e+01 
    2454  2.373430e+01 2.951751e+00 
    2455  -1.839332e+01 1.693180e+01 
    2456  3.467455e+00 1.640847e+01 
    2457  2.495452e+01 1.507291e+00 
    2458  2.042336e+01 6.633582e+00 
    2459  2.306852e+01 3.865505e+00 
    2460  9.930652e+00 1.397463e+01 
    2461  6.118510e+00 1.562585e+01 
    2462  -5.110147e+00 1.812825e+01 
    2463  5.122382e-01 1.729607e+01 
    2464  2.133931e+01 5.820269e+00 
    2465  -1.726856e+01 1.734574e+01 
    2466  2.431667e+01 2.504200e+00 
    2467  -1.525671e+01 1.775301e+01 
    2468  -1.607419e+01 1.767428e+01 
    2469  2.367576e+01 3.416200e+00 
    2470  -9.717103e+00 1.837043e+01 
    2471  -8.470513e+00 1.841061e+01 
    2472  -1.804914e+01 1.729823e+01 
    2473  1.612685e+01 1.049488e+01 
    2474  7.066751e+00 1.547052e+01 
    2475  1.960979e+01 7.714890e+00 
    2476  4.397546e+00 1.644718e+01 
    2477  1.439186e+01 1.172253e+01 
    2478  2.491917e+01 2.008773e+00 
    2479  1.793967e+01 9.172695e+00 
    2480  1.549568e+00 1.730542e+01 
    2481  2.300359e+01 4.392303e+00 
    2482  1.095882e+01 1.379658e+01 
    2483  -1.690119e+01 1.769231e+01 
    2484  2.237545e+01 5.141537e+00 
    2485  2.427350e+01 2.971873e+00 
    2486  -6.103374e+00 1.851963e+01 
    2487  -2.124527e+00 1.813004e+01 
    2488  -1.389975e+01 1.826038e+01 
    2489  2.361560e+01 3.887425e+00 
    2490  1.724644e+01 9.929499e+00 
    2491  -1.510169e+01 1.811829e+01 
    2492  8.049499e+00 1.532146e+01 
    2493  -1.573063e+01 1.804739e+01 
    2494  -1.769765e+01 1.765766e+01 
    2495  -1.464186e+01 1.824661e+01 
    2496  2.115614e+01 6.634227e+00 
    2497  -1.210656e+01 1.857238e+01 
    2498  2.487374e+01 2.509443e+00 
    2499  2.035109e+01 7.437443e+00 
    2500  2.564395e+00 1.730701e+01 
    2501  -1.307411e+01 1.852683e+01 
    2502  5.308725e+00 1.648949e+01 
    2503  -7.309296e+00 1.879009e+01 
    2504  -1.652890e+01 1.802562e+01 
    2505  2.421594e+01 3.451738e+00 
    2506  2.298363e+01 4.900613e+00 
    2507  2.206251e+01 5.923053e+00 
    2508  -1.122871e+01 1.877665e+01 
    2509  -3.482701e+00 1.858787e+01 
    2510  1.203445e+01 1.362037e+01 
    2511  2.354412e+01 4.391431e+00 
    2512  -7.579217e-01 1.825305e+01 
    2513  -1.733902e+01 1.800996e+01 
    2514  -1.543198e+01 1.837340e+01 
    2515  9.052774e+00 1.519246e+01 
    2516  2.481825e+01 3.009098e+00 
    2517  3.545769e+00 1.731261e+01 
    2518  -1.617024e+01 1.836891e+01 
    2519  -1.449341e+01 1.864845e+01 
    2520  2.415728e+01 3.931669e+00 
    2521  2.096056e+01 7.333310e+00 
    2522  -8.607053e+00 1.910444e+01 
    2523  6.214344e+00 1.653626e+01 
    2524  -1.408510e+01 1.876243e+01 
    2525  2.308536e+01 5.238959e+00 
    2526  -4.670198e+00 1.898315e+01 
    2527  2.284004e+01 5.520881e+00 
    2528  -1.506825e+01 1.863784e+01 
    2529  2.348356e+01 4.868599e+00 
    2530  -1.041781e+01 1.915948e+01 
    2531  1.561152e+01 1.180266e+01 
    2532  4.228656e-01 1.828343e+01 
    2533  -1.697336e+01 1.835497e+01 
    2534  1.989190e+01 8.544317e+00 
    2535  2.475272e+01 3.507536e+00 
    2536  1.005809e+01 1.507593e+01 
    2537  1.925968e+01 9.139305e+00 
    2538  -1.359384e+01 1.899821e+01 
    2539  4.484659e+00 1.733004e+01 
    2540  2.047789e+01 8.104328e+00 
    2541  -1.582039e+01 1.869062e+01 
    2542  7.157398e+00 1.640387e+01 
    2543  -9.264832e+00 1.933265e+01 
    2544  2.407189e+01 4.430068e+00 
    2545  2.191089e+01 6.766300e+00 
    2546  2.264439e+01 6.053967e+00 
    2547  1.328035e+01 1.348339e+01 
    2548  2.087024e+01 7.832508e+00 
    2549  -1.475328e+01 1.893633e+01 
    2550  -1.219987e+01 1.926856e+01 
    2551  2.343241e+01 5.295381e+00 
    2552  -5.741959e+00 1.935679e+01 
    2553  -1.287020e+01 1.922099e+01 
    2554  1.532891e+00 1.828812e+01 
    2555  -1.660085e+01 1.869256e+01 
    2556  1.439767e+01 1.295109e+01 
    2557  2.467719e+01 4.004556e+00 
    2558  2.150434e+01 7.462042e+00 
    2559  1.866699e+01 9.974195e+00 
    2560  -1.545327e+01 1.899132e+01 
    2561  -1.150452e+01 1.945784e+01 
    2562  -8.085815e+00 1.957005e+01 
    2563  -1.436633e+01 1.917907e+01 
    2564  -1.330543e+01 1.931949e+01 
    2565  2.398547e+01 4.911987e+00 
    2566  2.328327e+01 5.699448e+00 
    2567  8.145832e+00 1.630217e+01 
    2568  1.107380e+01 1.496723e+01 
    2569  5.405154e+00 1.736123e+01 
    2570  2.253318e+01 6.597498e+00 
    2571  2.611495e+00 1.826687e+01 
    2572  1.795854e+01 1.074538e+01 
    2573  -1.622162e+01 1.902259e+01 
    2574  -9.867589e+00 1.971298e+01 
    2575  1.713901e+01 1.141498e+01 
    2576  -6.728234e+00 1.974320e+01 
    2577  2.120568e+01 8.057599e+00 
    2578  2.459167e+01 4.499957e+00 
    2579  -1.392718e+01 1.944330e+01 
    2580  -1.508860e+01 1.929189e+01 
    2581  2.314182e+01 6.174436e+00 
    2582  2.389018e+01 5.380994e+00 
    2583  -1.085783e+01 1.977785e+01 
    2584  -2.084260e+00 1.942188e+01 
    2585  2.079834e+01 8.603045e+00 
    2586  1.537830e+01 1.282024e+01 
    2587  3.632047e+00 1.822097e+01 
    2588  9.154998e+00 1.622062e+01 
    2589  -3.296359e+00 1.964177e+01 
    2590  2.230839e+01 7.251171e+00 
    2591  6.305902e+00 1.740607e+01 
    2592  -1.583584e+01 1.934493e+01 
    2593  2.258851e+01 6.978382e+00 
    2594  1.209653e+01 1.484945e+01 
    2595  -1.290138e+01 1.976910e+01 
    2596  2.031531e+01 9.164558e+00 
    2597  -8.286013e-01 1.935785e+01 
    2598  -1.469976e+01 1.957421e+01 
    2599  2.449622e+01 4.993537e+00 
    2600  2.376723e+01 5.837800e+00 
    2601  -1.233658e+01 1.987977e+01 
    2602  -1.346706e+01 1.976719e+01 
    2603  2.301848e+01 6.654315e+00 
    2604  1.655326e+01 1.223108e+01 
    2605  -4.414145e+00 1.991066e+01 
    2606  2.199645e+01 7.750118e+00 
    2607  4.590168e+00 1.819916e+01 
    2608  -8.829222e+00 2.018781e+01 
    2609  -1.174922e+01 2.007021e+01 
    2610  7.239638e+00 1.730868e+01 
    2611  1.983935e+01 9.851747e+00 
    2612  3.771179e-01 1.932082e+01 
    2613  -1.544364e+01 1.965945e+01 
    2614  -1.033054e+01 2.019443e+01 
    2615  1.395781e+01 1.408928e+01 
    2616  -1.429201e+01 1.985792e+01 
    2617  2.363420e+01 6.314127e+00 
    2618  2.439085e+01 5.485099e+00 
    2619  -9.491927e+00 2.028521e+01 
    2620  1.017119e+01 1.615579e+01 
    2621  -5.411258e+00 2.020175e+01 
    2622  2.292879e+01 7.098131e+00 
    2623  -7.534405e+00 2.030029e+01 
    2624  2.168406e+01 8.340947e+00 
    2625  1.311063e+01 1.477679e+01 
    2626  -1.331760e+01 2.015161e+01 
    2627  1.464167e+01 1.388512e+01 
    2628  -1.119576e+01 2.035021e+01 
    2629  1.547637e+00 1.929675e+01 
    2630  2.273773e+01 7.509883e+00 
    2631  -1.504521e+01 1.996601e+01 
    2632  1.614058e+01 1.296623e+01 
    2633  5.506025e+00 1.820410e+01 
    2634  -1.295961e+01 2.024813e+01 
    2635  -1.388372e+01 2.015244e+01 
    2636  2.350812e+01 6.791827e+00 
    2637  2.427563e+01 5.974443e+00 
    2638  8.221432e+00 1.726271e+01 
    2639  1.536625e+01 1.361303e+01 
    2640  -1.249584e+01 2.041122e+01 
    2641  -6.294573e+00 2.054977e+01 
    2642  -9.905735e+00 2.060672e+01 
    2643  2.250498e+01 7.984276e+00 
    2644  2.138216e+01 9.068233e+00 
    2645  1.945431e+01 1.077947e+01 
    2646  -9.395246e+00 2.067522e+01 
    2647  2.079929e+01 9.646364e+00 
    2648  2.703091e+00 1.926663e+01 
    2649  -1.464069e+01 2.026451e+01 
    2650  1.119801e+01 1.613498e+01 
    2651  -1.069100e+01 2.068017e+01 
    2652  2.338043e+01 7.258689e+00 
    2653  -1.354007e+01 2.045247e+01 
    2654  2.415058e+01 6.461370e+00 
    2655  -1.199219e+01 2.062382e+01 
    2656  6.393204e+00 1.823544e+01 
    2657  1.592066e+01 1.350373e+01 
    2658  -9.088109e+00 2.080768e+01 
    2659  2.224931e+01 8.510351e+00 
    2660  3.757204e+00 1.912931e+01 
    2661  1.790433e+01 1.220383e+01 
    2662  2.038243e+01 1.025074e+01 
    2663  9.251607e+00 1.725598e+01 
    2664  -1.314707e+01 2.067596e+01 
    2665  -1.423025e+01 2.055480e+01 
    2666  1.395140e+01 1.489933e+01 
    2667  1.875064e+01 1.167395e+01 
    2668  2.322125e+01 7.717446e+00 
    2669  -9.621956e+00 2.094434e+01 
    2670  -3.240551e+00 2.066356e+01 
    2671  2.401578e+01 6.945685e+00 
    2672  -8.204602e+00 2.099108e+01 
    2673  1.727077e+01 1.282311e+01 
    2674  -1.149704e+01 2.088701e+01 
    2675  -6.993610e+00 2.098415e+01 
    2676  -4.272263e+00 2.082503e+01 
    2677  -2.074626e+00 2.056382e+01 
    2678  4.715069e+00 1.904422e+01 
    2679  7.299367e+00 1.817940e+01 
    2680  -1.025810e+01 2.101205e+01 
    2681  1.220370e+01 1.599553e+01 
    2682  -8.499637e-01 2.043278e+01 
    2683  2.205974e+01 9.060283e+00 
    2684  -1.270807e+01 2.090491e+01 
    2685  2.302637e+01 8.185825e+00 
    2686  -5.187426e+00 2.103228e+01 
    2687  -1.381406e+01 2.083679e+01 
    2688  -9.335516e+00 2.116896e+01 
    2689  2.015426e+01 1.085737e+01 
    2690  1.676890e+01 1.343490e+01 
    2691  2.387126e+01 7.427191e+00 
    2692  3.509627e-01 2.035328e+01 
    2693  2.156935e+01 9.690529e+00 
    2694  -8.800233e+00 2.123196e+01 
    2695  -1.103007e+01 2.116715e+01 
    2696  5.612578e+00 1.901173e+01 
    2697  2.116975e+01 1.010472e+01 
    2698  1.025498e+01 1.721948e+01 
    2699  -1.225406e+01 2.113986e+01 
    2700  1.625515e+01 1.393194e+01 
    2701  -9.893525e+00 2.131220e+01 
    2702  2.282340e+01 8.671964e+00 
    2703  1.564525e+01 1.434011e+01 
    2704  -5.977778e+00 2.129237e+01 
    2705  -9.115384e+00 2.137054e+01 
    2706  1.311424e+01 1.587501e+01 
    2707  -1.339227e+01 2.111035e+01 
    2708  1.488753e+01 1.489323e+01 
    2709  2.202211e+01 9.526574e+00 
    2710  8.275882e+00 1.820896e+01 
    2711  2.083791e+01 1.059620e+01 
    2712  2.371708e+01 7.905694e+00 
    2713  1.551001e+00 2.034784e+01 
    2714  1.983576e+01 1.150762e+01 
    2715  -7.529609e+00 2.148469e+01 
    2716  -1.058745e+01 2.145396e+01 
    2717  -1.179612e+01 2.139490e+01 
    2718  2.015445e+01 1.130566e+01 
    2719  2.263789e+01 9.138763e+00 
    2720  -9.546677e+00 2.154186e+01 
    2721  6.476293e+00 1.902479e+01 
    2722  -1.296508e+01 2.137538e+01 
    2723  -6.615855e+00 2.160184e+01 
    2724  2.355332e+01 8.381000e+00 
    2725  2.062585e+01 1.109361e+01 
    2726  2.181605e+01 1.007050e+01 
    2727  1.949687e+01 1.203900e+01 
    2728  2.207391e+01 9.861960e+00 
    2729  1.837294e+01 1.292125e+01 
    2730  -9.210404e+00 2.171069e+01 
    2731  1.392229e+01 1.583453e+01 
    2732  -1.134479e+01 2.164748e+01 
    2733  3.956426e+00 2.001398e+01 
    2734  -8.829426e+00 2.174133e+01 
    2735  -1.017905e+01 2.171952e+01 
    2736  1.890448e+01 1.258697e+01 
    2737  -8.337321e+00 2.178388e+01 
    2738  2.250177e+01 9.595986e+00 
    2739  2.154009e+01 1.047302e+01 
    2740  -1.253264e+01 2.163176e+01 
    2741  1.785659e+01 1.342265e+01 
    2742  7.339055e+00 1.900507e+01 
    2743  4.875806e+00 1.984236e+01 
    2744  2.869979e+00 2.040966e+01 
    2745  2.338003e+01 8.852917e+00 
    2746  -4.246929e+00 2.169362e+01 
    2747  1.133192e+01 1.737727e+01 
    2748  2.047122e+01 1.153206e+01 
    2749  -5.081902e+00 2.181904e+01 
    2750  -3.274815e+00 2.164936e+01 
    2751  -9.784751e+00 2.194005e+01 
    2752  -7.091380e+00 2.194458e+01 
    2753  9.383478e+00 1.833088e+01 
    2754  2.128494e+01 1.091771e+01 
    2755  -1.090362e+01 2.190110e+01 
    2756  2.238357e+01 9.988809e+00 
    2757  -1.209513e+01 2.187939e+01 
    2758  5.729046e+00 1.977333e+01 
    2759  -7.825624e+00 2.202761e+01 
    2760  2.023742e+01 1.190636e+01 
    2761  -5.792888e+00 2.199357e+01 
    2762  1.938610e+01 1.260167e+01 
    2763  2.319729e+01 9.321254e+00 
    2764  1.672813e+01 1.452443e+01 
    2765  1.026521e+01 1.808887e+01 
    2766  -8.295051e-01 2.146394e+01 
    2767  1.740779e+01 1.409422e+01 
    2768  -9.392990e+00 2.210762e+01 
    2769  1.469146e+01 1.584704e+01 
    2770  2.217739e+01 1.036372e+01 
    2771  1.616124e+01 1.495742e+01 
    2772  1.240603e+01 1.712269e+01 
    2773  2.106898e+01 1.138479e+01 
    2774  -1.047229e+01 2.213779e+01 
    2775  3.258839e-01 2.134057e+01 
    2776  -2.101539e+00 2.175208e+01 
    2777  -1.165274e+01 2.211818e+01 
    2778  8.247936e+00 1.908486e+01 
    2779  -6.388016e+00 2.218809e+01 
    2780  1.997802e+01 1.235344e+01 
    2781  -8.969746e+00 2.223879e+01 
    2782  2.300517e+01 9.785822e+00 
    2783  6.555232e+00 1.977470e+01 
    2784  1.564104e+01 1.547422e+01 
    2785  1.907826e+01 1.313836e+01 
    2786  -7.399430e+00 2.230456e+01 
    2787  2.194979e+01 1.080425e+01 
    2788  1.326072e+01 1.686894e+01 
    2789  1.092914e+01 1.803764e+01 
    2790  1.870999e+01 1.345134e+01 
    2791  1.934932e+01 1.297856e+01 
    2792  -8.507021e+00 2.236433e+01 
    2793  -1.004137e+01 2.235081e+01 
    2794  2.086717e+01 1.182259e+01 
    2795  -6.854749e+00 2.237406e+01 
    2796  1.435423e+00 2.133167e+01 
    2797  -1.120563e+01 2.234802e+01 
    2798  1.977408e+01 1.280781e+01 
    2799  1.835195e+01 1.387151e+01 
    2800  2.280374e+01 1.024643e+01 
    2801  2.171929e+01 1.125747e+01 
    2802  1.401450e+01 1.666984e+01 
    2803  4.311465e+00 2.071857e+01 
    2804  -7.142946e+00 2.251145e+01 
    2805  -8.036135e+00 2.253732e+01 
    2806  -9.607061e+00 2.254096e+01 
    2807  2.062898e+01 1.223967e+01 
    2808  5.075712e+00 2.054772e+01 
    2809  7.372702e+00 1.978388e+01 
    2810  -1.075399e+01 2.256882e+01 
    2811  1.532495e+01 1.606477e+01 
    2812  3.646222e+00 2.105189e+01 
    2813  1.958359e+01 1.319564e+01 
    2814  2.259310e+01 1.070290e+01 
    2815  9.958952e+00 1.885708e+01 
    2816  1.805456e+01 1.433647e+01 
    2817  -4.322965e+00 2.250333e+01 
    2818  -5.077026e+00 2.257543e+01 
    2819  2.149794e+01 1.170523e+01 
    2820  -9.162817e+00 2.271153e+01 
    2821  -7.592236e+00 2.272246e+01 
    2822  2.038778e+01 1.265956e+01 
    2823  9.181034e+00 1.924929e+01 
    2824  1.467229e+01 1.655720e+01 
    2825  5.854912e+00 2.048075e+01 
    2826  2.493687e+00 2.143550e+01 
    2827  -5.743426e+00 2.267027e+01 
    2828  -3.510240e+00 2.248819e+01 
    2829  1.932830e+01 1.352183e+01 
    2830  1.711175e+01 1.509968e+01 
    2831  1.758155e+01 1.479423e+01 
    2832  -1.029800e+01 2.278050e+01 
    2833  1.052217e+01 1.876854e+01 
    2834  -6.315912e+00 2.277461e+01 
    2835  1.663053e+01 1.549093e+01 
    2836  2.237331e+01 1.115504e+01 
    2837  -7.214267e+00 2.285211e+01 
    2838  -8.704446e+00 2.286843e+01 
    2839  1.903682e+01 1.387423e+01 
    2840  -6.796655e+00 2.285212e+01 
    2841  2.126919e+01 1.214362e+01 
    2842  2.014174e+01 1.308806e+01 
    2843  1.794081e+01 1.471029e+01 
    2844  -2.684852e+00 2.257899e+01 
    2845  1.514603e+01 1.652937e+01 
    2846  6.630100e+00 2.048595e+01 
    2847  1.620152e+01 1.593948e+01 
    2848  1.118229e+01 1.865959e+01 
    2849  8.238257e+00 1.990748e+01 
    2850  -9.837843e+00 2.298297e+01 
    2851  -6.571307e-01 2.235309e+01 
    2852  1.873585e+01 1.426338e+01 
    2853  1.186676e+01 1.836613e+01 
    2854  -8.230517e+00 2.302953e+01 
    2855  -1.607358e+00 2.252880e+01 
    2856  2.214448e+01 1.160267e+01 
    2857  2.102356e+01 1.257015e+01 
    2858  1.989666e+01 1.348791e+01 
    2859  3.713616e-01 2.226317e+01 
    2860  4.082801e+00 2.141073e+01 
    2861  4.582295e+00 2.129989e+01 
    2862  1.843711e+01 1.465204e+01 
    2863  -9.373711e+00 2.317614e+01 
    2864  3.330641e+00 2.168809e+01 
    2865  -7.769455e+00 2.319088e+01 
    2866  1.582508e+01 1.642326e+01 
    2867  -2.183842e+00 2.279678e+01 
    2868  2.190670e+01 1.204560e+01 
    2869  1.963631e+01 1.386796e+01 
    2870  2.076552e+01 1.299564e+01 
    2871  9.964190e+00 1.946478e+01 
    2872  5.251067e+00 2.119519e+01 
    2873  1.358144e+01 1.774017e+01 
    2874  1.423844e+01 1.741468e+01 
    2875  7.404311e+00 2.051998e+01 
    2876  1.388501e+00 2.224940e+01 
    2877  1.818631e+01 1.500018e+01 
    2878  1.784866e+01 1.527112e+01 
    2879  -7.325233e+00 2.332243e+01 
    2880  1.283812e+01 1.823445e+01 
    2881  -8.905789e+00 2.335994e+01 
    2882  1.483715e+01 1.718254e+01 
    2883  1.935763e+01 1.425035e+01 
    2884  1.746552e+01 1.559049e+01 
    2885  2.051016e+01 1.340836e+01 
    2886  2.166006e+01 1.248367e+01 
    2887  -5.151718e+00 2.329409e+01 
    2888  5.972494e+00 2.114364e+01 
    2889  -5.787877e+00 2.333748e+01 
    2890  -6.855563e+00 2.339276e+01 
    2891  -4.457665e+00 2.325608e+01 
    2892  -6.353593e+00 2.338088e+01 
    2893  1.704854e+01 1.595968e+01 
    2894  -3.712077e+00 2.324983e+01 
    2895  1.545350e+01 1.697115e+01 
    2896  1.065908e+01 1.944413e+01 
    2897  1.906255e+01 1.463163e+01 
    2898  9.144357e+00 2.011520e+01 
    2899  -8.434265e+00 2.353430e+01 
    2900  4.019887e+00 2.188041e+01 
    2901  2.023899e+01 1.382254e+01 
    2902  2.338706e+00 2.231256e+01 
    2903  2.140465e+01 1.291669e+01 
    2904  1.666438e+01 1.635170e+01 
    2905  -2.943788e+00 2.327891e+01 
    2906  1.877171e+01 1.500813e+01 
    2907  6.700994e+00 2.115944e+01 
    2908  -7.959331e+00 2.369914e+01 
    2909  8.194605e+00 2.068630e+01 
    2910  1.996742e+01 1.421955e+01 
    2911  -2.225908e+00 2.332105e+01 
    2912  2.114060e+01 1.334448e+01 
    2913  1.629072e+01 1.677385e+01 
    2914  4.693846e+00 2.189456e+01 
    2915  1.847359e+01 1.536580e+01 
    2916  -1.452350e+00 2.325014e+01 
    2917  1.139429e+01 1.946313e+01 
    2918  -5.374314e-01 2.318664e+01 
    2919  1.814165e+01 1.570097e+01 
    2920  1.967981e+01 1.461859e+01 
    2921  -7.481178e+00 2.385439e+01 
    2922  5.381174e+00 2.181032e+01 
    2923  1.210511e+01 1.918804e+01 
    2924  3.197321e+00 2.244119e+01 
    2925  2.086799e+01 1.376688e+01 
    2926  7.409016e+00 2.118003e+01 
    2927  1.598513e+01 1.717466e+01 
    2928  1.779139e+01 1.604334e+01 
    2929  4.366326e-01 2.314334e+01 
    2930  1.452067e+01 1.806618e+01 
    2931  1.503392e+01 1.778732e+01 
    2932  1.938501e+01 1.500465e+01 
    2933  -7.000000e+00 2.400000e+01 
    2934  1.401218e+01 1.839781e+01 
    2935  1.549899e+01 1.757179e+01 
    2936  1.004495e+01 2.030107e+01 
    2937  1.741206e+01 1.640558e+01 
    2938  6.075397e+00 2.177294e+01 
    2939  -6.476778e+00 2.400000e+01 
    2940  2.058695e+01 1.418371e+01 
    2941  -5.908209e+00 2.400000e+01 
    2942  1.277917e+01 1.910529e+01 
    2943  -5.291797e+00 2.400000e+01 
    2944  1.073889e+01 2.007715e+01 
    2945  1.907942e+01 1.538933e+01 
    2946  -4.625197e+00 2.400000e+01 
    2947  1.704382e+01 1.677691e+01 
    2948  1.398327e+00 2.313654e+01 
    2949  1.584559e+01 1.752259e+01 
    2950  1.354402e+01 1.882273e+01 
    2951  3.982260e+00 2.254777e+01 
    2952  1.119680e+01 1.996845e+01 
    2953  2.029758e+01 1.459481e+01 
    2954  -3.906280e+00 2.400000e+01 
    2955  8.066531e+00 2.130315e+01 
    2956  1.876977e+01 1.576071e+01 
    2957  6.768023e+00 2.179622e+01 
    2958  1.668828e+01 1.714581e+01 
    2959  -3.133213e+00 2.400000e+01 
    2960  9.050191e+00 2.102600e+01 
    2961  2.000000e+01 1.500000e+01 
    2962  1.843920e+01 1.612614e+01 
    2963  2.309695e+00 2.316526e+01 
    2964  -2.304536e+00 2.400000e+01 
    2965  1.635043e+01 1.751227e+01 
    2966  7.402929e+00 2.178733e+01 
    2967  1.809190e+01 1.648753e+01 
    2968  4.814636e+00 2.262772e+01 
    2969  1.969434e+01 1.539913e+01 
    2970  1.329512e+01 1.930519e+01 
    2971  5.524352e+00 2.244085e+01 
    2972  -1.419244e+00 2.400000e+01 
    2973  1.605265e+01 1.782134e+01 
    2974  1.182819e+01 2.005545e+01 
    2975  1.234916e+01 1.981163e+01 
    2976  1.569532e+01 1.806473e+01 
    2977  1.527886e+01 1.832876e+01 
    2978  1.774367e+01 1.684886e+01 
    2979  9.832828e+00 2.101659e+01 
    2980  1.483807e+01 1.862796e+01 
    2981  1.283204e+01 1.967497e+01 
    2982  3.137677e+00 2.321632e+01 
    2983  1.938071e+01 1.579203e+01 
    2984  6.180415e+00 2.237734e+01 
    2985  1.144042e+01 2.036213e+01 
    2986  -4.768781e-01 2.400000e+01 
    2987  1.098992e+01 2.058609e+01 
    2988  8.614722e+00 2.156342e+01 
    2989  1.739315e+01 1.720830e+01 
    2990  7.974086e+00 2.183020e+01 
    2991  1.440259e+01 1.896216e+01 
    2992  1.053748e+01 2.082461e+01 
    2993  1.318262e+01 1.963501e+01 
    2994  1.905924e+01 1.617854e+01 
    2995  1.702883e+01 1.756391e+01 
    2996  1.399200e+01 1.930676e+01 
    2997  5.173078e-01 2.400000e+01 
    2998  6.831307e+00 2.239741e+01 
    2999  3.920286e+00 2.326878e+01 
    3000  1.025870e+01 2.111926e+01 
    3001  1.873007e+01 1.655852e+01 
    3002  8.401609e+00 2.187397e+01 
    3003  1.667568e+01 1.790729e+01 
    3004  5.264070e+00 2.300490e+01 
    3005  1.367468e+01 1.965772e+01 
    3006  1.839332e+01 1.693180e+01 
    3007  1.454540e+00 2.400000e+01 
    3008  1.631994e+01 1.823480e+01 
    3009  7.435118e+00 2.236277e+01 
    3010  5.721183e+00 2.294804e+01 
    3011  1.595078e+01 1.853705e+01 
    3012  1.336466e+01 1.994624e+01 
    3013  1.255937e+01 2.034408e+01 
    3014  1.300209e+01 2.013371e+01 
    3015  4.651910e+00 2.332649e+01 
    3016  1.211211e+01 2.058197e+01 
    3017  1.804914e+01 1.729823e+01 
    3018  1.555391e+01 1.884137e+01 
    3019  9.416159e+00 2.177317e+01 
    3020  1.167325e+01 2.084462e+01 
    3021  2.334710e+00 2.400000e+01 
    3022  6.292299e+00 2.292923e+01 
    3023  8.025274e+00 2.235635e+01 
    3024  1.124289e+01 2.108049e+01 
    3025  9.950899e+00 2.162837e+01 
    3026  1.515018e+01 1.915472e+01 
    3027  1.769765e+01 1.765766e+01 
    3028  8.940559e+00 2.205057e+01 
    3029  1.080065e+01 2.130955e+01 
    3030  1.040579e+01 2.151658e+01 
    3031  8.522093e+00 2.227155e+01 
    3032  1.473617e+01 1.946683e+01 
    3033  1.733902e+01 1.800996e+01 
    3034  3.158329e+00 2.400000e+01 
    3035  5.256389e+00 2.343895e+01 
    3036  1.434670e+01 1.978444e+01 
    3037  6.890974e+00 2.296425e+01 
    3038  1.697336e+01 1.835497e+01 
    3039  1.396272e+01 2.008887e+01 
    3040  1.660085e+01 1.869256e+01 
    3041  5.816446e+00 2.345426e+01 
    3042  7.469545e+00 2.293157e+01 
    3043  1.359926e+01 2.035852e+01 
    3044  3.926444e+00 2.400000e+01 
    3045  1.319731e+01 2.060567e+01 
    3046  1.622162e+01 1.902259e+01 
    3047  1.277414e+01 2.084899e+01 
    3048  1.233327e+01 2.110277e+01 
    3049  1.583584e+01 1.934493e+01 
    3050  6.381603e+00 2.346151e+01 
    3051  1.189757e+01 2.135391e+01 
    3052  4.640553e+00 2.400000e+01 
    3053  1.145241e+01 2.159227e+01 
    3054  1.101644e+01 2.181652e+01 
    3055  1.544364e+01 1.965945e+01 
    3056  1.057837e+01 2.202781e+01 
    3057  9.656258e+00 2.240336e+01 
    3058  1.013280e+01 2.221710e+01 
    3059  8.096036e+00 2.299713e+01 
    3060  9.176995e+00 2.260884e+01 
    3061  8.684275e+00 2.280719e+01 
    3062  1.504521e+01 1.996601e+01 
    3063  5.302517e+00 2.400000e+01 
    3064  6.947158e+00 2.349800e+01 
    3065  1.464069e+01 2.026451e+01 
    3066  7.436282e+00 2.341173e+01 
    3067  1.423025e+01 2.055480e+01 
    3068  1.381406e+01 2.083679e+01 
    3069  7.833106e+00 2.336869e+01 
    3070  5.914488e+00 2.400000e+01 
    3071  1.339227e+01 2.111035e+01 
    3072  1.296508e+01 2.137538e+01 
    3073  1.253264e+01 2.163176e+01 
    3074  6.478828e+00 2.400000e+01 
    3075  1.209513e+01 2.187939e+01 
    3076  1.165274e+01 2.211818e+01 
    3077  1.120563e+01 2.234802e+01 
    3078  1.075399e+01 2.256882e+01 
    3079  1.029800e+01 2.278050e+01 
    3080  9.837843e+00 2.298297e+01 
    3081  7.000000e+00 2.400000e+01 
    3082  9.373711e+00 2.317614e+01 
    3083  7.481178e+00 2.385439e+01 
    3084  8.905789e+00 2.335994e+01 
    3085  7.959331e+00 2.369914e+01 
    3086  8.434265e+00 2.353430e+01 
END_coordinates

$-----------------------------------------------------
Element
volumes 8  
volumes 4  
surfaces 4  
         1          10         20         18         11           1 
         2           3         10         11          5           1 
         3           1          3          5          4           1 
         4           2          1          4          6           1 
         5           9          2          6         13           1 
         6          19          9         13         21           1 
         7          27         19         21         30           1 
         8          38         27         30         39           1 
         9          46         38         39         49           1 
        10          58         46         49         60           1 
        11          68         58         60         71           1 
        12          80         68         71         84           1 
        13          95         80         84         99           1 
        14         111         95         99        115           1 
        15         129        111        115        132           1 
        16         142        129        132        146           1 
        17         157        142        146        160           1 
        18         170        157        160        171           1 
        19         189        170        171        186           1 
        20         206        189        186        201           1 
        21         224        206        201        217           1 
        22         239        224        217        236           1 
        23         260        239        236        253           1 
        24         279        260        253        275           1 
        25         303        279        275        298           1 
        26         322        303        298        321           1 
        27         348        322        321        344           1 
        28         368        348        344        362           1 
        29         383        368        362        381           1 
        30         403        383        381        401           1 
        31         422        403        401        418           1 
        32         441        422        418        435           1 
        33         460        441        435        454           1 
        34         487        460        454        477           1 
        35         505        487        477        498           1 
        36         535        505        498        529           1 
        37         562        535        529        553           1 
        38         586        562        553        582           1 
        39         622        586        582        613           1 
        40         649        622        613        640           1 
        41         681        649        640        672           1 
        42         710        681        672        701           1 
        43         737        710        701        731           1 
        44         767        737        731        758           1 
        45         792        767        758        783           1 
        46         821        792        783        809           1 
        47         848        821        809        836           1 
        48         876        848        836        867           1 
        49         902        876        867        890           1 
        50         932        902        890        917           1 
        51         960        932        917        948           1 
        52         984        960        948        973           1 
        53        1012        984        973       1006           1 
        54        1036       1012       1006       1031           1 
        55        1069       1036       1031       1057           1 
        56        1100       1069       1057       1085           1 
        57        1131       1100       1085       1110           1 
        58        1162       1131       1110       1143           1 
        59        1195       1162       1143       1172           1 
        60        1219       1195       1172       1201           1 
        61        1256       1219       1201       1232           1 
        62        1288       1256       1232       1265           1 
        63        1317       1288       1265       1297           1 
        64        1354       1317       1297       1326           1 
        65        1377       1354       1326       1364           1 
        66        1411       1377       1364       1381           1 
        67        1442       1411       1381       1420           1 
        68        1478       1442       1420       1459           1 
        69        1509       1478       1459       1491           1 
        70        1540       1509       1491       1523           1 
        71        1570       1540       1523       1550           1 
        72        1608       1570       1550       1586           1 
        73        1636       1608       1586       1618           1 
        74        1670       1636       1618       1649           1 
        75        1700       1670       1649       1685           1 
        76        1737       1700       1685       1713           1 
        77        1770       1737       1713       1747           1 
        78        1802       1770       1747       1778           1 
        79        1835       1802       1778       1806           1 
        80        1870       1835       1806       1839           1 
        81        1904       1870       1839       1873           1 
        82        1938       1904       1873       1906           1 
        83        1971       1938       1906       1942           1 
        84        1995       1971       1942       1974           1 
        85        2029       1995       1974       2001           1 
        86        2064       2029       2001       2030           1 
        87        2095       2064       2030       2065           1 
        88        2129       2095       2065       2097           1 
        89        2160       2129       2097       2132           1 
        90        2189       2160       2132       2162           1 
        91        2213       2189       2162       2191           1 
        92        2243       2213       2191       2212           1 
        93        2268       2243       2212       2239           1 
        94        2293       2268       2239       2264           1 
        95        2320       2293       2264       2289           1 
        96        2341       2320       2289       2317           1 
        97        2365       2341       2317       2337           1 
        98        2390       2365       2337       2358           1 
        99        2410       2390       2358       2386           1 
       100        2430       2410       2386       2405           1 
       101        2455       2430       2405       2426           1 
       102        2472       2455       2426       2448           1 
       103        2494       2472       2448       2465           1 
       104        2513       2494       2465       2483           1 
       105        2533       2513       2483       2504           1 
       106        2555       2533       2504       2518           1 
       107        2573       2555       2518       2541           1 
       108        2592       2573       2541       2560           1 
       109        2613       2592       2560       2580           1 
       110        2631       2613       2580       2598           1 
       111        2649       2631       2598       2616           1 
       112        2665       2649       2616       2635           1 
       113        2687       2665       2635       2653           1 
       114        2707       2687       2653       2664           1 
       115        2722       2707       2664       2684           1 
       116        2740       2722       2684       2699           1 
       117        2757       2740       2699       2717           1 
       118        2777       2757       2717       2732           1 
       119        2797       2777       2732       2755           1 
       120        2810       2797       2755       2774           1 
       121        2832       2810       2774       2793           1 
       122        2850       2832       2793       2806           1 
       123        2863       2850       2806       2820           1 
       124        2881       2863       2820       2838           1 
       125        2899       2881       2838       2854           1 
       126        2908       2899       2854       2865           1 
       127        2921       2908       2865       2879           1 
       128        2933       2921       2879       2890           1 
       129        3064       3081       3074       3050           1 
       130        2939       2933       2890       2892           1 
       131        3037       3064       3050       3022           1 
       132        3074       3070       3041       3050           1 
       133          18         23         15         11           1 
       134        2941       2939       2892       2889           1 
       135        2998       3037       3022       2984           1 
       136          23         29         24         15           1 
       137        2957       2998       2984       2938           1 
       138        3070       3063       3035       3041           1 
       139        2943       2941       2889       2887           1 
       140          29         37         33         24           1 
       141        2907       2957       2938       2888           1 
       142        3063       3052       3015       3035           1 
       143        2946       2943       2887       2891           1 
       144          37         48         44         33           1 
       145        2846       2907       2888       2825           1 
       146          48         63         57         44           1 
       147        3052       3044       2999       3015           1 
       148        2783       2846       2825       2758           1 
       149        2954       2946       2891       2894           1 
       150          63         79         72         57           1 
       151        2721       2783       2758       2696           1 
       152        3044       3034       2982       2999           1 
       153        2959       2954       2894       2905           1 
       154        2656       2721       2696       2633           1 
       155          79        100         94         72           1 
       156        3034       3021       2963       2982           1 
       157        2964       2959       2905       2911           1 
       158        2591       2656       2633       2569           1 
       159         100        126        122         94           1 
       160        2523       2591       2569       2502           1 
       161         126        151        149        122           1 
       162        3021       3007       2948       2963           1 
       163        2972       2964       2911       2916           1 
       164        2461       2523       2502       2436           1 
       165         151        179        180        149           1 
       166        3007       2997       2929       2948           1 
       167        2986       2972       2916       2918           1 
       168        2997       2986       2918       2929           1 
       169        2394       2461       2436       2366           1 
       170         179        209        210        180           1 
       171        2318       2394       2366       2296           1 
       172        2237       2318       2296       2215           1 
       173        2158       2237       2215       2138           1 
       174        2070       2158       2138       2046           1 
       175        1981       2070       2046       1966           1 
       176        1899       1981       1966       1884           1 
       177        1810       1899       1884       1798           1 
       178        1729       1810       1798       1717           1 
       179        1647       1729       1717       1642           1 
       180        1564       1647       1642       1562           1 
       181         209        242        244        210           1 
       182        1490       1564       1562       1499           1 
       183        1413       1490       1499       1424           1 
       184        1348       1413       1424       1362           1 
       185        1268       1348       1362       1294           1 
       186        1204       1268       1294       1224           1 
       187        1136       1204       1224       1161           1 
       188        1075       1136       1161       1096           1 
       189        1011       1075       1096       1033           1 
       190         958       1011       1033        980           1 
       191         901        958        980        928           1 
       192         850        901        928        874           1 
       193         796        850        874        820           1 
       194         745        796        820        765           1 
       195         695        745        765        706           1 
       196         627        695        706        637           1 
       197         563        627        637        569           1 
       198         501        563        569        509           1 
       199         457        501        509        459           1 
       200         414        457        459        416           1 
       201         376        414        416        378           1 
       202         337        376        378        338           1 
       203         283        337        338        286           1 
       204         242        283        286        244           1 
       205          11         15         12          5           1 
       206           4          5         12          7           1 
       207           6          4          7          8           1 
       208          13          6          8         14           1 
       209          21         13         14         22           1 
       210          30         21         22         32           1 
       211          39         30         32         43           1 
       212          49         39         43         56           1 
       213          60         49         56         64           1 
       214          71         60         64         77           1 
       215          84         71         77         89           1 
       216          99         84         89        103           1 
       217         115         99        103        117           1 
       218         132        115        117        137           1 
       219         146        132        137        148           1 
       220         160        146        148        163           1 
       221         171        160        163        173           1 
       222         186        171        173        185           1 
       223         201        186        185        198           1 
       224         217        201        198        211           1 
       225         236        217        211        232           1 
       226         253        236        232        247           1 
       227         275        253        247        271           1 
       228         298        275        271        292           1 
       229         321        298        292        320           1 
       230         344        321        320        340           1 
       231         362        344        340        360           1 
       232         381        362        360        379           1 
       233         401        381        379        399           1 
       234         418        401        399        423           1 
       235         435        418        423        443           1 
       236         454        435        443        452           1 
       237         477        454        452        469           1 
       238         498        477        469        492           1 
       239         529        498        492        522           1 
       240         553        529        522        547           1 
       241         582        553        547        579           1 
       242         613        582        579        604           1 
       243         640        613        604        631           1 
       244         672        640        631        663           1 
       245         701        672        663        692           1 
       246         731        701        692        724           1 
       247         758        731        724        746           1 
       248         783        758        746        769           1 
       249         809        783        769        794           1 
       250         836        809        794        822           1 
       251         867        836        822        851           1 
       252         890        867        851        880           1 
       253         917        890        880        906           1 
       254         948        917        906        939           1 
       255         973        948        939        967           1 
       256        1006        973        967        997           1 
       257        1031       1006        997       1028           1 
       258        1057       1031       1028       1050           1 
       259        1085       1057       1050       1066           1 
       260        1110       1085       1066       1093           1 
       261        1143       1110       1093       1125           1 
       262        1172       1143       1125       1154           1 
       263        1201       1172       1154       1180           1 
       264        1232       1201       1180       1210           1 
       265        1265       1232       1210       1241           1 
       266        1297       1265       1241       1272           1 
       267        1326       1297       1272       1312           1 
       268        1364       1326       1312       1344           1 
       269        1381       1364       1344       1359           1 
       270        1420       1381       1359       1406           1 
       271        1459       1420       1406       1441           1 
       272        1491       1459       1441       1475           1 
       273        1523       1491       1475       1507           1 
       274        1550       1523       1507       1529           1 
       275        1586       1550       1529       1558           1 
       276        1618       1586       1558       1599           1 
       277        1649       1618       1599       1626           1 
       278        1685       1649       1626       1661           1 
       279        1713       1685       1661       1693           1 
       280        1747       1713       1693       1722           1 
       281        1778       1747       1722       1754           1 
       282        1806       1778       1754       1783           1 
       283        1839       1806       1783       1808           1 
       284        1873       1839       1808       1845           1 
       285        1906       1873       1845       1877           1 
       286        1942       1906       1877       1910           1 
       287        1974       1942       1910       1943           1 
       288        2001       1974       1943       1972           1 
       289        2030       2001       1972       1998           1 
       290        2065       2030       1998       2032           1 
       291        2097       2065       2032       2067           1 
       292        2132       2097       2067       2099           1 
       293        2162       2132       2099       2134           1 
       294        2191       2162       2134       2161           1 
       295        2212       2191       2161       2188           1 
       296        2239       2212       2188       2206           1 
       297        2264       2239       2206       2233           1 
       298        2289       2264       2233       2260           1 
       299        2317       2289       2260       2285           1 
       300        2337       2317       2285       2310           1 
       301        2358       2337       2310       2336           1 
       302        2386       2358       2336       2354           1 
       303        2405       2386       2354       2374           1 
       304        2426       2405       2374       2397           1 
       305        2448       2426       2397       2415           1 
       306        2465       2448       2415       2431           1 
       307        2483       2465       2431       2453           1 
       308        2504       2483       2453       2468           1 
       309        2518       2504       2468       2493           1 
       310        2541       2518       2493       2514           1 
       311        2560       2541       2514       2528           1 
       312        2580       2560       2528       2549           1 
       313        2598       2580       2549       2563           1 
       314        2616       2598       2563       2579           1 
       315        2635       2616       2579       2602           1 
       316        2653       2635       2602       2626           1 
       317        2664       2653       2626       2634           1 
       318        2684       2664       2634       2640           1 
       319        2699       2684       2640       2655           1 
       320        2717       2699       2655       2674           1 
       321        2732       2717       2674       2695           1 
       322        2755       2732       2695       2716           1 
       323        2774       2755       2716       2735           1 
       324        2793       2774       2735       2751           1 
       325        2806       2793       2751       2768           1 
       326        2820       2806       2768       2781           1 
       327        2838       2820       2781       2792           1 
       328        2854       2838       2792       2805           1 
       329        2865       2854       2805       2821           1 
       330        2879       2865       2821       2837           1 
       331        2890       2879       2837       2840           1 
       332        3050       3041       3010       3022           1 
       333        2984       3022       3010       2971           1 
       334        2938       2984       2971       2922           1 
       335          15         24         17         12           1 
       336        3041       3035       3004       3010           1 
       337        2892       2890       2840       2834           1 
       338        2889       2892       2834       2827           1 
       339          24         33         26         17           1 
       340        2888       2938       2922       2872           1 
       341        2887       2889       2827       2818           1 
       342        2891       2887       2818       2817           1 
       343        2825       2888       2872       2808           1 
       344        2758       2825       2808       2743           1 
       345        2696       2758       2743       2678           1 
       346        2633       2696       2678       2607           1 
       347        2569       2633       2607       2539           1 
       348          33         44         36         26           1 
       349        3035       3015       2968       3004           1 
       350          44         57         52         36           1 
       351          57         72         69         52           1 
       352          72         94         91         69           1 
       353          94        122        120         91           1 
       354        3015       2999       2951       2968           1 
       355        2999       2982       2924       2951           1 
       356        2982       2963       2902       2924           1 
       357        2963       2948       2876       2902           1 
       358        2948       2929       2859       2876           1 
       359        2929       2918       2851       2859           1 
       360        2918       2916       2855       2851           1 
       361        2916       2911       2867       2855           1 
       362        2911       2905       2844       2867           1 
       363        2905       2894       2828       2844           1 
       364        2894       2891       2817       2828           1 
       365         122        149        152        120           1 
       366        2502       2569       2539       2476           1 
       367        2436       2502       2476       2409           1 
       368         149        180        181        152           1 
       369        2366       2436       2409       2339           1 
       370         180        210        213        181           1 
       371         210        244        249        213           1 
       372         244        286        291        249           1 
       373         286        338        342        291           1 
       374         338        378        380        342           1 
       375         378        416        420        380           1 
       376         416        459        467        420           1 
       377         459        509        520        467           1 
       378         509        569        581        520           1 
       379         569        637        653        581           1 
       380         637        706        725        653           1 
       381         706        765        786        725           1 
       382         765        820        843        786           1 
       383         820        874        899        843           1 
       384         874        928        957        899           1 
       385         928        980       1009        957           1 
       386         980       1033       1065       1009           1 
       387        1033       1096       1123       1065           1 
       388        1096       1161       1188       1123           1 
       389        1161       1224       1251       1188           1 
       390        1224       1294       1313       1251           1 
       391        1294       1362       1373       1313           1 
       392        1362       1424       1438       1373           1 
       393        1424       1499       1508       1438           1 
       394        1499       1562       1565       1508           1 
       395        1562       1642       1637       1565           1 
       396        1642       1717       1707       1637           1 
       397        1717       1798       1790       1707           1 
       398        1798       1884       1866       1790           1 
       399        1884       1966       1951       1866           1 
       400        1966       2046       2027       1951           1 
       401        2046       2138       2115       2027           1 
       402        2138       2215       2197       2115           1 
       403        2296       2366       2339       2269           1 
       404        2215       2296       2269       2197           1 
       405           7         12         17         16           1 
       406           8          7         16         14           1 
       407          14         16         25         22           1 
       408        2971       3010       3004       2968           1 
       409        2922       2971       2968       2914           1 
       410        2872       2922       2914       2861           1 
       411          32         22         25         35           1 
       412          43         32         35         50           1 
       413          56         43         50         62           1 
       414          64         56         62         74           1 
       415          77         64         74         83           1 
       416          89         77         83         96           1 
       417         103         89         96        110           1 
       418         117        103        110        127           1 
       419         137        117        127        144           1 
       420         148        137        144        164           1 
       421         163        148        164        173           1 
       422        2808       2872       2861       2803           1 
       423          17         26         25         16           1 
       424          26         36         35         25           1 
       425          35         36         52         50           1 
       426        2743       2808       2803       2733           1 
       427        2968       2951       2900       2914           1 
       428        2951       2924       2864       2900           1 
       429        2924       2902       2826       2864           1 
       430        2902       2876       2796       2826           1 
       431        2678       2743       2733       2660           1 
       432        2607       2678       2660       2587           1 
       433        2539       2607       2587       2517           1 
       434        2476       2539       2517       2456           1 
       435        2409       2476       2456       2387           1 
       436        2876       2859       2775       2796           1 
       437        2339       2409       2387       2319           1 
       438        2269       2339       2319       2247           1 
       439        2197       2269       2247       2176           1 
       440        2115       2197       2176       2092           1 
       441        2027       2115       2092       2010           1 
       442        1951       2027       2010       1928           1 
       443        1866       1951       1928       1852           1 
       444        1790       1866       1852       1774           1 
       445        1707       1790       1774       1699           1 
       446        1637       1707       1699       1633           1 
       447        1565       1637       1633       1571           1 
       448        1508       1565       1571       1514           1 
       449        2859       2851       2766       2775           1 
       450        2851       2855       2776       2766           1 
       451        2855       2867       2844       2776           1 
       452        1438       1508       1514       1454           1 
       453        1373       1438       1454       1393           1 
       454        1313       1373       1393       1337           1 
       455        1251       1313       1337       1277           1 
       456        1188       1251       1277       1216           1 
       457        1123       1188       1216       1157           1 
       458        1065       1123       1157       1097           1 
       459        1009       1065       1097       1037           1 
       460         957       1009       1037        986           1 
       461         899        957        986        930           1 
       462         843        899        930        873           1 
       463         786        843        873        806           1 
       464         725        786        806        739           1 
       465         653        725        739        670           1 
       466         581        653        670        595           1 
       467         520        581        595        531           1 
       468         467        520        531        473           1 
       469         420        467        473        426           1 
       470         380        420        426        384           1 
       471         342        380        384        345           1 
       472         291        342        345        297           1 
       473         249        291        297        252           1 
       474         213        249        252        216           1 
       475         181        213        216        182           1 
       476         152        181        182        153           1 
       477         120        152        153        123           1 
       478          91        120        123         93           1 
       479          52         69         70         50           1 
       480          69         91         93         70           1 
       481        2792       2781       2734       2737           1 
       482        2805       2792       2737       2759           1 
       483        2821       2805       2759       2786           1 
       484        2837       2821       2786       2804           1 
       485        2781       2768       2730       2734           1 
       486        2768       2751       2720       2730           1 
       487        2751       2735       2701       2720           1 
       488        2735       2716       2680       2701           1 
       489        2716       2695       2651       2680           1 
       490        2695       2674       2628       2651           1 
       491        2674       2655       2609       2628           1 
       492        2655       2640       2601       2609           1 
       493        2640       2634       2595       2601           1 
       494        2634       2626       2602       2595           1 
       495        2840       2837       2804       2795           1 
       496        2834       2840       2795       2779           1 
       497        2827       2834       2779       2761           1 
       498        2818       2827       2761       2749           1 
       499        2817       2818       2749       2746           1 
       500        2828       2817       2746       2750           1 
       501        2844       2828       2750       2776           1 
       502         724        692        686        719           1 
       503         746        724        719        738           1 
       504         769        746        738        753           1 
       505         794        769        753        774           1 
       506         822        794        774        803           1 
       507         851        822        803        832           1 
       508         692        663        647        686           1 
       509         880        851        832        868           1 
       510         663        631        621        647           1 
       511         631        604        600        621           1 
       512         906        880        868        897           1 
       513         604        579        580        600           1 
       514         579        547        546        580           1 
       515         939        906        897        926           1 
       516         547        522        514        546           1 
       517         522        492        480        514           1 
       518         967        939        926        961           1 
       519         997        967        961        994           1 
       520        1028        997        994       1034           1 
       521        1050       1028       1034       1066           1 
       522         492        469        451        480           1 
       523         469        452        443        451           1 
       524         443        423        428        451           1 
       525         423        399        398        428           1 
       526         399        379        375        398           1 
       527         379        360        357        375           1 
       528         360        340        339        357           1 
       529         340        320        318        339           1 
       530         320        292        289        318           1 
       531         292        271        270        289           1 
       532         271        247        245        270           1 
       533         247        232        228        245           1 
       534         232        211        208        228           1 
       535         211        198        188        208           1 
       536         185        173        188        198           1 
       537        1877       1845       1811       1850           1 
       538        1910       1877       1850       1882           1 
       539        1943       1910       1882       1913           1 
       540        1845       1808       1782       1811           1 
       541        1808       1783       1750       1782           1 
       542        1783       1754       1721       1750           1 
       543        1754       1722       1697       1721           1 
       544        1722       1693       1674       1697           1 
       545        1693       1661       1643       1674           1 
       546        1661       1626       1617       1643           1 
       547        1626       1599       1578       1617           1 
       548        1972       1943       1913       1934           1 
       549        1599       1558       1541       1578           1 
       550        1558       1529       1500       1541           1 
       551        1529       1507       1487       1500           1 
       552        1507       1475       1462       1487           1 
       553        1475       1441       1431       1462           1 
       554        1441       1406       1401       1431           1 
       555        1406       1359       1334       1401           1 
       556        1998       1972       1934       1968           1 
       557        2032       1998       1968       1997           1 
       558        2067       2032       1997       2034           1 
       559        2099       2067       2034       2069           1 
       560        2134       2099       2069       2101           1 
       561        2161       2134       2101       2133           1 
       562        2188       2161       2133       2157           1 
       563        2206       2188       2157       2183           1 
       564        2233       2206       2183       2202           1 
       565        2260       2233       2202       2226           1 
       566        2285       2260       2226       2256           1 
       567        2310       2285       2256       2279           1 
       568        2336       2310       2279       2302           1 
       569        2354       2336       2302       2327           1 
       570        2374       2354       2327       2343           1 
       571        2397       2374       2343       2362           1 
       572        2415       2397       2362       2384           1 
       573        2431       2415       2384       2402           1 
       574        2453       2431       2402       2418           1 
       575        2468       2453       2418       2438           1 
       576        2493       2468       2438       2467           1 
       577        2514       2493       2467       2491           1 
       578        2528       2514       2491       2495           1 
       579        2549       2528       2495       2519           1 
       580        2563       2549       2519       2524           1 
       581        2579       2563       2524       2538           1 
       582        2602       2579       2538       2564           1 
       583        1344       1312       1302       1359           1 
       584        1312       1272       1257       1302           1 
       585        1272       1241       1215       1257           1 
       586        1241       1210       1184       1215           1 
       587        1210       1180       1155       1184           1 
       588        1180       1154       1141       1155           1 
       589        1154       1125       1112       1141           1 
       590        1125       1093       1081       1112           1 
       591        1093       1066       1034       1081           1 
       592        1334       1359       1302       1283           1 
       593        1401       1334       1310       1371           1 
       594        1431       1401       1446       1462           1 
       595        2595       2602       2564       2553           1 
       596        2861       2914       2900       2860           1 
       597        1302       1257       1230       1283           1 
       598        1310       1334       1283       1258           1 
       599        1257       1215       1190       1230           1 
       600        1215       1184       1150       1190           1 
       601        1184       1155       1116       1150           1 
       602        1155       1141       1112       1116           1 
       603        1112       1081       1070       1116           1 
       604        1081       1034       1024       1070           1 
       605        1034        994        981       1024           1 
       606         994        961        947        981           1 
       607         961        926        914        947           1 
       608         926        897        895        914           1 
       609         173        164        176        188           1 
       610        2601       2595       2553       2550           1 
       611         208        188        176        207           1 
       612         228        208        207        229           1 
       613         245        228        229        248           1 
       614         270        245        248        272           1 
       615         289        270        272        293           1 
       616         318        289        293        316           1 
       617         339        318        316        336           1 
       618         357        339        336        352           1 
       619         375        357        352        370           1 
       620         398        375        370        391           1 
       621         428        398        391        410           1 
       622        2609       2601       2550       2561           1 
       623        2628       2609       2561       2583           1 
       624        2651       2628       2583       2614           1 
       625        2680       2651       2614       2642           1 
       626        2701       2680       2642       2669           1 
       627        2720       2701       2669       2688           1 
       628        2730       2720       2688       2705           1 
       629        2734       2730       2705       2694           1 
       630        2737       2734       2694       2672           1 
       631        2759       2737       2672       2715           1 
       632        2786       2759       2715       2752           1 
       633        2804       2786       2752       2795           1 
       634        2779       2795       2752       2723           1 
       635        2761       2779       2723       2704           1 
       636        2749       2761       2704       2686           1 
       637         480        451        428        461           1 
       638         514        480        461        507           1 
       639         546        514        507        554           1 
       640         580        546        554        592           1 
       641         600        580        592        621           1 
       642         647        621        592        630           1 
       643         686        647        630        688           1 
       644         753        738        719        728           1 
       645         774        753        728        749           1 
       646         803        774        749        788           1 
       647         832        803        788        817           1 
       648        2803       2861       2860       2812           1 
       649        2900       2864       2812       2860           1 
       650        2864       2826       2744       2812           1 
       651        2826       2796       2713       2744           1 
       652        2746       2749       2686       2676           1 
       653        2750       2746       2676       2670           1 
       654        2776       2750       2670       2677           1 
       655          62         50         70         78           1 
       656          74         62         78         85           1 
       657          83         74         85         92           1 
       658          96         83         92        106           1 
       659         110         96        106        116           1 
       660         127        110        116        134           1 
       661         144        127        134        155           1 
       662         164        144        155        176           1 
       663          70         93         98         78           1 
       664        2733       2803       2812       2744           1 
       665        2660       2733       2744       2648           1 
       666        2587       2660       2648       2571           1 
       667        2517       2587       2571       2500           1 
       668        2456       2517       2500       2429           1 
       669        2387       2456       2429       2363           1 
       670        2319       2387       2363       2297           1 
       671        2247       2319       2297       2222           1 
       672        2176       2247       2222       2151           1 
       673        2092       2176       2151       2072           1 
       674        2796       2775       2692       2713           1 
       675        2010       2092       2072       1988           1 
       676        1928       2010       1988       1917           1 
       677        1852       1928       1917       1832           1 
       678        1774       1852       1832       1760           1 
       679        1699       1774       1760       1694           1 
       680        1633       1699       1694       1631           1 
       681        1571       1633       1631       1581           1 
       682        1514       1571       1581       1528           1 
       683        1454       1514       1528       1476           1 
       684        1393       1454       1476       1417           1 
       685        1337       1393       1417       1368           1 
       686        1277       1337       1368       1308           1 
       687          93        123        125         98           1 
       688        1216       1277       1308       1253           1 
       689         123        153        154        125           1 
       690         153        182        183        154           1 
       691         182        216        219        183           1 
       692         216        252        256        219           1 
       693         252        297        301        256           1 
       694         297        345        349        301           1 
       695         345        384        390        349           1 
       696         384        426        430        390           1 
       697         426        473        485        430           1 
       698         473        531        542        485           1 
       699        1157       1216       1253       1194           1 
       700        1097       1157       1194       1134           1 
       701        1037       1097       1134       1076           1 
       702         986       1037       1076       1018           1 
       703         930        986       1018        965           1 
       704         531        595        614        542           1 
       705         595        670        689        614           1 
       706        2775       2766       2682       2692           1 
       707        2766       2776       2677       2682           1 
       708         670        739        764        689           1 
       709         739        806        834        764           1 
       710         873        930        965        900           1 
       711         806        873        900        834           1 
       712        1578       1541       1525       1561           1 
       713        1617       1578       1561       1604           1 
       714        1643       1617       1604       1623           1 
       715        1541       1500       1480       1525           1 
       716        1674       1643       1623       1657           1 
       717        1500       1487       1462       1446           1 
       718        1697       1674       1657       1682           1 
       719        1721       1697       1682       1688           1 
       720        1750       1721       1688       1711           1 
       721        1782       1750       1711       1744           1 
       722        1811       1782       1744       1784           1 
       723        1850       1811       1784       1819           1 
       724        1882       1850       1819       1856           1 
       725        1913       1882       1856       1889           1 
       726        1934       1913       1889       1895           1 
       727        1968       1934       1895       1924           1 
       728        1997       1968       1924       1967           1 
       729        2034       1997       1967       1993           1 
       730        2069       2034       1993       2031           1 
       731        2101       2069       2031       2066           1 
       732        2133       2101       2066       2105           1 
       733        2157       2133       2105       2130           1 
       734        2183       2157       2130       2152           1 
       735        2202       2183       2152       2170           1 
       736        2226       2202       2170       2193           1 
       737        2256       2226       2193       2218           1 
       738        2279       2256       2218       2245           1 
       739        2302       2279       2245       2274           1 
       740        2327       2302       2274       2298           1 
       741        2343       2327       2298       2312           1 
       742        2362       2343       2312       2329           1 
       743        2384       2362       2329       2351           1 
       744        2402       2384       2351       2375           1 
       745        2418       2402       2375       2372           1 
       746        2438       2418       2372       2391           1 
       747        2467       2438       2391       2449           1 
       748        2491       2467       2449       2495           1 
       749        2524       2519       2495       2488           1 
       750        2538       2524       2488       2501           1 
       751        2564       2538       2501       2553           1 
       752         832        817        837        868           1 
       753        1480       1500       1446       1423           1 
       754        1371       1423       1446       1401           1 
       755         817        805        823        837           1 
       756        2723       2752       2715       2675           1 
       757        2704       2723       2675       2641           1 
       758        2715       2672       2623       2675           1 
       759         592        554        568        630           1 
       760         554        507        519        568           1 
       761         507        461        475        519           1 
       762         461        428        410        434           1 
       763         897        868        881        895           1 
       764          85         78         98        101           1 
       765          92         85        101        102           1 
       766         106         92        102        113           1 
       767         116        106        113        121           1 
       768         134        116        121        138           1 
       769         155        134        138        168           1 
       770         176        155        168        194           1 
       771         207        176        194        214           1 
       772         229        207        214        238           1 
       773         248        229        238        258           1 
       774         272        248        258        277           1 
       775         293        272        277        299           1 
       776         316        293        299        319           1 
       777         336        316        319        329           1 
       778         352        336        329        347           1 
       779         370        352        347        358           1 
       780         391        370        358        377           1 
       781         410        391        377        407           1 
       782        1283       1230       1206       1258           1 
       783        1230       1190       1160       1206           1 
       784        1190       1150       1117       1160           1 
       785        1150       1116       1098       1117           1 
       786        1116       1070       1061       1098           1 
       787        1070       1024       1013       1061           1 
       788        1024        981        969       1013           1 
       789         981        947        931        969           1 
       790         947        914        898        931           1 
       791         914        895        881        898           1 
       792        2686       2704       2641       2621           1 
       793        2676       2686       2621       2605           1 
       794        2670       2676       2605       2589           1 
       795        2677       2670       2589       2584           1 
       796        2682       2677       2584       2597           1 
       797        2692       2682       2597       2612           1 
       798        2713       2692       2612       2629           1 
       799        2744       2713       2629       2648           1 
       800        2571       2648       2629       2554           1 
       801        2500       2571       2554       2480           1 
       802        2429       2500       2480       2413           1 
       803        2363       2429       2413       2340           1 
       804        2297       2363       2340       2271           1 
       805        2222       2297       2271       2199           1 
       806        2151       2222       2199       2128           1 
       807        2072       2151       2128       2045           1 
       808        1988       2072       2045       1976           1 
       809        1917       1988       1976       1898           1 
       810        1832       1917       1898       1822           1 
       811        1760       1832       1822       1753           1 
       812        1694       1760       1753       1689           1 
       813        1631       1694       1689       1629           1 
       814        1581       1631       1629       1589           1 
       815        1528       1581       1589       1544           1 
       816        1476       1528       1544       1504           1 
       817        1417       1476       1504       1450           1 
       818        1368       1417       1450       1400           1 
       819        1308       1368       1400       1349           1 
       820        1253       1308       1349       1292           1 
       821        1194       1253       1292       1231           1 
       822        1134       1194       1231       1174           1 
       823        1076       1134       1174       1114           1 
       824        1018       1076       1114       1059           1 
       825         965       1018       1059       1001           1 
       826         900        965       1001        941           1 
       827         834        900        941        866           1 
       828          98        125        128        101           1 
       829         125        154        158        128           1 
       830         154        183        192        158           1 
       831         183        219        225        192           1 
       832         219        256        262        225           1 
       833         256        301        307        262           1 
       834         301        349        350        307           1 
       835         349        390        394        350           1 
       836         390        430        439        394           1 
       837         430        485        494        439           1 
       838         485        542        555        494           1 
       839         542        614        632        555           1 
       840         764        834        866        789           1 
       841         614        689        711        632           1 
       842         689        764        789        711           1 
       843        1682       1657       1646       1688           1 
       844        1657       1623       1612       1646           1 
       845        1623       1604       1594       1612           1 
       846        1604       1561       1557       1594           1 
       847        1561       1525       1519       1557           1 
       848        1525       1480       1465       1519           1 
       849        2688       2669       2646       2658           1 
       850        2705       2688       2658       2694           1 
       851        2669       2642       2619       2646           1 
       852        2672       2694       2658       2608           1 
       853        2608       2658       2646       2619           1 
       854        2642       2614       2574       2619           1 
       855        2614       2583       2530       2574           1 
       856        2583       2561       2508       2530           1 
       857        2561       2550       2497       2508           1 
       858        2550       2553       2501       2497           1 
       859        2495       2449       2439       2488           1 
       860        2501       2488       2439       2434           1 
       861        2066       2031       1989       2035           1 
       862        2105       2066       2035       2080           1 
       863        1989       2031       1993       1965           1 
       864        1993       1967       1922       1965           1 
       865        2130       2105       2080       2103           1 
       866        1967       1924       1890       1922           1 
       867        1924       1895       1868       1890           1 
       868        2152       2130       2103       2125           1 
       869        2170       2152       2125       2120           1 
       870        1895       1889       1856       1840           1 
       871        1856       1819       1794       1840           1 
       872        1819       1784       1746       1794           1 
       873        1784       1744       1703       1746           1 
       874        1744       1711       1683       1703           1 
       875        1711       1688       1666       1683           1 
       876        2391       2372       2314       2313           1 
       877        2372       2375       2351       2314           1 
       878        2329       2312       2277       2286           1 
       879        2312       2298       2275       2277           1 
       880        2298       2274       2249       2275           1 
       881        2351       2329       2286       2314           1 
       882        2245       2218       2182       2208           1 
       883        2193       2170       2120       2153           1 
       884        2193       2153       2182       2218           1 
       885         788        749        752        781           1 
       886         728        688        703        749           1 
       887        1371       1310       1285       1355           1 
       888        1310       1258       1233       1285           1 
       889        2118       2153       2120       2082           1 
       890        1666       1688       1646       1628           1 
       891        2103       2080       2035       2074           1 
       892        2125       2103       2074       2120           1 
       893         113        102        101        128           1 
       894         121        113        128        138           1 
       895         138        128        158        168           1 
       896        2314       2286       2230       2238           1 
       897        2274       2245       2208       2249           1 
       898        2277       2275       2249       2229           1 
       899        1646       1612       1577       1628           1 
       900        1683       1666       1628       1638           1 
       901        1612       1594       1557       1577           1 
       902         788        781        805        817           1 
       903         749        703        726        752           1 
       904        1703       1683       1638       1660           1 
       905         475        461        434        437           1 
       906         437        434        410        407           1 
       907        1746       1703       1660       1705           1 
       908        1465       1480       1423       1408           1 
       909        1355       1408       1423       1371           1 
       910        1557       1519       1517       1577           1 
       911        1519       1465       1455       1517           1 
       912        1258       1206       1182       1233           1 
       913        1206       1160       1126       1182           1 
       914         868        837        859        881           1 
       915        1794       1746       1705       1764           1 
       916        1895       1840       1825       1868           1 
       917        1840       1794       1764       1825           1 
       918        1160       1117       1067       1126           1 
       919        1117       1098       1061       1067           1 
       920        2449       2391       2373       2439           1 
       921        2313       2306       2373       2391           1 
       922        2672       2608       2562       2623           1 
       923        2619       2574       2543       2608           1 
       924        2574       2530       2470       2543           1 
       925        2530       2508       2446       2470           1 
       926        2508       2497       2433       2446           1 
       927        2497       2501       2434       2433           1 
       928         898        881        859        878           1 
       929        2313       2314       2238       2236           1 
       930        2306       2313       2236       2228           1 
       931         931        898        878        907           1 
       932        1061       1013       1000       1067           1 
       933        1013        969        951       1000           1 
       934         969        931        907        951           1 
       935         703        688        630        660           1 
       936        2554       2629       2612       2532           1 
       937        2480       2554       2532       2463           1 
       938        2413       2480       2463       2396           1 
       939        2340       2413       2396       2326           1 
       940        2271       2340       2326       2254           1 
       941        2199       2271       2254       2185           1 
       942        2128       2199       2185       2108           1 
       943        2045       2128       2108       2026           1 
       944        1976       2045       2026       1954           1 
       945        1898       1976       1954       1879           1 
       946        1822       1898       1879       1801           1 
       947        1753       1822       1801       1736           1 
       948        1689       1753       1736       1675           1 
       949        1629       1689       1675       1621           1 
       950        1589       1629       1621       1596           1 
       951        1544       1589       1596       1563           1 
       952        1504       1544       1563       1532           1 
       953        1450       1504       1532       1488           1 
       954        1400       1450       1488       1439           1 
       955        1349       1400       1439       1384           1 
       956        1292       1349       1384       1331           1 
       957        1231       1292       1331       1279           1 
       958        1174       1231       1279       1218           1 
       959        1114       1174       1218       1168           1 
       960         630        568        585        660           1 
       961         568        519        533        585           1 
       962         519        475        489        533           1 
       963        1059       1114       1168       1105           1 
       964        2434       2439       2373       2369           1 
       965        1001       1059       1105       1049           1 
       966         158        192        199        168           1 
       967         192        225        230        199           1 
       968         194        168        199        212           1 
       969         214        194        212        234           1 
       970         238        214        234        246           1 
       971         258        238        246        267           1 
       972         277        258        267        282           1 
       973         299        277        282        306           1 
       974         319        299        306        315           1 
       975         329        319        315        323           1 
       976         347        329        323        335           1 
       977         225        262        266        230           1 
       978         262        307        308        266           1 
       979         307        350        356        308           1 
       980         350        394        404        356           1 
       981         394        439        449        404           1 
       982         439        494        503        449           1 
       983         494        555        573        503           1 
       984         555        632        652        573           1 
       985         632        711        734        652           1 
       986         711        789        810        734           1 
       987         941       1001       1049        995           1 
       988         789        866        894        810           1 
       989         866        941        995        894           1 
       990        2612       2597       2512       2532           1 
       991        2597       2584       2487       2512           1 
       992        2584       2589       2509       2487           1 
       993        2589       2605       2526       2509           1 
       994        2605       2621       2552       2526           1 
       995        2621       2641       2576       2552           1 
       996        2641       2675       2623       2576           1 
       997        1989       1965       1927       1940           1 
       998        1965       1922       1892       1927           1 
       999        2035       1989       1940       1962           1 
      1000        1922       1890       1826       1892           1 
      1001        1890       1868       1825       1826           1 
      1002        2208       2182       2142       2175           1 
      1003        1285       1233       1211       1246           1 
      1004        1355       1285       1246       1332           1 
      1005         347        335        334        358           1 
      1006        1596       1621       1609       1563           1 
      1007         335        323        314        334           1 
      1008         315        306        314        323           1 
      1009         306        282        294        314           1 
      1010        2035       1962       2024       2074           1 
      1011        2208       2175       2229       2249           1 
      1012        1621       1675       1654       1609           1 
      1013        2286       2277       2229       2230           1 
      1014        1408       1355       1332       1398           1 
      1015        1465       1408       1398       1455           1 
      1016         726        703        660        713           1 
      1017         781        752        754        785           1 
      1018         805        781        785        808           1 
      1019         837        823        835        859           1 
      1020         823        805        808        835           1 
      1021         377        358        334        363           1 
      1022        2142       2182       2153       2118           1 
      1023        2175       2142       2093       2104           1 
      1024        2229       2175       2172       2230           1 
      1025        2238       2230       2172       2168           1 
      1026        2373       2306       2300       2369           1 
      1027        1825       1764       1739       1826           1 
      1028        1764       1705       1667       1739           1 
      1029        1705       1660       1602       1667           1 
      1030        1660       1638       1583       1602           1 
      1031        1638       1628       1577       1583           1 
      1032        1675       1736       1712       1654           1 
      1033         282        267        276        294           1 
      1034        2623       2562       2503       2576           1 
      1035        2562       2608       2543       2522           1 
      1036        1736       1801       1786       1712           1 
      1037        1577       1517       1513       1583           1 
      1038        1517       1455       1447       1513           1 
      1039        1532       1563       1609       1572           1 
      1040        2228       2236       2164       2156           1 
      1041        2236       2238       2168       2164           1 
      1042        2300       2306       2228       2224           1 
      1043        1488       1532       1572       1534           1 
      1044        2434       2369       2364       2433           1 
      1045         407        377        363        402           1 
      1046        1801       1879       1858       1786           1 
      1047        2543       2470       2471       2522           1 
      1048        1439       1488       1534       1489           1 
      1049        1384       1439       1489       1436           1 
      1050         475        437        448        489           1 
      1051         437        407        402        448           1 
      1052        1879       1954       1932       1858           1 
      1053        1954       2026       2008       1932           1 
      1054        1331       1384       1436       1380           1 
      1055        1279       1331       1380       1329           1 
      1056        1218       1279       1329       1271           1 
      1057        1233       1182       1165       1211           1 
      1058        1182       1126       1101       1165           1 
      1059        1126       1067       1035       1101           1 
      1060        1067       1000        974       1035           1 
      1061        2026       2108       2087       2008           1 
      1062        2108       2185       2166       2087           1 
      1063        1000        951        918        974           1 
      1064        2185       2254       2235       2166           1 
      1065        2254       2326       2307       2235           1 
      1066        2326       2396       2376       2307           1 
      1067        2396       2463       2445       2376           1 
      1068        2463       2532       2512       2445           1 
      1069         951        907        882        918           1 
      1070         907        878        853        882           1 
      1071         878        859        835        853           1 
      1072         212        199        230        240           1 
      1073         234        212        240        255           1 
      1074         246        234        255        269           1 
      1075         267        246        269        276           1 
      1076        1168       1218       1271       1217           1 
      1077         230        266        274        240           1 
      1078         266        308        312        274           1 
      1079        1105       1168       1217       1167           1 
      1080         308        356        367        312           1 
      1081        2446       2433       2364       2367           1 
      1082        2470       2446       2367       2378           1 
      1083         356        404        412        367           1 
      1084        2512       2487       2422       2445           1 
      1085         404        449        466        412           1 
      1086         449        503        528        466           1 
      1087         503        573        590        528           1 
      1088        1049       1105       1167       1109           1 
      1089         995       1049       1109       1071           1 
      1090         573        652        676        590           1 
      1091         652        734        757        676           1 
      1092         734        810        833        757           1 
      1093         810        894        919        833           1 
      1094        2552       2576       2503       2486           1 
      1095        1940       1927       1892       1869           1 
      1096        1892       1826       1795       1869           1 
      1097        2120       2074       2024       2082           1 
      1098        2082       2051       2089       2118           1 
      1099        1332       1246       1247       1352           1 
      1100        1246       1211       1165       1164           1 
      1101        2509       2526       2462       2432           1 
      1102        2526       2552       2486       2462           1 
      1103        2487       2509       2432       2416           1 
      1104         660        585        599        662           1 
      1105         585        533        551        599           1 
      1106         533        489        512        551           1 
      1107         894        995       1026        919           1 
      1108        2172       2175       2104       2096           1 
      1109        2089       2093       2142       2118           1 
      1110        2093       2089       2051       2042           1 
      1111         314        294        305        334           1 
      1112        2104       2093       2042       2036           1 
      1113        1984       1977       2036       2042           1 
      1114        2042       2051       1999       1984           1 
      1115        2051       2082       2024       1999           1 
      1116        1962       1940       1869       1864           1 
      1117        1935       1999       2024       1962           1 
      1118        1935       1962       1864       1855           1 
      1119        1609       1654       1620       1572           1 
      1120        1654       1712       1690       1620           1 
      1121         752        726        713        754           1 
      1122         713        660        662        723           1 
      1123         808        785        795        824           1 
      1124         835        808        824        853           1 
      1125        1447       1455       1398       1397           1 
      1126        1352       1397       1398       1332           1 
      1127         294        276        269        305           1 
      1128        1583       1513       1515       1602           1 
      1129        1513       1447       1432       1515           1 
      1130         363        334        305        333           1 
      1131        1165       1101       1089       1164           1 
      1132        1712       1786       1756       1690           1 
      1133        2224       2228       2156       2148           1 
      1134        2168       2172       2096       2090           1 
      1135        1826       1739       1702       1795           1 
      1136        1101       1035       1020       1089           1 
      1137        1035        974        952       1020           1 
      1138        1786       1858       1831       1756           1 
      1139        1739       1667       1622       1702           1 
      1140        1667       1602       1579       1622           1 
      1141        2369       2300       2292       2364           1 
      1142        1858       1932       1914       1831           1 
      1143        1932       2008       1986       1914           1 
      1144        2008       2087       2068       1986           1 
      1145        2087       2166       2147       2068           1 
      1146        2166       2235       2223       2147           1 
      1147        2235       2307       2295       2223           1 
      1148        2307       2376       2355       2295           1 
      1149        2376       2445       2422       2355           1 
      1150         974        918        875        952           1 
      1151         255        240        274        281           1 
      1152        1534       1572       1620       1592           1 
      1153        2300       2224       2214       2292           1 
      1154        2470       2378       2400       2471           1 
      1155        1246       1164       1159       1247           1 
      1156        2378       2367       2284       2270           1 
      1157        2367       2364       2292       2284           1 
      1158        1489       1534       1592       1545           1 
      1159        1436       1489       1545       1502           1 
      1160         882        853        824        845           1 
      1161         918        882        845        875           1 
      1162        1380       1436       1502       1445           1 
      1163        1869       1795       1773       1864           1 
      1164        2462       2486       2442       2403           1 
      1165        2432       2462       2403       2349           1 
      1166        2416       2432       2349       2347           1 
      1167         995       1071       1106       1026           1 
      1168         512        489        448        476           1 
      1169         402        363        333        367           1 
      1170         312        367        333        309           1 
      1171         309        333        305        281           1 
      1172         281        274        312        309           1 
      1173         281        305        269        255           1 
      1174         448        402        440        476           1 
      1175         402        367        412        440           1 
      1176        1329       1380       1445       1386           1 
      1177        1271       1329       1386       1333           1 
      1178        1217       1271       1333       1280           1 
      1179        1167       1217       1280       1220           1 
      1180        2442       2427       2359       2403           1 
      1181        2503       2471       2400       2427           1 
      1182        2486       2503       2427       2442           1 
      1183        2164       2168       2090       2084           1 
      1184        2156       2164       2084       2076           1 
      1185        1109       1167       1220       1169           1 
      1186        1071       1109       1169       1106           1 
      1187        2422       2487       2416       2398           1 
      1188         518        476        440        490           1 
      1189         599        551        578        619           1 
      1190         662        599        619        655           1 
      1191         551        512        544        578           1 
      1192         590        676        708        623           1 
      1193         528        590        623        545           1 
      1194         440        412        466        490           1 
      1195         466        528        545        490           1 
      1196         676        757        779        708           1 
      1197         757        833        857        779           1 
      1198         833        919        934        857           1 
      1199        1352       1247       1242       1339           1 
      1200        1999       1935       1921       1984           1 
      1201        2096       2104       2036       2021           1 
      1202        2090       2096       2021       2011           1 
      1203        1977       1984       1921       1912           1 
      1204         824        795        818        845           1 
      1205         795        785        754        768           1 
      1206         754        713        723        768           1 
      1207        2084       2090       2011       1991           1 
      1208         662        655        690        723           1 
      1209         655        619        639        690           1 
      1210         619        578        602        639           1 
      1211        2036       1977       1956       2021           1 
      1212        1164       1089       1082       1159           1 
      1213        1620       1690       1652       1592           1 
      1214        1089       1020       1007       1082           1 
      1215        1690       1756       1723       1652           1 
      1216        1602       1515       1524       1579           1 
      1217        1515       1432       1430       1524           1 
      1218        1432       1447       1397       1352           1 
      1219        1432       1352       1339       1430           1 
      1220        2224       2148       2139       2214           1 
      1221        2076       2084       1991       1983           1 
      1222        1756       1831       1799       1723           1 
      1223        1831       1914       1887       1799           1 
      1224        1914       1986       1964       1887           1 
      1225        1986       2068       2043       1964           1 
      1226        2068       2147       2131       2043           1 
      1227        1795       1702       1680       1773           1 
      1228        1702       1622       1560       1680           1 
      1229        1622       1579       1524       1560           1 
      1230        2148       2156       2076       2062           1 
      1231        1935       1855       1854       1921           1 
      1232        1864       1773       1767       1855           1 
      1233         544        512        476        518           1 
      1234         578        544        589        602           1 
      1235        2422       2398       2346       2355           1 
      1236        2416       2347       2346       2398           1 
      1237        2347       2349       2261       2272           1 
      1238        1545       1592       1652       1613           1 
      1239        1502       1545       1613       1559           1 
      1240        1445       1502       1559       1512           1 
      1241        2378       2270       2322       2400           1 
      1242        2427       2400       2322       2359           1 
      1243        1386       1445       1512       1453           1 
      1244        2147       2223       2207       2131           1 
      1245        2295       2355       2346       2281           1 
      1246        2272       2281       2346       2347           1 
      1247        2223       2295       2281       2207           1 
      1248        1333       1386       1453       1394           1 
      1249         919       1026       1016        934           1 
      1250        2284       2292       2214       2200           1 
      1251        1242       1247       1159       1151           1 
      1252        2270       2284       2200       2178           1 
      1253        1020        952        936       1007           1 
      1254        1280       1333       1394       1342           1 
      1255         952        875        861        936           1 
      1256         875        845        818        807           1 
      1257        1220       1280       1342       1287           1 
      1258        1106       1169       1228       1177           1 
      1259        1026       1106       1177       1130           1 
      1260        1169       1220       1287       1228           1 
      1261        1026       1130       1092       1016           1 
      1262         490        545        572        518           1 
      1263         545        623        646        572           1 
      1264         623        708        751        646           1 
      1265         708        779        815        751           1 
      1266         779        857        883        815           1 
      1267         857        934        956        883           1 
      1268        1339       1242       1238       1341           1 
      1269        2403       2359       2299       2349           1 
      1270        1921       1854       1863       1912           1 
      1271        1977       1912       1883       1956           1 
      1272        1854       1855       1767       1787           1 
      1273         589        544        518        572           1 
      1274         639        602        589        657           1 
      1275         690        639        657        742           1 
      1276        2148       2062       2054       2139           1 
      1277        2062       2076       1983       1975           1 
      1278        2011       2021       1956       1925           1 
      1279        1339       1341       1448       1430           1 
      1280        2281       2272       2198       2207           1 
      1281        1238       1242       1151       1142           1 
      1282        1341       1238       1239       1298           1 
      1283        2131       2207       2198       2112           1 
      1284        2043       2131       2112       2015           1 
      1285        1964       2043       2015       1936           1 
      1286        2214       2139       2123       2200           1 
      1287        1887       1964       1936       1851           1 
      1288        1799       1887       1851       1761           1 
      1289        1652       1723       1687       1613           1 
      1290        1723       1799       1761       1687           1 
      1291        2272       2261       2194       2198           1 
      1292        2349       2299       2227       2261           1 
      1293        1159       1082       1072       1151           1 
      1294        1082       1007        999       1072           1 
      1295         956        934       1016       1023           1 
      1296         883        956        982        911           1 
      1297         861        875        807        782           1 
      1298         807        768        723        782           1 
      1299         723        690        742        782           1 
      1300         936        861        842        929           1 
      1301        1007        936        929        999           1 
      1302        2178       2200       2123       2106           1 
      1303        1991       2011       1925       1901           1 
      1304        1983       1991       1901       1886           1 
      1305         815        883        911        862           1 
      1306         751        815        862        846           1 
      1307        1559       1613       1687       1635           1 
      1308        1512       1559       1635       1587           1 
      1309        1453       1512       1587       1522           1 
      1310        1394       1453       1522       1461           1 
      1311        1342       1394       1461       1405           1 
      1312        1287       1342       1405       1356           1 
      1313        1228       1287       1356       1299           1 
      1314        1177       1228       1299       1255           1 
      1315        1130       1177       1255       1226           1 
      1316        1773       1680       1677       1767           1 
      1317        1680       1560       1567       1677           1 
      1318        1524       1430       1448       1560           1 
      1319         589        572        646        657           1 
      1320         657        646        751        742           1 
      1321         861        782        742        842           1 
      1322         742        751        846        842           1 
      1323        1092       1130       1226       1173           1 
      1324        2299       2359       2322       2250           1 
      1325        1016       1092       1086       1023           1 
      1326        1863       1854       1787       1823           1 
      1327        1912       1863       1823       1883           1 
      1328        1925       1956       1883       1843           1 
      1329         982        956       1023       1054           1 
      1330        2123       2139       2054       2041           1 
      1331        2054       2062       1975       1973           1 
      1332        1787       1767       1677       1695           1 
      1333        2261       2227       2179       2194           1 
      1334        1383       1341       1298       1316           1 
      1335        1238       1142       1181       1239           1 
      1336        1975       1983       1886       1871           1 
      1337        1341       1383       1473       1448           1 
      1338        1560       1448       1473       1567           1 
      1339        1298       1239       1243       1316           1 
      1340        1901       1925       1843       1797           1 
      1341        1886       1901       1797       1755           1 
      1342        1635       1687       1761       1718           1 
      1343        1587       1635       1718       1671           1 
      1344        1522       1587       1671       1593           1 
      1345        1761       1851       1809       1718           1 
      1346        1851       1936       1900       1809           1 
      1347        1461       1522       1593       1526           1 
      1348        2322       2270       2195       2250           1 
      1349        2270       2178       2122       2195           1 
      1350        2178       2106       2083       2122           1 
      1351        1092       1173       1145       1086           1 
      1352        1023       1086       1145       1054           1 
      1353        1405       1461       1526       1468           1 
      1354        1356       1405       1468       1414           1 
      1355        1936       2015       1980       1900           1 
      1356        1052       1072        999        998           1 
      1357        1142       1151       1072       1052           1 
      1358        2227       2299       2250       2190           1 
      1359        2106       2123       2041       2023           1 
      1360        1299       1356       1414       1370           1 
      1361        1255       1299       1370       1330           1 
      1362        2198       2194       2135       2112           1 
      1363        1677       1567       1585       1695           1 
      1364         999        929        944        998           1 
      1365         929        842        846        944           1 
      1366         846        862        911        944           1 
      1367         911        982       1015        944           1 
      1368         998        944       1015       1052           1 
      1369         982       1054       1091       1015           1 
      1370        1142       1052       1015       1091           1 
      1371        1226       1255       1330       1322           1 
      1372        1173       1226       1270       1261           1 
      1373        2015       2112       2039       1980           1 
      1374        1843       1883       1823       1757           1 
      1375        1823       1787       1695       1757           1 
      1376        1797       1843       1757       1681           1 
      1377        1243       1239       1181       1163           1 
      1378        2054       1973       1963       2041           1 
      1379        2083       2106       2023       2017           1 
      1380        1973       1975       1871       1880           1 
      1381        1871       1886       1755       1751           1 
      1382        2023       2041       1963       1950           1 
      1383        2190       2250       2195       2126           1 
      1384        2227       2190       2141       2179           1 
      1385        1316       1243       1262       1353           1 
      1386        1383       1316       1353       1426           1 
      1387        1383       1426       1493       1473           1 
      1388        1757       1695       1585       1681           1 
      1389        1567       1473       1493       1585           1 
      1390        1671       1718       1809       1779           1 
      1391        1091       1054       1145       1163           1 
      1392        1091       1163       1181       1142           1 
      1393        1243       1163       1145       1262           1 
      1394        1145       1173       1261       1262           1 
      1395        1270       1226       1322       1343           1 
      1396        1261       1270       1343       1340           1 
      1397        1322       1330       1389       1412           1 
      1398        1330       1370       1434       1389           1 
      1399        2135       2194       2179       2140           1 
      1400        2112       2135       2078       2039           1 
      1401        1370       1414       1492       1434           1 
      1402        1414       1468       1543       1492           1 
      1403        1755       1797       1681       1590           1 
      1404        1468       1526       1601       1543           1 
      1405        1526       1593       1648       1601           1 
      1406        1593       1671       1692       1648           1 
      1407        1809       1900       1867       1779           1 
      1408        1900       1980       1947       1867           1 
      1409        2078       2135       2140       2109           1 
      1410        2039       2078       2016       2000           1 
      1411        2039       2000       1947       1980           1 
      1412        2140       2179       2141       2109           1 
      1413        2141       2190       2126       2086           1 
      1414        1973       1880       1885       1963           1 
      1415        1880       1871       1751       1789           1 
      1416        1950       1963       1885       1865           1 
      1417        2195       2122       2037       2126           1 
      1418        2017       2023       1950       1929           1 
      1419        2083       2017       2037       2122           1 
      1420        1262       1261       1340       1328           1 
      1421        1493       1426       1501       1585           1 
      1422        1426       1353       1404       1501           1 
      1423        1681       1585       1501       1590           1 
      1424        1353       1262       1328       1404           1 
      1425        1692       1671       1779       1758           1 
      1426        1648       1692       1758       1727           1 
      1427        1601       1648       1727       1686           1 
      1428        1543       1601       1686       1625           1 
      1429        1492       1543       1625       1574           1 
      1430        1751       1755       1590       1595           1 
      1431        1434       1492       1574       1505           1 
      1432        1389       1434       1505       1412           1 
      1433        1343       1322       1412       1443           1 
      1434        1340       1343       1443       1440           1 
      1435        1867       1947       1930       1848           1 
      1436        1947       2000       2016       1930           1 
      1437        1779       1867       1848       1758           1 
      1438        2078       2109       2071       2016           1 
      1439        2109       2141       2086       2071           1 
      1440        1950       1865       1846       1929           1 
      1441        1885       1880       1789       1821           1 
      1442        1865       1885       1821       1793           1 
      1443        2017       1929       1918       2037           1 
      1444        2086       2126       2037       2012           1 
      1445        1789       1751       1595       1691           1 
      1446        1328       1340       1440       1404           1 
      1447        1501       1404       1440       1590           1 
      1448        1590       1440       1443       1595           1 
      1449        1443       1412       1505       1595           1 
      1450        1595       1505       1574       1691           1 
      1451        1574       1625       1724       1691           1 
      1452        1625       1686       1796       1724           1 
      1453        1686       1727       1820       1796           1 
      1454        1727       1758       1848       1820           1 
      1455        1848       1930       1920       1820           1 
      1456        2012       2037       1918       1920           1 
      1457        2086       2012       2016       2071           1 
      1458        1920       1930       2016       2012           1 
      1459        1821       1789       1691       1793           1 
      1460        1793       1691       1724       1788           1 
      1461        1865       1793       1788       1846           1 
      1462        1724       1796       1846       1788           1 
      1463        1929       1846       1796       1918           1 
      1464        1918       1796       1820       1920           1 
      1465         688        728        719        686           1 
      1466         768        807        818        795           1 
      1467        2503       2562       2522       2471           1 
      1468        3083       3081       3064       3066           1 
      1469        3085       3083       3066       3069           1 
      1470        3086       3085       3069       3059           1 
      1471        3084       3086       3059       3061           1 
      1472        3082       3084       3061       3060           1 
      1473        3080       3082       3060       3057           1 
      1474        3079       3080       3057       3058           1 
      1475        3078       3079       3058       3056           1 
      1476        3077       3078       3056       3054           1 
      1477        3076       3077       3054       3053           1 
      1478        3075       3076       3053       3051           1 
      1479        3073       3075       3051       3048           1 
      1480        3072       3073       3048       3047           1 
      1481        3071       3072       3047       3045           1 
      1482        3068       3071       3045       3043           1 
      1483        3067       3068       3043       3039           1 
      1484        3065       3067       3039       3036           1 
      1485        3062       3065       3036       3032           1 
      1486        3055       3062       3032       3026           1 
      1487        3049       3055       3026       3018           1 
      1488        3046       3049       3018       3011           1 
      1489        3040       3046       3011       3008           1 
      1490        3038       3040       3008       3003           1 
      1491        3033       3038       3003       2995           1 
      1492        3027       3033       2995       2989           1 
      1493        3017       3027       2989       2978           1 
      1494        3006       3017       2978       2967           1 
      1495        3001       3006       2967       2962           1 
      1496        2994       3001       2962       2956           1 
      1497        2983       2994       2956       2945           1 
      1498        2969       2983       2945       2932           1 
      1499        2961       2969       2932       2920           1 
      1500        2953       2961       2920       2910           1 
      1501        2940       2953       2910       2901           1 
      1502        2925       2940       2901       2885           1 
      1503        2912       2925       2885       2870           1 
      1504        2903       2912       2870       2857           1 
      1505        2886       2903       2857       2841           1 
      1506        2868       2886       2841       2819           1 
      1507        2856       2868       2819       2801           1 
      1508        2836       2856       2801       2787           1 
      1509        2814       2836       2787       2770           1 
      1510        2800       2814       2770       2756           1 
      1511        2782       2800       2756       2738           1 
      1512        2763       2782       2738       2719           1 
      1513        2745       2763       2719       2702           1 
      1514        2724       2745       2702       2685           1 
      1515        2712       2724       2685       2668           1 
      1516        2691       2712       2668       2652           1 
      1517        2671       2691       2652       2636           1 
      1518        2654       2671       2636       2617           1 
      1519        2637       2654       2617       2600           1 
      1520        2618       2637       2600       2582           1 
      1521        2599       2618       2582       2565           1 
      1522        2578       2599       2565       2544           1 
      1523        2557       2578       2544       2520           1 
      1524        2535       2557       2520       2505           1 
      1525        2516       2535       2505       2485           1 
      1526        2498       2516       2485       2466           1 
      1527        2478       2498       2466       2447           1 
      1528        2457       2478       2447       2425           1 
      1529        2441       2457       2425       2404           1 
      1530        2417       2441       2404       2385           1 
      1531        2395       2417       2385       2360           1 
      1532        2370       2395       2360       2338           1 
      1533        2348       2370       2338       2316           1 
      1534        2325       2348       2316       2291           1 
      1535        2301       2325       2291       2266           1 
      1536        2273       2301       2266       2240           1 
      1537        2248       2273       2240       2209           1 
      1538        2220       2248       2209       2186           1 
      1539        2196       2220       2186       2155           1 
      1540        2165       2196       2155       2127           1 
      1541        2136       2165       2127       2094           1 
      1542        2107       2136       2094       2063           1 
      1543        2075       2107       2063       2028           1 
      1544        2038       2075       2028       1994           1 
      1545        2007       2038       1994       1970           1 
      1546        1978       2007       1970       1941           1 
      1547        1946       1978       1941       1909           1 
      1548        1916       1946       1909       1875           1 
      1549        1881       1916       1875       1844           1 
      1550        1849       1881       1844       1807           1 
      1551        1812       1849       1807       1780           1 
      1552        1781       1812       1780       1741           1 
      1553        1743       1781       1741       1704           1 
      1554        1709       1743       1704       1672           1 
      1555        1679       1709       1672       1634           1 
      1556        1645       1679       1634       1611           1 
      1557        1615       1645       1611       1584           1 
      1558        1580       1615       1584       1551           1 
      1559        1546       1580       1551       1520           1 
      1560        1516       1546       1520       1485           1 
      1561        1483       1516       1485       1452           1 
      1562        1449       1483       1452       1418           1 
      1563        1415       1449       1418       1387           1 
      1564        1382       1415       1387       1365           1 
      1565        1360       1382       1365       1327           1 
      1566        1321       1360       1327       1301           1 
      1567        1295       1321       1301       1267           1 
      1568        1263       1295       1267       1235           1 
      1569        1227       1263       1235       1207           1 
      1570        1200       1227       1207       1175           1 
      1571        1170       1200       1175       1146           1 
      1572        1138       1170       1146       1113           1 
      1573        1103       1138       1113       1088           1 
      1574        1078       1103       1088       1056           1 
      1575        1046       1078       1056       1029           1 
      1576        1017       1046       1029       1003           1 
      1577         992       1017       1003        975           1 
      1578         966        992        975        953           1 
      1579         940        966        953        923           1 
      1580         908        940        923        896           1 
      1581         884        908        896        872           1 
      1582         858        884        872        840           1 
      1583         826        858        840        814           1 
      1584         799        826        814        787           1 
      1585         770        799        787        761           1 
      1586         743        770        761        733           1 
      1587         718        743        733        704           1 
      1588         687        718        704        675           1 
      1589         658        687        675        644           1 
      1590         626        658        644        616           1 
      1591         594        626        616        584           1 
      1592         565        594        584        559           1 
      1593         540        565        559        534           1 
      1594         513        540        534        504           1 
      1595         491        513        504        488           1 
      1596         463        491        488        462           1 
      1597          20         28         31         18           1 
      1598        3064       3037       3042       3066           1 
      1599         438        463        462        436           1 
      1600          23         18         31         34           1 
      1601          28         40         42         31           1 
      1602        3037       2998       3009       3042           1 
      1603          29         23         34         41           1 
      1604        2998       2957       2966       3009           1 
      1605         413        438        436        411           1 
      1606          40         51         54         42           1 
      1607          37         29         41         47           1 
      1608        2957       2907       2926       2966           1 
      1609         392        413        411        385           1 
      1610          51         65         66         54           1 
      1611          48         37         47         59           1 
      1612        2907       2846       2875       2926           1 
      1613          63         48         59         75           1 
      1614         364        392        385        359           1 
      1615        2846       2783       2809       2875           1 
      1616          65         81         82         66           1 
      1617          79         63         75         90           1 
      1618        2783       2721       2742       2809           1 
      1619         328        364        359        326           1 
      1620          81        105        108         82           1 
      1621        2721       2656       2679       2742           1 
      1622         100         79         90        114           1 
      1623         288        328        326        284           1 
      1624         105        133        135        108           1 
      1625        2656       2591       2610       2679           1 
      1626         126        100        114        139           1 
      1627        2591       2523       2542       2610           1 
      1628         151        126        139        165           1 
      1629         254        288        284        250           1 
      1630         133        159        162        135           1 
      1631        2523       2461       2474       2542           1 
      1632         179        151        165        193           1 
      1633         221        254        250        220           1 
      1634         159        187        190        162           1 
      1635         187        221        220        190           1 
      1636        2461       2394       2406       2474           1 
      1637         209        179        193        223           1 
      1638        2394       2318       2331       2406           1 
      1639        2318       2237       2252       2331           1 
      1640        2237       2158       2171       2252           1 
      1641        2158       2070       2079       2171           1 
      1642        2070       1981       1987       2079           1 
      1643        1981       1899       1903       1987           1 
      1644        1899       1810       1816       1903           1 
      1645        1810       1729       1730       1816           1 
      1646        1729       1647       1641       1730           1 
      1647        1647       1564       1553       1641           1 
      1648         242        209        223        259           1 
      1649        1564       1490       1471       1553           1 
      1650        1490       1413       1390       1471           1 
      1651        1413       1348       1319       1390           1 
      1652        1348       1268       1248       1319           1 
      1653        1268       1204       1178       1248           1 
      1654        1204       1136       1107       1178           1 
      1655        1136       1075       1047       1107           1 
      1656        1075       1011        991       1047           1 
      1657        1011        958        938        991           1 
      1658         958        901        886        938           1 
      1659         901        850        830        886           1 
      1660         850        796        780        830           1 
      1661         796        745        730        780           1 
      1662         745        695        677        730           1 
      1663         695        627        618        677           1 
      1664         627        563        558        618           1 
      1665         563        501        502        558           1 
      1666         501        457        458        502           1 
      1667         457        414        417        458           1 
      1668         414        376        382        417           1 
      1669         376        337        346        382           1 
      1670         337        283        300        346           1 
      1671         283        242        259        300           1 
      1672        3066       3042       3059       3069           1 
      1673        3042       3009       3023       3059           1 
      1674        3009       2966       2990       3023           1 
      1675        3061       3059       3023       3031           1 
      1676          34         31         42         45           1 
      1677          41         34         45         53           1 
      1678        2966       2926       2955       2990           1 
      1679          42         54         55         45           1 
      1680          47         41         53         61           1 
      1681          59         47         61         73           1 
      1682        2926       2875       2909       2955           1 
      1683        2875       2809       2849       2909           1 
      1684        3060       3061       3031       3028           1 
      1685        3057       3060       3028       3019           1 
      1686        3058       3057       3019       3025           1 
      1687        3056       3058       3025       3030           1 
      1688        3054       3056       3030       3029           1 
      1689        3053       3054       3029       3024           1 
      1690        3051       3053       3024       3020           1 
      1691        3048       3051       3020       3016           1 
      1692        3047       3048       3016       3013           1 
      1693        3045       3047       3013       3014           1 
      1694        3043       3045       3014       3012           1 
      1695        3039       3043       3012       3005           1 
      1696        3036       3039       3005       2996           1 
      1697        3032       3036       2996       2991           1 
      1698        3026       3032       2991       2980           1 
      1699        3018       3026       2980       2977           1 
      1700        3011       3018       2977       2976           1 
      1701        3008       3011       2976       2973           1 
      1702        3003       3008       2973       2965           1 
      1703        2995       3003       2965       2958           1 
      1704        2989       2995       2958       2947           1 
      1705        2978       2989       2947       2937           1 
      1706        2967       2978       2937       2928           1 
      1707        2962       2967       2928       2919           1 
      1708        2956       2962       2919       2915           1 
      1709        2945       2956       2915       2906           1 
      1710        2932       2945       2906       2897           1 
      1711        2920       2932       2897       2883           1 
      1712        2910       2920       2883       2869           1 
      1713        2901       2910       2869       2858           1 
      1714        2885       2901       2858       2842           1 
      1715        2870       2885       2842       2822           1 
      1716        2857       2870       2822       2807           1 
      1717        2841       2857       2807       2794           1 
      1718        2819       2841       2794       2773           1 
      1719        2801       2819       2773       2754           1 
      1720        2787       2801       2754       2739           1 
      1721        2770       2787       2739       2726           1 
      1722        2756       2770       2726       2728           1 
      1723        2738       2756       2728       2709           1 
      1724        2719       2738       2709       2683           1 
      1725        2702       2719       2683       2659           1 
      1726        2685       2702       2659       2643           1 
      1727        2668       2685       2643       2630           1 
      1728        2652       2668       2630       2622           1 
      1729        2636       2652       2622       2603           1 
      1730        2617       2636       2603       2581           1 
      1731        2600       2617       2581       2566           1 
      1732        2582       2600       2566       2551           1 
      1733        2565       2582       2551       2529           1 
      1734        2544       2565       2529       2511           1 
      1735        2520       2544       2511       2489           1 
      1736        2505       2520       2489       2469           1 
      1737        2485       2505       2469       2454           1 
      1738        2466       2485       2454       2437           1 
      1739        2447       2466       2437       2412           1 
      1740        2425       2447       2412       2392           1 
      1741        2404       2425       2392       2368           1 
      1742        2385       2404       2368       2350           1 
      1743        2360       2385       2350       2335           1 
      1744        2338       2360       2335       2308           1 
      1745        2316       2338       2308       2282           1 
      1746        2291       2316       2282       2259           1 
      1747        2266       2291       2259       2234           1 
      1748        2240       2266       2234       2205           1 
      1749        2209       2240       2205       2181           1 
      1750        2186       2209       2181       2146           1 
      1751        2155       2186       2146       2119           1 
      1752        2127       2155       2119       2085           1 
      1753        2094       2127       2085       2055           1 
      1754        2063       2094       2055       2020           1 
      1755        2028       2063       2020       1985           1 
      1756        1994       2028       1985       1958           1 
      1757        1970       1994       1958       1926           1 
      1758        1941       1970       1926       1905           1 
      1759        1909       1941       1905       1872           1 
      1760        1875       1909       1872       1836           1 
      1761        1844       1875       1836       1804           1 
      1762        1807       1844       1804       1776           1 
      1763        1780       1807       1776       1749           1 
      1764        1741       1780       1749       1714           1 
      1765        1704       1741       1714       1678           1 
      1766        1672       1704       1678       1632           1 
      1767        1634       1672       1632       1597           1 
      1768        1611       1634       1597       1569           1 
      1769        1584       1611       1569       1555           1 
      1770        1551       1584       1555       1533           1 
      1771        1520       1551       1533       1495           1 
      1772        1485       1520       1495       1457           1 
      1773        1452       1485       1457       1419           1 
      1774        1418       1452       1419       1388           1 
      1775        1387       1418       1388       1367           1 
      1776        1365       1387       1367       1335           1 
      1777        1327       1365       1335       1307           1 
      1778        1301       1327       1307       1278           1 
      1779        1267       1301       1278       1245           1 
      1780        1235       1267       1245       1212           1 
      1781        1207       1235       1212       1183           1 
      1782        1175       1207       1183       1153           1 
      1783        1146       1175       1153       1122           1 
      1784        1113       1146       1122       1095           1 
      1785        1088       1113       1095       1073           1 
      1786        1056       1088       1073       1042           1 
      1787        1029       1056       1042       1014           1 
      1788        1003       1029       1014        988           1 
      1789         975       1003        988        964           1 
      1790         953        975        964        943           1 
      1791         923        953        943        912           1 
      1792         896        923        912        889           1 
      1793         872        896        889        864           1 
      1794         840        872        864        829           1 
      1795         814        840        829        800           1 
      1796         787        814        800        773           1 
      1797         761        787        773        748           1 
      1798         733        761        748        721           1 
      1799         704        733        721        693           1 
      1800         675        704        693        667           1 
      1801         644        675        667        635           1 
      1802         616        644        635        605           1 
      1803         584        616        605        576           1 
      1804         559        584        576        549           1 
      1805         534        559        549        530           1 
      1806         504        534        530        499           1 
      1807         488        504        499        486           1 
      1808         462        488        486        468           1 
      1809         436        462        468        445           1 
      1810         411        436        445        415           1 
      1811         385        411        415        389           1 
      1812         359        385        389        361           1 
      1813         326        359        361        325           1 
      1814         284        326        325        285           1 
      1815        2809       2742       2778       2849           1 
      1816          54         66         67         55           1 
      1817          75         59         73         87           1 
      1818          90         75         87        107           1 
      1819         114         90        107        130           1 
      1820         139        114        130        150           1 
      1821          66         82         86         67           1 
      1822          82        108        112         86           1 
      1823         108        135        140        112           1 
      1824         135        162        166        140           1 
      1825         250        284        285        251           1 
      1826         162        190        195        166           1 
      1827         220        250        251        222           1 
      1828         190        220        222        195           1 
      1829         165        139        150        175           1 
      1830        2742       2679       2710       2778           1 
      1831         193        165        175        204           1 
      1832         223        193        204        235           1 
      1833         259        223        235        268           1 
      1834        2679       2610       2638       2710           1 
      1835        2610       2542       2567       2638           1 
      1836         300        259        268        310           1 
      1837         346        300        310        351           1 
      1838         382        346        351        388           1 
      1839         417        382        388        425           1 
      1840         458        417        425        465           1 
      1841         502        458        465        506           1 
      1842         558        502        506        556           1 
      1843         618        558        556        610           1 
      1844         677        618        610        666           1 
      1845         730        677        666        716           1 
      1846         780        730        716        766           1 
      1847         830        780        766        816           1 
      1848         886        830        816        871           1 
      1849         938        886        871        916           1 
      1850         991        938        916        971           1 
      1851        1047        991        971       1027           1 
      1852        1107       1047       1027       1090           1 
      1853        1178       1107       1090       1156           1 
      1854        1248       1178       1156       1223           1 
      1855        1319       1248       1223       1300           1 
      1856        1390       1319       1300       1372           1 
      1857        1471       1390       1372       1460           1 
      1858        1553       1471       1460       1548           1 
      1859        2542       2474       2492       2567           1 
      1860        2474       2406       2421       2492           1 
      1861        2406       2331       2344       2421           1 
      1862        2331       2252       2262       2344           1 
      1863        2252       2171       2180       2262           1 
      1864        2171       2079       2088       2180           1 
      1865        2079       1987       1992       2088           1 
      1866        1987       1903       1915       1992           1 
      1867        1903       1816       1824       1915           1 
      1868        1816       1730       1733       1824           1 
      1869        1730       1641       1640       1733           1 
      1870        1641       1553       1548       1640           1 
      1871        3031       3023       2990       3002           1 
      1872        3028       3031       3002       2988           1 
      1873        3019       3028       2988       2960           1 
      1874        3025       3019       2960       2979           1 
      1875        3030       3025       2979       3000           1 
      1876        3029       3030       3000       2992           1 
      1877        3024       3029       2992       2987           1 
      1878        3020       3024       2987       2985           1 
      1879        3016       3020       2985       2974           1 
      1880        3013       3016       2974       2975           1 
      1881        3014       3013       2975       2981           1 
      1882        3012       3014       2981       2993           1 
      1883        3005       3012       2993       2970           1 
      1884        2996       3005       2970       2950           1 
      1885        2991       2996       2950       2934           1 
      1886        2980       2991       2934       2930           1 
      1887        2977       2980       2930       2931           1 
      1888          53         45         55         67           1 
      1889        2976       2977       2931       2935           1 
      1890        2973       2976       2935       2949           1 
      1891        2965       2973       2949       2927           1 
      1892        2958       2965       2927       2913           1 
      1893        2947       2958       2913       2904           1 
      1894        2937       2947       2904       2893           1 
      1895        2928       2937       2893       2884           1 
      1896        2919       2928       2884       2878           1 
      1897        2915       2919       2878       2877           1 
      1898        2906       2915       2877       2862           1 
      1899        2897       2906       2862       2852           1 
      1900        2883       2897       2852       2839           1 
      1901        2869       2883       2839       2829           1 
      1902        2858       2869       2829       2813           1 
      1903        2842       2858       2813       2798           1 
      1904        2822       2842       2798       2780           1 
      1905        2807       2822       2780       2760           1 
      1906        2794       2807       2760       2748           1 
      1907        2773       2794       2748       2725           1 
      1908        2754       2773       2725       2711           1 
      1909        2739       2754       2711       2697           1 
      1910        2726       2739       2697       2693           1 
      1911        2728       2726       2693       2709           1 
      1912          61         53         67         76           1 
      1913          73         61         76         88           1 
      1914          87         73         88        104           1 
      1915        2990       2955       2988       3002           1 
      1916         107         87        104        124           1 
      1917        2955       2909       2960       2988           1 
      1918        2909       2849       2898       2960           1 
      1919        2849       2778       2823       2898           1 
      1920        2778       2710       2753       2823           1 
      1921         130        107        124        143           1 
      1922         150        130        143        167           1 
      1923        2710       2638       2663       2753           1 
      1924         175        150        167        191           1 
      1925        2638       2567       2588       2663           1 
      1926        2567       2492       2515       2588           1 
      1927          67         86         97         76           1 
      1928          86        112        118         97           1 
      1929         112        140        145        118           1 
      1930         140        166        169        145           1 
      1931         166        195        197        169           1 
      1932         195        222        226        197           1 
      1933         222        251        257        226           1 
      1934         251        285        287        257           1 
      1935         285        325        327        287           1 
      1936         325        361        365        327           1 
      1937         361        389        393        365           1 
      1938         389        415        424        393           1 
      1939         415        445        450        424           1 
      1940         445        468        479        450           1 
      1941         468        486        499        479           1 
      1942         204        175        191        215           1 
      1943         235        204        215        243           1 
      1944         268        235        243        280           1 
      1945        2492       2421       2443       2515           1 
      1946         310        268        280        324           1 
      1947         351        310        324        366           1 
      1948         388        351        366        397           1 
      1949         425        388        397        432           1 
      1950         465        425        432        471           1 
      1951         506        465        471        516           1 
      1952         556        506        516        561           1 
      1953         610        556        561        607           1 
      1954         666        610        607        659           1 
      1955         716        666        659        707           1 
      1956         766        716        707        755           1 
      1957         816        766        755        801           1 
      1958         871        816        801        854           1 
      1959         916        871        854        903           1 
      1960         971        916        903        959           1 
      1961        1027        971        959       1010           1 
      1962        1090       1027       1010       1074           1 
      1963        1156       1090       1074       1137           1 
      1964        1223       1156       1137       1208           1 
      1965        1300       1223       1208       1281           1 
      1966        1372       1300       1281       1361           1 
      1967        1460       1372       1361       1444           1 
      1968        2421       2344       2357       2443           1 
      1969        2344       2262       2278       2357           1 
      1970        2262       2180       2192       2278           1 
      1971        2180       2088       2098       2192           1 
      1972        2088       1992       2006       2098           1 
      1973        1992       1915       1919       2006           1 
      1974        1915       1824       1828       1919           1 
      1975        1824       1733       1738       1828           1 
      1976        1733       1640       1644       1738           1 
      1977        1548       1460       1444       1547           1 
      1978        1640       1548       1547       1644           1 
      1979         499        530        527        500           1 
      1980         530        549        543        527           1 
      1981         549        576        566        543           1 
      1982         576        605        596        566           1 
      1983         605        635        629        596           1 
      1984         635        667        661        629           1 
      1985         667        693        683        661           1 
      1986         693        721        709        683           1 
      1987         721        748        736        709           1 
      1988         748        773        762        736           1 
      1989         773        800        790        762           1 
      1990         800        829        819        790           1 
      1991         829        864        844        819           1 
      1992         864        889        877        844           1 
      1993         889        912        910        877           1 
      1994         912        943        935        910           1 
      1995         943        964        950        935           1 
      1996         964        988        970        950           1 
      1997         988       1014       1002        970           1 
      1998        1014       1042       1032       1002           1 
      1999        1042       1073       1060       1032           1 
      2000        1073       1095       1083       1060           1 
      2001        1095       1122       1108       1083           1 
      2002        1122       1153       1129       1108           1 
      2003        1153       1183       1158       1129           1 
      2004        1183       1212       1192       1158           1 
      2005        1212       1245       1222       1192           1 
      2006        1245       1278       1259       1222           1 
      2007        1278       1307       1291       1259           1 
      2008        1307       1335       1315       1291           1 
      2009        1335       1367       1336       1315           1 
      2010        1367       1388       1366       1336           1 
      2011        1388       1419       1385       1366           1 
      2012        1419       1457       1425       1385           1 
      2013        1457       1495       1472       1425           1 
      2014        1495       1533       1527       1472           1 
      2015        1533       1555       1569       1527           1 
      2016        1569       1597       1536       1527           1 
      2017        1597       1632       1606       1536           1 
      2018        1632       1678       1656       1606           1 
      2019        1678       1714       1698       1656           1 
      2020        1714       1749       1732       1698           1 
      2021        1749       1776       1742       1732           1 
      2022        1776       1804       1766       1742           1 
      2023        1804       1836       1800       1766           1 
      2024        1836       1872       1847       1800           1 
      2025        1872       1905       1878       1847           1 
      2026        1905       1926       1888       1878           1 
      2027        1926       1958       1911       1888           1 
      2028        1958       1985       1945       1911           1 
      2029        1985       2020       1979       1945           1 
      2030        2020       2055       2014       1979           1 
      2031        2055       2085       2047       2014           1 
      2032        2085       2119       2077       2047           1 
      2033        2119       2146       2110       2077           1 
      2034        2146       2181       2145       2110           1 
      2035        2181       2205       2187       2145           1 
      2036        2205       2234       2211       2187           1 
      2037        2234       2259       2221       2211           1 
      2038        2259       2282       2251       2221           1 
      2039        2282       2308       2283       2251           1 
      2040        2308       2335       2309       2283           1 
      2041        2335       2350       2315       2309           1 
      2042        2350       2368       2332       2315           1 
      2043        2368       2392       2353       2332           1 
      2044        2392       2412       2377       2353           1 
      2045        2412       2437       2411       2377           1 
      2046        2437       2454       2424       2411           1 
      2047        2454       2469       2444       2424           1 
      2048        2469       2489       2459       2444           1 
      2049        2489       2511       2481       2459           1 
      2050        2511       2529       2506       2481           1 
      2051        2529       2551       2525       2506           1 
      2052        2551       2566       2527       2525           1 
      2053        2566       2581       2546       2527           1 
      2054        2581       2603       2570       2546           1 
      2055        2603       2622       2593       2570           1 
      2056        2622       2630       2590       2593           1 
      2057        2630       2643       2606       2590           1 
      2058        2643       2659       2624       2606           1 
      2059        2659       2683       2644       2624           1 
      2060         499        500        493        479           1 
      2061         500        527        517        493           1 
      2062         527        543        538        517           1 
      2063         543        566        550        538           1 
      2064         566        596        588        550           1 
      2065         596        629        625        588           1 
      2066         629        661        654        625           1 
      2067         661        683        679        654           1 
      2068         683        709        699        679           1 
      2069         709        736        722        699           1 
      2070         736        762        744        722           1 
      2071         762        790        771        744           1 
      2072         790        819        804        771           1 
      2073         819        844        831        804           1 
      2074          88         76         97        109           1 
      2075        2709       2693       2644       2683           1 
      2076         104         88        109        119           1 
      2077         450        479        493        472           1 
      2078         124        104        119        141           1 
      2079         143        124        141        161           1 
      2080         167        143        161        178           1 
      2081         424        450        472        431           1 
      2082         393        424        431        400           1 
      2083         365        393        400        369           1 
      2084         327        365        369        331           1 
      2085         287        327        331        295           1 
      2086         257        287        295        261           1 
      2087         226        257        261        227           1 
      2088         197        226        227        200           1 
      2089         169        197        200        174           1 
      2090         145        169        174        147           1 
      2091         118        145        147        131           1 
      2092          97        118        131        109           1 
      2093        2960       2898       2936       2979           1 
      2094        3000       2979       2936       2992           1 
      2095         191        167        178        205           1 
      2096        1644       1547       1607       1664           1 
      2097         215        191        205        231           1 
      2098         243        215        231        263           1 
      2099         280        243        263        302           1 
      2100         324        280        302        341           1 
      2101         366        324        341        373           1 
      2102         397        366        373        409           1 
      2103         432        397        409        446           1 
      2104         471        432        446        484           1 
      2105         516        471        484        526           1 
      2106         561        516        526        564           1 
      2107         607        561        564        606           1 
      2108         659        607        606        651           1 
      2109         707        659        651        697           1 
      2110         755        707        697        740           1 
      2111         801        755        740        791           1 
      2112         854        801        791        838           1 
      2113         903        854        838        891           1 
      2114         959        903        891        945           1 
      2115        1010        959        945        996           1 
      2116        1074       1010        996       1055           1 
      2117        1137       1074       1055       1119           1 
      2118        1208       1137       1119       1191           1 
      2119        1281       1208       1191       1264           1 
      2120        1361       1281       1264       1345           1 
      2121        1444       1361       1345       1421           1 
      2122        1547       1444       1421       1518           1 
      2123         950        970        955        927           1 
      2124         935        950        927        910           1 
      2125        1032       1060       1083       1038           1 
      2126        1911       1945       1896       1853           1 
      2127        1945       1979       1937       1896           1 
      2128        1979       2014       1982       1937           1 
      2129        2014       2047       2018       1982           1 
      2130        2047       2077       2025       2018           1 
      2131        1888       1911       1853       1818           1 
      2132        1878       1888       1818       1847           1 
      2133        1800       1847       1818       1759           1 
      2134        1766       1800       1759       1725           1 
      2135        1742       1766       1725       1701           1 
      2136        2077       2110       2061       2025           1 
      2137        2110       2145       2111       2061           1 
      2138        2145       2187       2174       2111           1 
      2139        2187       2211       2221       2174           1 
      2140        2221       2251       2210       2174           1 
      2141        2251       2283       2263       2210           1 
      2142        2283       2309       2315       2263           1 
      2143        2315       2332       2287       2263           1 
      2144        2332       2353       2305       2287           1 
      2145        2353       2377       2324       2305           1 
      2146        1732       1742       1701       1698           1 
      2147        1698       1701       1650       1656           1 
      2148        1606       1656       1650       1588           1 
      2149        1536       1606       1588       1511           1 
      2150        1472       1527       1536       1456           1 
      2151        1425       1472       1456       1391           1 
      2152        1385       1425       1391       1358           1 
      2153        1366       1385       1358       1323           1 
      2154        1336       1366       1323       1309           1 
      2155        1315       1336       1309       1303           1 
      2156        1291       1315       1303       1274           1 
      2157        1259       1291       1274       1244           1 
      2158        1222       1259       1244       1209           1 
      2159        1192       1222       1209       1171           1 
      2160        1158       1192       1171       1133           1 
      2161        1129       1158       1133       1099           1 
      2162        1108       1129       1099       1083           1 
      2163        2985       2987       2944       2952           1 
      2164        2987       2992       2936       2944           1 
      2165        2974       2985       2952       2917           1 
      2166        2975       2974       2917       2923           1 
      2167        2981       2975       2923       2942           1 
      2168        2993       2981       2942       2970           1 
      2169        2823       2753       2815       2871           1 
      2170        2459       2481       2451       2428           1 
      2171        2444       2459       2428       2408           1 
      2172        2481       2506       2484       2451           1 
      2173        2506       2525       2527       2484           1 
      2174        2527       2546       2507       2484           1 
      2175        2546       2570       2545       2507           1 
      2176        2570       2593       2590       2545           1 
      2177        2590       2606       2558       2545           1 
      2178        2606       2624       2577       2558           1 
      2179        2904       2913       2866       2847           1 
      2180        2913       2927       2895       2866           1 
      2181        2927       2949       2935       2895           1 
      2182        2935       2931       2882       2895           1 
      2183        2931       2930       2874       2882           1 
      2184        2930       2934       2873       2874           1 
      2185        2893       2904       2847       2835           1 
      2186        2884       2893       2835       2830           1 
      2187        2878       2884       2830       2831           1 
      2188        2877       2878       2831       2843           1 
      2189        2862       2877       2843       2816           1 
      2190        2852       2862       2816       2799           1 
      2191        2839       2852       2799       2790           1 
      2192        2829       2839       2790       2785           1 
      2193        2813       2829       2785       2791           1 
      2194        2798       2813       2791       2762           1 
      2195        2780       2798       2762       2727           1 
      2196        2760       2780       2727       2714           1 
      2197        2748       2760       2714       2718           1 
      2198        2725       2748       2718       2689           1 
      2199        2711       2725       2689       2662           1 
      2200        2697       2711       2662       2647           1 
      2201        2693       2697       2647       2644           1 
      2202        1828       1738       1748       1833           1 
      2203        1738       1644       1664       1748           1 
      2204        1919       1828       1833       1923           1 
      2205        2006       1919       1923       2013           1 
      2206        2098       2006       2013       2113           1 
      2207        2192       2098       2113       2203           1 
      2208        2278       2192       2203       2294           1 
      2209        2357       2278       2294       2380           1 
      2210        2443       2357       2380       2460           1 
      2211        2515       2443       2460       2536           1 
      2212        2588       2515       2536       2620           1 
      2213        2663       2588       2620       2698           1 
      2214        2753       2663       2698       2765           1 
      2215        2444       2408       2389       2424           1 
      2216        2424       2389       2377       2411           1 
      2217        2577       2624       2644       2585           1 
      2218        2934       2950       2880       2873           1 
      2219         910        927        893        877           1 
      2220        1083       1099       1064       1038           1 
      2221         970       1002        993        955           1 
      2222        1002       1032       1038        993           1 
      2223        2644       2647       2596       2585           1 
      2224        2970       2942       2880       2950           1 
      2225        2942       2923       2853       2880           1 
      2226        2923       2917       2848       2853           1 
      2227        2647       2662       2611       2596           1 
      2228        2662       2689       2645       2611           1 
      2229        2689       2718       2714       2645           1 
      2230        2714       2727       2667       2645           1 
      2231        2727       2762       2736       2667           1 
      2232        2762       2791       2785       2736           1 
      2233        2736       2785       2790       2729           1 
      2234        2545       2558       2521       2496           1 
      2235        2507       2545       2496       2464           1 
      2236        2484       2507       2464       2435           1 
      2237        2451       2484       2435       2407           1 
      2238        2428       2451       2407       2393           1 
      2239        2408       2428       2393       2383           1 
      2240         119        109        131        136           1 
      2241         141        119        136        156           1 
      2242         161        141        156        172           1 
      2243         178        161        172        196           1 
      2244         205        178        196        218           1 
      2245         844        877        839        831           1 
      2246         131        147        156        136           1 
      2247         147        174        177        156           1 
      2248         174        200        202        177           1 
      2249         200        227        233        202           1 
      2250         227        261        264        233           1 
      2251         261        295        304        264           1 
      2252        2815       2753       2765       2833           1 
      2253        2898       2823       2871       2936           1 
      2254        2944       2936       2871       2896           1 
      2255        2833       2896       2871       2815           1 
      2256        2952       2944       2896       2917           1 
      2257        2917       2896       2833       2848           1 
      2258         295        331        343        304           1 
      2259         331        369        374        343           1 
      2260         369        400        408        374           1 
      2261         400        431        444        408           1 
      2262         431        472        482        444           1 
      2263         493        517        515        472           1 
      2264         517        538        550        515           1 
      2265         231        205        218        241           1 
      2266         263        231        241        278           1 
      2267         302        263        278        317           1 
      2268        2558       2577       2548       2521           1 
      2269         927        955        920        893           1 
      2270        1547       1518       1603       1607           1 
      2271        1518       1421       1410       1506           1 
      2272        1664       1607       1603       1669           1 
      2273        1421       1345       1324       1410           1 
      2274         341        302        317        355           1 
      2275         373        341        355        387           1 
      2276         409        373        387        421           1 
      2277         446        409        421        453           1 
      2278         484        446        453        495           1 
      2279         526        484        495        536           1 
      2280         564        526        536        570           1 
      2281         606        564        570        608           1 
      2282         651        606        608        643           1 
      2283         697        651        643        685           1 
      2284         740        697        685        732           1 
      2285         791        740        732        776           1 
      2286         838        791        776        825           1 
      2287         891        838        825        879           1 
      2288         945        891        879        933           1 
      2289         996        945        933        985           1 
      2290        1055        996        985       1039           1 
      2291        1119       1055       1039       1104           1 
      2292        1191       1119       1104       1176           1 
      2293        1345       1264       1252       1324           1 
      2294        1264       1191       1176       1252           1 
      2295         722        744        727        702           1 
      2296         744        771        756        727           1 
      2297         699        722        702        684           1 
      2298         679        699        684        674           1 
      2299         654        679        674        656           1 
      2300         625        654        656        628           1 
      2301         588        625        628        591           1 
      2302         771        804        798        756           1 
      2303         804        831        839        798           1 
      2304         550        588        591        557           1 
      2305        1309       1323       1289       1276           1 
      2306        1303       1309       1276       1274           1 
      2307        1289       1323       1358       1306           1 
      2308        1244       1274       1276       1236           1 
      2309        1358       1391       1351       1306           1 
      2310        1209       1244       1236       1198           1 
      2311        1171       1209       1198       1148           1 
      2312        1391       1456       1429       1351           1 
      2313        1456       1536       1511       1429           1 
      2314        1133       1171       1148       1102           1 
      2315        1099       1133       1102       1064           1 
      2316        2799       2816       2767       2741           1 
      2317        2816       2843       2831       2767           1 
      2318        2790       2799       2741       2729           1 
      2319        1725       1759       1696       1662           1 
      2320        1759       1818       1740       1696           1 
      2321        1650       1701       1725       1662           1 
      2322        1818       1853       1792       1740           1 
      2323        1853       1896       1834       1792           1 
      2324        1896       1937       1894       1834           1 
      2325        1937       1982       1961       1894           1 
      2326        1982       2018       2025       1961           1 
      2327        2025       2061       2003       1961           1 
      2328        2061       2111       2056       2003           1 
      2329        2111       2174       2116       2056           1 
      2330        1588       1650       1662       1582           1 
      2331        1511       1588       1582       1496           1 
      2332        2174       2210       2169       2116           1 
      2333        2210       2263       2217       2169           1 
      2334        2263       2287       2257       2217           1 
      2335        2287       2305       2253       2257           1 
      2336        2305       2324       2265       2253           1 
      2337        2324       2377       2389       2342           1 
      2338        2831       2830       2764       2767           1 
      2339        2830       2835       2771       2764           1 
      2340        2835       2847       2784       2771           1 
      2341        2847       2866       2811       2784           1 
      2342        2866       2895       2845       2811           1 
      2343        2895       2882       2824       2845           1 
      2344        2882       2874       2802       2824           1 
      2345        2874       2873       2788       2802           1 
      2346        1748       1664       1669       1752           1 
      2347        1833       1748       1752       1837           1 
      2348        1923       1833       1837       1931           1 
      2349        2013       1923       1931       2022           1 
      2350        2113       2013       2022       2124           1 
      2351        2203       2113       2124       2219           1 
      2352        2294       2203       2219       2311           1 
      2353        2380       2294       2311       2399           1 
      2354        2460       2380       2399       2482           1 
      2355        2536       2460       2482       2568           1 
      2356        2620       2536       2568       2650           1 
      2357        2698       2620       2650       2747           1 
      2358        2765       2698       2747       2789           1 
      2359        2833       2765       2789       2848           1 
      2360        1236       1276       1289       1240           1 
      2361        2257       2253       2184       2217           1 
      2362        2548       2577       2585       2540           1 
      2363        1198       1236       1240       1187           1 
      2364        2408       2383       2342       2389           1 
      2365        2383       2393       2345       2342           1 
      2366         550        557        523        515           1 
      2367        2845       2824       2769       2811           1 
      2368         472        515        523        482           1 
      2369        2824       2802       2731       2769           1 
      2370         557        591        603        571           1 
      2371         591        628        636        603           1 
      2372         628        656        665        636           1 
      2373         674        684        665        656           1 
      2374         684        702        678        665           1 
      2375         702        727        691        678           1 
      2376         727        756        717        691           1 
      2377         756        798        797        717           1 
      2378        2784       2811       2769       2708           1 
      2379        2771       2784       2708       2703           1 
      2380        2169       2217       2184       2121           1 
      2381        2764       2771       2703       2700           1 
      2382        2767       2764       2700       2690           1 
      2383         920        955        993        954           1 
      2384         877        893        855        839           1 
      2385         893        920        888        855           1 
      2386        2116       2169       2121       2059           1 
      2387        2853       2848       2789       2747           1 
      2388        2880       2853       2747       2772           1 
      2389        2873       2880       2772       2788           1 
      2390        1148       1198       1187       1135           1 
      2391        2265       2324       2342       2280           1 
      2392        2056       2116       2059       2002           1 
      2393        2741       2767       2690       2673           1 
      2394        2667       2736       2729       2661           1 
      2395        2729       2741       2673       2661           1 
      2396         798        839        855        797           1 
      2397        1289       1306       1249       1240           1 
      2398        2003       2056       2002       1948           1 
      2399        2802       2788       2706       2731           1 
      2400        1102       1148       1135       1079           1 
      2401        1064       1102       1079       1022           1 
      2402         993       1038       1064       1022           1 
      2403        1961       2003       1948       1893           1 
      2404        1894       1961       1893       1829           1 
      2405        1834       1894       1829       1775           1 
      2406        1792       1834       1775       1726           1 
      2407        1740       1792       1726       1663           1 
      2408        1752       1669       1676       1745           1 
      2409        1837       1752       1745       1838           1 
      2410        1931       1837       1838       1939           1 
      2411         172        156        177        184           1 
      2412        1511       1496       1416       1429           1 
      2413        1582       1662       1696       1627           1 
      2414         177        202        203        184           1 
      2415         196        172        184        203           1 
      2416         218        196        203        237           1 
      2417         241        218        237        265           1 
      2418         278        241        265        296           1 
      2419         317        278        296        332           1 
      2420        2585       2596       2534       2540           1 
      2421        2596       2611       2537       2534           1 
      2422        2611       2645       2559       2537           1 
      2423        2645       2667       2572       2559           1 
      2424        2022       1931       1939       2033           1 
      2425        1351       1429       1416       1350           1 
      2426        2124       2022       2033       2137           1 
      2427        1518       1506       1614       1603           1 
      2428        1669       1603       1614       1676           1 
      2429         355        317        332        372           1 
      2430         387        355        372        405           1 
      2431         421        387        405        433           1 
      2432         453        421        433        474           1 
      2433         495        453        474        510           1 
      2434         536        495        510        548           1 
      2435         570        536        548        583           1 
      2436         608        570        583        609           1 
      2437         643        608        609        634           1 
      2438         685        643        634        673           1 
      2439         732        685        673        715           1 
      2440         776        732        715        763           1 
      2441         825        776        763        812           1 
      2442         879        825        812        869           1 
      2443         933        879        869        915           1 
      2444         985        933        915        972           1 
      2445        1039        985        972       1030           1 
      2446        1104       1039       1030       1094           1 
      2447        1176       1104       1094       1166           1 
      2448        1252       1176       1166       1237           1 
      2449        1324       1252       1237       1314           1 
      2450        1410       1324       1314       1396           1 
      2451        2219       2124       2137       2231           1 
      2452        1506       1410       1396       1484           1 
      2453        2747       2650       2681       2772           1 
      2454        2788       2772       2681       2706           1 
      2455        2650       2568       2594       2681           1 
      2456        2568       2482       2510       2594           1 
      2457        2482       2399       2420       2510           1 
      2458         202        233        237        203           1 
      2459         233        264        273        237           1 
      2460         264        304        311        273           1 
      2461         304        343        353        311           1 
      2462         343        374        386        353           1 
      2463         374        408        419        386           1 
      2464         408        444        455        419           1 
      2465         444        482        496        455           1 
      2466        2399       2311       2330       2420           1 
      2467        2311       2219       2231       2330           1 
      2468        2253       2265       2201       2184           1 
      2469        2407       2435       2388       2356           1 
      2470        2393       2407       2356       2345           1 
      2471        2435       2464       2419       2388           1 
      2472        2464       2496       2458       2419           1 
      2473        2496       2521       2499       2458           1 
      2474        2521       2548       2540       2499           1 
      2475        1496       1582       1531       1469           1 
      2476         609        583        611        634           1 
      2477         583        548        577        611           1 
      2478        1416       1496       1469       1407           1 
      2479        2706       2681       2594       2625           1 
      2480        2356       2388       2334       2304           1 
      2481         665        678        641        636           1 
      2482         855        888        852        797           1 
      2483        1187       1240       1249       1189           1 
      2484         673        634        611        645           1 
      2485         715        673        645        696           1 
      2486        2345       2356       2304       2288           1 
      2487        2342       2345       2288       2280           1 
      2488        2388       2419       2371       2334           1 
      2489        2184       2201       2143       2114           1 
      2490        2121       2184       2114       2060           1 
      2491         482        523        537        496           1 
      2492         537        523        557        571           1 
      2493         603        636        641        615           1 
      2494         571        603        615        597           1 
      2495         548        510        539        577           1 
      2496         717        797        777        712           1 
      2497         763        715        696        741           1 
      2498         537        571        597        567           1 
      2499        1469       1531       1503       1451           1 
      2500        1306       1351       1266       1249           1 
      2501         812        763        741        793           1 
      2502         920        954        921        888           1 
      2503         954        993       1022        976           1 
      2504         869        812        793        847           1 
      2505         915        869        847        905           1 
      2506        2572       2667       2661       2575           1 
      2507         972        915        905        963           1 
      2508        1030        972        963       1019           1 
      2509        2708       2769       2731       2666           1 
      2510        2731       2706       2625       2666           1 
      2511        2059       2121       2060       2005           1 
      2512        2661       2673       2604       2575           1 
      2513        2673       2690       2632       2604           1 
      2514        2690       2700       2657       2632           1 
      2515        2700       2703       2639       2657           1 
      2516        2703       2708       2627       2639           1 
      2517        1351       1350       1269       1266           1 
      2518        2419       2458       2423       2371           1 
      2519        2458       2499       2475       2423           1 
      2520        2499       2540       2534       2475           1 
      2521        1135       1187       1189       1124           1 
      2522        1094       1030       1019       1084           1 
      2523        2201       2265       2280       2216           1 
      2524        2143       2201       2216       2159           1 
      2525        1531       1582       1627       1576           1 
      2526         265        237        273        290           1 
      2527         296        265        290        313           1 
      2528         332        296        313        354           1 
      2529         372        332        354        396           1 
      2530         405        372        396        427           1 
      2531         433        405        427        456           1 
      2532         474        433        456        497           1 
      2533         510        474        497        539           1 
      2534        1166       1094       1084       1152           1 
      2535        1237       1166       1152       1225           1 
      2536        1314       1237       1225       1304           1 
      2537        1079       1135       1124       1063           1 
      2538        2002       2059       2005       1949           1 
      2539        1396       1314       1304       1379           1 
      2540        2534       2537       2452       2475           1 
      2541        1022       1079       1063       1008           1 
      2542        1948       2002       1949       1891           1 
      2543        1893       1948       1891       1827           1 
      2544        1829       1893       1827       1769           1 
      2545        1775       1829       1769       1716           1 
      2546        1726       1775       1716       1668           1 
      2547        1484       1396       1379       1467           1 
      2548        1506       1484       1575       1614           1 
      2549        2594       2510       2547       2625           1 
      2550        2420       2450       2547       2510           1 
      2551         273        311        330        290           1 
      2552         311        353        371        330           1 
      2553         353        386        406        371           1 
      2554         313        290        330        354           1 
      2555         386        419        442        406           1 
      2556         419        455        481        442           1 
      2557         455        496        525        481           1 
      2558         496        537        567        525           1 
      2559        1838       1745       1728       1841           1 
      2560        1745       1676       1614       1728           1 
      2561        1939       1838       1841       1944           1 
      2562        2033       1939       1944       2040           1 
      2563        2137       2033       2040       2144           1 
      2564        2231       2137       2144       2246           1 
      2565        2330       2231       2246       2352           1 
      2566        2559       2572       2490       2479           1 
      2567        2537       2559       2479       2452           1 
      2568        1407       1469       1451       1402           1 
      2569        1503       1477       1437       1451           1 
      2570        1503       1531       1576       1539           1 
      2571        1477       1503       1539       1510           1 
      2572         641        678        691        638           1 
      2573         921        954        976        962           1 
      2574         962        976       1022       1008           1 
      2575         797        852        828        777           1 
      2576         888        921        892        852           1 
      2577        2216       2280       2288       2225           1 
      2578        2159       2216       2225       2163           1 
      2579        2143       2159       2102       2091           1 
      2580        2143       2091       2058       2114           1 
      2581        2060       2114       2058       2009           1 
      2582        2627       2708       2666       2615           1 
      2583        2666       2625       2547       2615           1 
      2584        1576       1627       1663       1610           1 
      2585        2572       2575       2473       2490           1 
      2586         645        611        577        617           1 
      2587         696        645        617        669           1 
      2588         741        696        669        720           1 
      2589         793        741        720        772           1 
      2590         847        793        772        827           1 
      2591        2575       2604       2531       2473           1 
      2592         905        847        827        887           1 
      2593         963        905        887        946           1 
      2594        1019        963        946       1004           1 
      2595        1416       1407       1346       1350           1 
      2596        1249       1266       1197       1189           1 
      2597        2604       2632       2586       2531           1 
      2598        2632       2657       2639       2586           1 
      2599        2586       2639       2627       2556           1 
      2600        1269       1350       1346       1282           1 
      2601        2288       2304       2241       2225           1 
      2602        2304       2334       2267       2241           1 
      2603        2334       2371       2321       2267           1 
      2604        2371       2423       2382       2321           1 
      2605        2423       2475       2452       2382           1 
      2606        2005       2060       2009       1955           1 
      2607        1949       2005       1955       1897           1 
      2608        1891       1949       1897       1830           1 
      2609         567        597        638        624           1 
      2610        1084       1019       1004       1068           1 
      2611        1827       1891       1830       1771           1 
      2612        1152       1084       1068       1140           1 
      2613        1225       1152       1140       1214           1 
      2614        1304       1225       1214       1296           1 
      2615        1379       1304       1296       1376           1 
      2616        1467       1379       1376       1464           1 
      2617        1484       1467       1552       1575           1 
      2618         577        539        575        617           1 
      2619        1266       1269       1202       1197           1 
      2620        1124       1189       1197       1121           1 
      2621        1063       1124       1121       1051           1 
      2622        1008       1063       1051        990           1 
      2623         330        371        395        354           1 
      2624         371        406        429        395           1 
      2625         406        442        470        429           1 
      2626         442        481        508        470           1 
      2627         481        525        560        508           1 
      2628         525        567        624        560           1 
      2629        1769       1827       1771       1710           1 
      2630         539        497        532        575           1 
      2631        1663       1726       1668       1619           1 
      2632        1716       1769       1710       1658           1 
      2633        1668       1716       1658       1616           1 
      2634        2547       2450       2477       2556           1 
      2635        2556       2627       2615       2547           1 
      2636        2450       2352       2379       2477           1 
      2637        2586       2556       2477       2531           1 
      2638        2352       2246       2255       2379           1 
      2639        2246       2144       2150       2255           1 
      2640        2144       2040       2044       2150           1 
      2641        2040       1944       1953       2044           1 
      2642        1614       1575       1665       1728           1 
      2643        1944       1841       1861       1953           1 
      2644         497        456        483        532           1 
      2645         456        427        464        483           1 
      2646         427        396        447        464           1 
      2647         396        354        395        447           1 
      2648        2479       2490       2440       2414           1 
      2649        2102       2159       2163       2100           1 
      2650        2052       2091       2102       2050           1 
      2651        2091       2052       2019       2058           1 
      2652         962       1008        990        937           1 
      2653         921        962        937        892           1 
      2654        1539       1576       1610       1573           1 
      2655        1610       1663       1619       1573           1 
      2656        1510       1539       1573       1535           1 
      2657        1451       1437       1403       1402           1 
      2658        1407       1402       1338       1346           1 
      2659        1269       1282       1213       1202           1 
      2660        1282       1346       1338       1286           1 
      2661        1619       1668       1616       1566           1 
      2662        1573       1619       1566       1535           1 
      2663        2479       2414       2381       2452           1 
      2664        2009       2058       2019       1969           1 
      2665         828        852        892        863           1 
      2666        1955       2009       1969       1907           1 
      2667        1897       1955       1907       1842           1 
      2668        1830       1897       1842       1777           1 
      2669         691        717        624        638           1 
      2670        2225       2241       2167       2163           1 
      2671        1861       1841       1728       1785           1 
      2672        2440       2490       2473       2401           1 
      2673        2531       2477       2379       2473           1 
      2674        2414       2440       2401       2361           1 
      2675         669        617        575        633           1 
      2676        1771       1830       1777       1715           1 
      2677         395        429        478        447           1 
      2678        1464       1376       1378       1474           1 
      2679        1467       1464       1549       1552           1 
      2680        1376       1296       1293       1378           1 
      2681        1296       1214       1205       1293           1 
      2682        1214       1140       1128       1205           1 
      2683        1140       1068       1053       1128           1 
      2684        1068       1004        989       1053           1 
      2685        1004        946        925        989           1 
      2686         946        887        870        925           1 
      2687         887        827        802        870           1 
      2688         429        470        511        478           1 
      2689         470        508        552        511           1 
      2690         720        669        633        694           1 
      2691         827        772        750        802           1 
      2692         772        720        694        750           1 
      2693        1710       1771       1715       1655           1 
      2694        1658       1710       1655       1605           1 
      2695        1616       1658       1605       1554           1 
      2696        1665       1575       1552       1639           1 
      2697        1121       1197       1202       1127           1 
      2698        1051       1121       1127       1044           1 
      2699         990       1051       1044        968           1 
      2700         575        532        601        633           1 
      2701         483        464        524        532           1 
      2702        2381       2414       2361       2328           1 
      2703        2452       2381       2323       2382           1 
      2704         464        447        521        524           1 
      2705        1728       1665       1731       1785           1 
      2706         508        560        598        552           1 
      2707         560        624        648        598           1 
      2708        2321       2382       2323       2258           1 
      2709        2241       2267       2177       2167           1 
      2710        2267       2321       2258       2177           1 
      2711        1477       1510       1486       1458           1 
      2712        1437       1477       1458       1433           1 
      2713        2150       2044       2049       2149           1 
      2714        2255       2150       2149       2244           1 
      2715        2044       1953       1959       2049           1 
      2716        2379       2255       2244       2333           1 
      2717        2473       2379       2333       2401           1 
      2718        1953       1861       1874       1959           1 
      2719         624        717        712        648           1 
      2720        2102       2100       2048       2050           1 
      2721        2052       2050       1996       2019           1 
      2722        2100       2163       2167       2081           1 
      2723        1510       1535       1494       1486           1 
      2724        1437       1433       1409       1403           1 
      2725        1458       1486       1494       1435           1 
      2726        1433       1458       1435       1409           1 
      2727        1282       1286       1234       1213           1 
      2728        1535       1566       1521       1494           1 
      2729        1554       1521       1566       1616           1 
      2730        1286       1338       1305       1284           1 
      2731         863        892        937        904           1 
      2732         937        990        968        904           1 
      2733        1338       1402       1403       1363           1 
      2734        1969       2019       1996       1933           1 
      2735        1907       1969       1933       1862           1 
      2736        1842       1907       1862       1791           1 
      2737        1202       1213       1144       1127           1 
      2738        1549       1464       1474       1556           1 
      2739        1777       1842       1791       1720           1 
      2740        2361       2401       2333       2303           1 
      2741        1731       1665       1639       1706           1 
      2742        1552       1549       1630       1639           1 
      2743        2328       2361       2303       2290           1 
      2744        2381       2328       2276       2323           1 
      2745        1861       1785       1805       1874           1 
      2746        1785       1731       1765       1805           1 
      2747         777        828        863        811           1 
      2748        1715       1777       1720       1659           1 
      2749        1655       1715       1659       1600           1 
      2750         712        777        747        705           1 
      2751        1605       1655       1600       1542           1 
      2752        1554       1605       1542       1497           1 
      2753         648        712        705        668           1 
      2754         598        648        668        642           1 
      2755         633        601        671        694           1 
      2756        2333       2244       2232       2303           1 
      2757        2244       2149       2154       2232           1 
      2758        2149       2049       2057       2154           1 
      2759         521        447        478        541           1 
      2760         532        524        587        601           1 
      2761         552        598        642        612           1 
      2762         478        511        574        541           1 
      2763         511        552        612        574           1 
      2764         524        521        593        587           1 
      2765        1044       1127       1144       1040           1 
      2766        2258       2323       2276       2204           1 
      2767        2049       1959       1960       2057           1 
      2768         968       1044       1040        942           1 
      2769        2167       2177       2053       2081           1 
      2770        1959       1874       1876       1960           1 
      2771        2177       2258       2204       2117           1 
      2772         802        750        729        784           1 
      2773         750        694        671        729           1 
      2774         870        802        784        849           1 
      2775         925        870        849        913           1 
      2776         989        925        913        979           1 
      2777        1053        989        979       1045           1 
      2778        1128       1053       1045       1118           1 
      2779        1205       1128       1118       1199           1 
      2780        1293       1205       1199       1290           1 
      2781        1378       1293       1290       1395           1 
      2782        1474       1378       1395       1498           1 
      2783        1765       1731       1706       1762           1 
      2784        2048       2100       2081       1990           1 
      2785        2050       2048       1990       1996           1 
      2786        1338       1363       1325       1305           1 
      2787        1363       1403       1409       1369           1 
      2788        1706       1639       1630       1708           1 
      2789        1805       1765       1762       1815           1 
      2790        1874       1805       1815       1876           1 
      2791         671        601        587        664           1 
      2792        1521       1554       1497       1463           1 
      2793        1494       1521       1463       1435           1 
      2794         729        671        664        714           1 
      2795        1630       1549       1556       1651           1 
      2796        1250       1234       1286       1284           1 
      2797        1213       1234       1196       1144           1 
      2798        2290       2303       2232       2242           1 
      2799        2328       2290       2242       2276           1 
      2800         747        777        811        759           1 
      2801         705        747        759        698           1 
      2802         668        705        698        642           1 
      2803         784        729        714        760           1 
      2804         811        863        904        860           1 
      2805         904        968        942        860           1 
      2806        1409       1435       1374       1369           1 
      2807         849        784        760        841           1 
      2808        1762       1706       1708       1772           1 
      2809         913        849        841        909           1 
      2810         979        913        909        978           1 
      2811         587        593        680        664           1 
      2812         714        664        680        760           1 
      2813        1045        979        978       1043           1 
      2814        2081       2053       1957       1990           1 
      2815        2177       2117       2004       2053           1 
      2816        1933       1996       1990       1902           1 
      2817        1474       1498       1591       1556           1 
      2818        2232       2154       2173       2242           1 
      2819        2154       2057       2073       2173           1 
      2820        2057       1960       1952       2073           1 
      2821        2276       2242       2173       2204           1 
      2822        2204       2173       2073       2117           1 
      2823        1960       1876       1860       1952           1 
      2824         612        642        698        682           1 
      2825        1118       1045       1043       1111           1 
      2826        1199       1118       1111       1193           1 
      2827        1290       1199       1193       1273           1 
      2828        1395       1290       1273       1375           1 
      2829         574        612        682        650           1 
      2830         541        574        650        620           1 
      2831         521        541        620        593           1 
      2832        1497       1542       1482       1427           1 
      2833        1542       1600       1537       1482           1 
      2834        1600       1659       1598       1537           1 
      2835        1659       1720       1653       1598           1 
      2836        1720       1791       1734       1653           1 
      2837        1791       1862       1814       1734           1 
      2838        1862       1933       1902       1814           1 
      2839        1498       1395       1466       1538           1 
      2840        1040       1144       1139       1058           1 
      2841         942       1040       1058        983           1 
      2842        1284       1305       1275       1250           1 
      2843        1325       1363       1369       1320           1 
      2844        1305       1325       1320       1275           1 
      2845        1234       1250       1203       1196           1 
      2846        1144       1196       1203       1139           1 
      2847        1815       1762       1772       1817           1 
      2848        1815       1817       1860       1876           1 
      2849        1902       1990       1957       1859           1 
      2850        1708       1630       1651       1735           1 
      2851        1772       1708       1735       1803           1 
      2852        1817       1772       1803       1860           1 
      2853        1497       1427       1392       1463           1 
      2854        1463       1392       1374       1435           1 
      2855        1427       1482       1422       1357           1 
      2856        1814       1902       1859       1763           1 
      2857         759        811        860        775           1 
      2858         698        759        775        682           1 
      2859        1591       1498       1538       1624           1 
      2860        1734       1814       1763       1673           1 
      2861        1653       1734       1673       1568           1 
      2862        1952       1860       1803       1857           1 
      2863        1957       2053       2004       1908           1 
      2864        2117       2073       1952       2004           1 
      2865        1556       1591       1684       1651           1 
      2866        1598       1653       1568       1530           1 
      2867        1395       1375       1470       1466           1 
      2868        1537       1598       1530       1481           1 
      2869         650        682        775        735           1 
      2870         593        620        700        680           1 
      2871         620        650        735        700           1 
      2872        1538       1466       1470       1568           1 
      2873         760        680        700        778           1 
      2874         841        760        778        856           1 
      2875         909        841        856        922           1 
      2876         978        909        922        987           1 
      2877        1043        978        987       1048           1 
      2878        1111       1043       1048       1115           1 
      2879        1193       1111       1115       1186           1 
      2880        1273       1193       1186       1260           1 
      2881        1375       1273       1260       1347           1 
      2882        1482       1537       1481       1422           1 
      2883         860        942        865        775           1 
      2884         983       1058       1080       1021           1 
      2885        1058       1139       1149       1080           1 
      2886         942        983        924        865           1 
      2887        1369       1374       1311       1320           1 
      2888         924        983       1021        977           1 
      2889        1684       1591       1624       1719           1 
      2890        1651       1684       1768       1735           1 
      2891        1250       1275       1229       1203           1 
      2892        1374       1392       1318       1311           1 
      2893        1275       1320       1311       1229           1 
      2894        1481       1428       1399       1422           1 
      2895        1347       1399       1428       1375           1 
      2896        2004       1952       1857       1908           1 
      2897        1624       1538       1568       1673           1 
      2898        1624       1673       1763       1719           1 
      2899        1957       1908       1813       1859           1 
      2900        1763       1859       1813       1719           1 
      2901        1684       1719       1813       1768           1 
      2902        1813       1908       1857       1768           1 
      2903        1735       1768       1857       1803           1 
      2904        1149       1139       1203       1229           1 
      2905        1428       1481       1530       1479           1 
      2906        1470       1479       1530       1568           1 
      2907        1428       1479       1470       1375           1 
      2908         775        865        813        735           1 
      2909        1422       1399       1347       1357           1 
      2910        1347       1260       1254       1357           1 
      2911        1392       1427       1357       1318           1 
      2912         865        924        885        813           1 
      2913        1260       1186       1185       1254           1 
      2914         700        735        813        778           1 
      2915         778        813        885        856           1 
      2916         922        856        885        949           1 
      2917         885        924        977        949           1 
      2918         987        922        949       1005           1 
      2919        1048        987       1005       1062           1 
      2920        1115       1048       1062       1120           1 
      2921        1186       1115       1120       1185           1 
      2922        1080       1149       1147       1087           1 
      2923        1021       1080       1087       1041           1 
      2924        1229       1311       1318       1221           1 
      2925        1149       1229       1221       1147           1 
      2926        1021       1041       1025        977           1 
      2927         949        977       1025       1005           1 
      2928        1062       1005       1025       1077           1 
      2929        1077       1025       1041       1087           1 
      2930        1120       1062       1077       1132           1 
      2931        1087       1147       1132       1077           1 
      2932        1357       1254       1221       1318           1 
      2933        1185       1120       1132       1179           1 
      2934        1254       1185       1179       1221           1 
      2935        1132       1147       1221       1179           1 
      2936        2450       2420       2330       2352           1 
      2937         638        597        615        641           1 
      2938        1696       1740       1663       1627           1 
surfaces 3
lines 2 0
END_Element
$-----------------------------------------------------

Moment-Load
Node,20, UX, 1, UY,  0.0 
Node,28, UX, 1, UY,  0.0 
Node,40, UX, 1, UY,  0.0 
Node,51, UX, 1, UY,  0.0 
Node,65, UX, 1, UY,  0.0 
Node,81, UX, 1, UY,  0.0 
Node,105, UX, 1, UY,  0.0 
Node,133, UX, 1, UY,  0.0 
Node,159, UX, 1, UY,  0.0 
Node,187, UX, 1, UY,  0.0 
Node,221, UX, 1, UY,  0.0 
Node,254, UX, 1, UY,  0.0 
Node,288, UX, 1, UY,  0.0 
Node,328, UX, 1, UY,  0.0 
Node,364, UX, 1, UY,  0.0 
Node,392, UX, 1, UY,  0.0 
Node,413, UX, 1, UY,  0.0 
Node,438, UX, 1, UY,  0.0 
Node,463, UX, 1, UY,  0.0 
Node,491, UX, 1, UY,  0.0 
$-----------------------------------------------------

Presure
Node,2933,    -0.400
Node,2939,    -0.400
Node,2941,    -0.400
Node,2943,    -0.400
Node,2946,    -0.400
Node,2954,    -0.400
Node,2959,    -0.400
Node,2964,    -0.400
Node,2972,    -0.400
Node,2986,    -0.400
Node,2997,    -0.400
Node,3007,    -0.400
Node,3021,    -0.400
Node,3034,    -0.400
Node,3044,    -0.400
Node,3052,    -0.400
Node,3063,    -0.400
Node,3070,    -0.400
Node,3074,    -0.400
Node,3081,    -0.400
$-----------------------------------------------------

Wall 
Node,695,      0.000000
Node,745,      0.000000
Node,796,      0.000000
Node,850,      0.000000
Node,901,      0.000000
Node,958,      0.000000
Node,1011,      0.000000
Node,1075,      0.000000
Node,1136,      0.000000
Node,1204,      0.000000
Node,1268,      0.000000
Node,1348,      0.000000
Node,1413,      0.000000
Node,1490,      0.000000
Node,1564,      0.000000
END_Wall 
$-----------------------------------------------------

MATERIAL PROPERTIES 
$ MATERIAL PROPERTIES FOR MULTILAMINATE
1 30000.0 0.25 6.0 31.62 2350
END_MATERIAL PROPERTIES 
$-----------------------------------------------------
