2092  1989

coordinates 
$-----------------------------------------------------
       1  -7.182390e+00 3.433960e+00 
       2  -6.982081e+00 3.433960e+00 
       3  -7.182390e+00 3.232247e+00 
       4  -6.987715e+00 3.231265e+00 
       5  -6.781772e+00 3.433960e+00 
       6  -7.182390e+00 3.030535e+00 
       7  -6.997297e+00 3.037479e+00 
       8  -6.794661e+00 3.219945e+00 
       9  -6.825546e+00 3.040355e+00 
      10  -6.581462e+00 3.433960e+00 
      11  -7.182390e+00 2.828822e+00 
      12  -6.999547e+00 2.844661e+00 
      13  -6.690606e+00 3.036642e+00 
      14  -6.587262e+00 3.172231e+00 
      15  -6.823533e+00 2.864292e+00 
      16  -6.665356e+00 2.891472e+00 
      17  -6.381153e+00 3.433960e+00 
      18  -7.182390e+00 2.627109e+00 
      19  -6.994967e+00 2.648051e+00 
      20  -6.510838e+00 2.957427e+00 
      21  -6.811997e+00 2.673001e+00 
      22  -6.364787e+00 3.208933e+00 
      23  -6.636445e+00 2.707528e+00 
      24  -6.328740e+00 3.000371e+00 
      25  -6.466744e+00 2.754250e+00 
      26  -6.180844e+00 3.433960e+00 
      27  -6.988295e+00 2.446299e+00 
      28  -7.182390e+00 2.425396e+00 
      29  -6.798117e+00 2.470122e+00 
      30  -6.164062e+00 3.226303e+00 
      31  -6.297121e+00 2.798260e+00 
      32  -6.609049e+00 2.503055e+00 
      33  -6.142990e+00 3.024725e+00 
      34  -6.424664e+00 2.549575e+00 
      35  -5.980535e+00 3.433960e+00 
      36  -7.182390e+00 2.223684e+00 
      37  -6.982781e+00 2.239615e+00 
      38  -6.123393e+00 2.823429e+00 
      39  -5.967829e+00 3.234135e+00 
      40  -6.268163e+00 2.609360e+00 
      41  -6.783127e+00 2.258131e+00 
      42  -5.954244e+00 3.035779e+00 
      43  -6.579579e+00 2.284005e+00 
      44  -6.108467e+00 2.629515e+00 
      45  -6.242399e+00 2.460089e+00 
      46  -5.941393e+00 2.836703e+00 
      47  -6.351106e+00 2.321936e+00 
      48  -5.780225e+00 3.433960e+00 
      49  -7.182390e+00 2.021971e+00 
      50  -6.981079e+00 2.031251e+00 
      51  -5.771959e+00 3.237226e+00 
      52  -6.778897e+00 2.041241e+00 
      53  -6.106500e+00 2.447959e+00 
      54  -5.762571e+00 3.040004e+00 
      55  -5.932277e+00 2.637313e+00 
      56  -6.574643e+00 2.053800e+00 
      57  -5.752440e+00 2.841706e+00 
      58  -6.140389e+00 2.261811e+00 
      59  -5.932636e+00 2.440890e+00 
      60  -6.363904e+00 2.060434e+00 
      61  -5.579916e+00 3.433960e+00 
      62  -7.182390e+00 1.820258e+00 
      63  -5.573860e+00 3.237838e+00 
      64  -6.980250e+00 1.822177e+00 
      65  -5.743681e+00 2.641262e+00 
      66  -6.778601e+00 1.826264e+00 
      67  -5.567185e+00 3.041727e+00 
      68  -6.576191e+00 1.829520e+00 
      69  -5.942814e+00 2.240742e+00 
      70  -6.157011e+00 2.043709e+00 
      71  -5.558028e+00 2.844427e+00 
      72  -5.740282e+00 2.438316e+00 
      73  -6.372516e+00 1.828471e+00 
      74  -5.379607e+00 3.433960e+00 
      75  -7.182390e+00 1.618545e+00 
      76  -5.548415e+00 2.641757e+00 
      77  -5.376380e+00 3.238440e+00 
      78  -6.981563e+00 1.616458e+00 
      79  -5.369398e+00 3.041883e+00 
      80  -6.781048e+00 1.615088e+00 
      81  -5.955047e+00 2.028541e+00 
      82  -5.743185e+00 2.231725e+00 
      83  -6.168706e+00 1.824049e+00 
      84  -5.360995e+00 2.844154e+00 
      85  -6.580612e+00 1.616326e+00 
      86  -5.543552e+00 2.435175e+00 
      87  -6.379526e+00 1.617145e+00 
      88  -5.350325e+00 2.641953e+00 
      89  -5.179298e+00 3.433960e+00 
      90  -5.752248e+00 2.020776e+00 
      91  -5.177305e+00 3.237909e+00 
      92  -7.182390e+00 1.416833e+00 
      93  -5.966097e+00 1.815027e+00 
      94  -6.984077e+00 1.413020e+00 
      95  -5.542170e+00 2.227170e+00 
      96  -5.170239e+00 3.041254e+00 
      97  -6.784617e+00 1.412113e+00 
      98  -6.178440e+00 1.612297e+00 
      99  -5.343339e+00 2.433458e+00 
     100  -5.161397e+00 2.843715e+00 
     101  -6.585318e+00 1.412635e+00 
     102  -5.762640e+00 1.809031e+00 
     103  -5.548078e+00 2.016692e+00 
     104  -6.386537e+00 1.411486e+00 
     105  -5.149220e+00 2.640144e+00 
     106  -5.976637e+00 1.610168e+00 
     107  -4.978989e+00 3.433960e+00 
     108  -5.340468e+00 2.224515e+00 
     109  -4.976841e+00 3.237127e+00 
     110  -7.182390e+00 1.215120e+00 
     111  -6.984635e+00 1.215120e+00 
     112  -4.969514e+00 3.040053e+00 
     113  -6.786881e+00 1.215120e+00 
     114  -6.186647e+00 1.410792e+00 
     115  -5.140656e+00 2.430293e+00 
     116  -6.589126e+00 1.215120e+00 
     117  -5.558420e+00 1.807656e+00 
     118  -4.960167e+00 2.841151e+00 
     119  -5.774684e+00 1.604748e+00 
     120  -5.342896e+00 2.014747e+00 
     121  -5.987326e+00 1.408602e+00 
     122  -6.391372e+00 1.215120e+00 
     123  -4.946962e+00 2.635119e+00 
     124  -5.135554e+00 2.220383e+00 
     125  -4.778679e+00 3.433960e+00 
     126  -7.182390e+00 1.024259e+00 
     127  -4.775188e+00 3.236974e+00 
     128  -6.987212e+00 1.020415e+00 
     129  -6.193617e+00 1.215120e+00 
     130  -5.572128e+00 1.605816e+00 
     131  -6.792840e+00 1.019998e+00 
     132  -4.767320e+00 3.039745e+00 
     133  -5.352201e+00 1.807086e+00 
     134  -5.786864e+00 1.407522e+00 
     135  -4.936601e+00 2.424882e+00 
     136  -6.595957e+00 1.018877e+00 
     137  -5.137268e+00 2.010291e+00 
     138  -4.756842e+00 2.838741e+00 
     139  -5.995862e+00 1.215120e+00 
     140  -6.397944e+00 1.016502e+00 
     141  -4.932118e+00 2.212308e+00 
     142  -4.744609e+00 2.631842e+00 
     143  -5.367947e+00 1.604001e+00 
     144  -5.587459e+00 1.406858e+00 
     145  -7.182390e+00 8.333973e-01 
     146  -4.578370e+00 3.433960e+00 
     147  -5.146139e+00 1.803448e+00 
     148  -6.991877e+00 8.292896e-01 
     149  -6.197804e+00 1.014812e+00 
     150  -5.798108e+00 1.215120e+00 
     151  -4.572203e+00 3.237286e+00 
     152  -6.797213e+00 8.260010e-01 
     153  -4.563400e+00 3.039138e+00 
     154  -4.732054e+00 2.418479e+00 
     155  -4.931375e+00 2.001657e+00 
     156  -6.602121e+00 8.224025e-01 
     157  -5.999094e+00 1.015582e+00 
     158  -4.553134e+00 2.838604e+00 
     159  -5.385298e+00 1.407367e+00 
     160  -5.600353e+00 1.215120e+00 
     161  -5.161481e+00 1.601615e+00 
     162  -6.404701e+00 8.184224e-01 
     163  -4.724945e+00 2.202310e+00 
     164  -4.540967e+00 2.628732e+00 
     165  -4.941344e+00 1.795146e+00 
     166  -5.798725e+00 1.015511e+00 
     167  -7.182390e+00 6.425360e-01 
     168  -6.204818e+00 8.162965e-01 
     169  -6.993704e+00 6.367056e-01 
     170  -4.378061e+00 3.433960e+00 
     171  -4.367035e+00 3.238036e+00 
     172  -6.802014e+00 6.323138e-01 
     173  -4.528675e+00 2.411822e+00 
     174  -5.402598e+00 1.215120e+00 
     175  -5.181150e+00 1.406516e+00 
     176  -4.358182e+00 3.039378e+00 
     177  -4.721934e+00 1.988208e+00 
     178  -6.608461e+00 6.255059e-01 
     179  -6.005412e+00 8.163002e-01 
     180  -4.955954e+00 1.595212e+00 
     181  -5.601561e+00 1.016246e+00 
     182  -4.347608e+00 2.838340e+00 
     183  -6.412231e+00 6.202023e-01 
     184  -4.516622e+00 2.189615e+00 
     185  -4.731910e+00 1.780267e+00 
     186  -4.337220e+00 2.629058e+00 
     187  -5.805834e+00 8.169177e-01 
     188  -5.204844e+00 1.215120e+00 
     189  -6.213719e+00 6.176756e-01 
     190  -7.182390e+00 4.516747e-01 
     191  -4.978902e+00 1.402747e+00 
     192  -6.996029e+00 4.424595e-01 
     193  -5.401913e+00 1.016783e+00 
     194  -4.177752e+00 3.433960e+00 
     195  -6.806037e+00 4.371250e-01 
     196  -4.164920e+00 3.237390e+00 
     197  -4.326254e+00 2.408993e+00 
     198  -4.510794e+00 1.969528e+00 
     199  -6.014352e+00 6.177772e-01 
     200  -5.607729e+00 8.179751e-01 
     201  -4.152927e+00 3.040210e+00 
     202  -4.751659e+00 1.581070e+00 
     203  -6.615648e+00 4.296490e-01 
     204  -4.142589e+00 2.839112e+00 
     205  -6.421291e+00 4.244406e-01 
     206  -5.007089e+00 1.215120e+00 
     207  -5.205092e+00 1.016018e+00 
     208  -5.813949e+00 6.182911e-01 
     209  -4.308030e+00 2.178964e+00 
     210  -4.522273e+00 1.756373e+00 
     211  -4.134422e+00 2.624910e+00 
     212  -4.775170e+00 1.393250e+00 
     213  -6.224502e+00 4.232151e-01 
     214  -5.408363e+00 8.183608e-01 
     215  -7.182390e+00 2.608133e-01 
     216  -6.997087e+00 2.486340e-01 
     217  -3.977442e+00 3.433960e+00 
     218  -6.810965e+00 2.403993e-01 
     219  -5.615159e+00 6.203762e-01 
     220  -6.025902e+00 4.237841e-01 
     221  -3.961967e+00 3.237355e+00 
     222  -4.122735e+00 2.405456e+00 
     223  -4.543603e+00 1.555549e+00 
     224  -6.621722e+00 2.343031e-01 
     225  -4.809335e+00 1.215120e+00 
     226  -4.292283e+00 1.946731e+00 
     227  -5.011738e+00 1.013189e+00 
     228  -3.948078e+00 3.039775e+00 
     229  -5.212358e+00 8.179275e-01 
     230  -6.430197e+00 2.306959e-01 
     231  -3.939248e+00 2.837320e+00 
     232  -5.825913e+00 4.228071e-01 
     233  -5.417082e+00 6.219164e-01 
     234  -4.574582e+00 1.372578e+00 
     235  -4.099890e+00 2.177138e+00 
     236  -6.236305e+00 2.298780e-01 
     237  -4.308371e+00 1.720205e+00 
     238  -3.935144e+00 2.626014e+00 
     239  -7.182390e+00 6.995200e-02 
     240  -6.998934e+00 5.684995e-02 
     241  -4.819451e+00 1.006785e+00 
     242  -5.624355e+00 4.237285e-01 
     243  -5.021650e+00 8.146335e-01 
     244  -4.611580e+00 1.215120e+00 
     245  -6.038840e+00 2.313368e-01 
     246  -3.777133e+00 3.433960e+00 
     247  -6.813936e+00 4.818825e-02 
     248  -3.931143e+00 2.409991e+00 
     249  -5.223384e+00 6.228828e-01 
     250  -3.758759e+00 3.236680e+00 
     251  -4.337017e+00 1.514240e+00 
     252  -6.626918e+00 4.277469e-02 
     253  -3.743497e+00 3.037756e+00 
     254  -5.838770e+00 2.323564e-01 
     255  -6.437378e+00 4.119978e-02 
     256  -4.045429e+00 1.924672e+00 
     257  -5.426467e+00 4.272618e-01 
     258  -3.924367e+00 2.202241e+00 
     259  -3.736860e+00 2.833535e+00 
     260  -4.375187e+00 1.327742e+00 
     261  -6.244855e+00 4.253367e-02 
     262  -4.832289e+00 8.065758e-01 
     263  -4.628740e+00 9.920706e-01 
     264  -3.738163e+00 2.621002e+00 
     265  -5.033294e+00 6.207921e-01 
     266  -3.914324e+00 2.036998e+00 
     267  -7.182390e+00 -1.209093e-01 
     268  -5.635092e+00 2.319972e-01 
     269  -4.090630e+00 1.670643e+00 
     270  -6.050362e+00 4.366522e-02 
     271  -7.001296e+00 -1.362016e-01 
     272  -4.424584e+00 1.156335e+00 
     273  -5.230803e+00 4.308954e-01 
     274  -3.741811e+00 2.401279e+00 
     275  -6.817231e+00 -1.437647e-01 
     276  -3.576824e+00 3.433960e+00 
     277  -6.630536e+00 -1.460944e-01 
     278  -4.133415e+00 1.460766e+00 
     279  -3.555056e+00 3.235877e+00 
     280  -5.851722e+00 4.388493e-02 
     281  -5.432375e+00 2.331182e-01 
     282  -3.752109e+00 2.184837e+00 
     283  -6.442109e+00 -1.459036e-01 
     284  -4.847954e+00 6.132131e-01 
     285  -4.646672e+00 7.903744e-01 
     286  -3.538338e+00 3.035517e+00 
     287  -5.042586e+00 4.325996e-01 
     288  -4.443758e+00 9.553964e-01 
     289  -6.251669e+00 -1.436932e-01 
     290  -4.182296e+00 1.272928e+00 
     291  -3.534478e+00 2.828133e+00 
     292  -3.774175e+00 1.986862e+00 
     293  -3.836589e+00 1.805651e+00 
     294  -5.644870e+00 3.878578e-02 
     295  -3.539908e+00 2.611589e+00 
     296  -5.231807e+00 2.423281e-01 
     297  -7.182390e+00 -3.117707e-01 
     298  -6.057835e+00 -1.406992e-01 
     299  -4.237587e+00 1.097550e+00 
     300  -7.001977e+00 -3.251229e-01 
     301  -3.887677e+00 1.596701e+00 
     302  -3.551510e+00 2.385166e+00 
     303  -6.818427e+00 -3.316947e-01 
     304  -4.667531e+00 5.976239e-01 
     305  -4.863361e+00 4.265625e-01 
     306  -3.376515e+00 3.433960e+00 
     307  -6.633243e+00 -3.346490e-01 
     308  -4.467652e+00 7.593643e-01 
     309  -5.859027e+00 -1.416203e-01 
     310  -5.426047e+00 3.137445e-02 
     311  -3.570715e+00 2.158461e+00 
     312  -3.936117e+00 1.397556e+00 
     313  -5.045964e+00 2.520988e-01 
     314  -3.353719e+00 3.233612e+00 
     315  -6.445619e+00 -3.331245e-01 
     316  -4.262368e+00 9.085511e-01 
     317  -3.335530e+00 3.030930e+00 
     318  -6.254998e+00 -3.283841e-01 
     319  -3.600460e+00 1.938539e+00 
     320  -3.991371e+00 1.214394e+00 
     321  -3.329049e+00 2.821646e+00 
     322  -5.650530e+00 -1.549538e-01 
     323  -5.213412e+00 5.352460e-02 
     324  -4.689260e+00 4.115703e-01 
     325  -6.062045e+00 -3.226846e-01 
     326  -3.645076e+00 1.727889e+00 
     327  -4.491118e+00 5.710319e-01 
     328  -4.875405e+00 2.514998e-01 
     329  -3.336729e+00 2.600175e+00 
     330  -7.182390e+00 -5.026320e-01 
     331  -4.050591e+00 1.038765e+00 
     332  -7.000879e+00 -5.121135e-01 
     333  -4.289061e+00 7.206545e-01 
     334  -6.817202e+00 -5.179442e-01 
     335  -3.694372e+00 1.528678e+00 
     336  -5.870021e+00 -3.180421e-01 
     337  -3.352653e+00 2.366404e+00 
     338  -5.031758e+00 8.386672e-02 
     339  -6.633197e+00 -5.218092e-01 
     340  -3.176205e+00 3.433960e+00 
     341  -6.445575e+00 -5.195681e-01 
     342  -3.378782e+00 2.125302e+00 
     343  -3.745621e+00 1.336790e+00 
     344  -4.079754e+00 8.569597e-01 
     345  -3.151156e+00 3.231912e+00 
     346  -4.710314e+00 2.348526e-01 
     347  -5.680206e+00 -3.216287e-01 
     348  -5.408228e+00 -2.012368e-01 
     349  -4.518650e+00 3.817903e-01 
     350  -4.879268e+00 9.918625e-02 
     351  -6.253273e+00 -5.128275e-01 
     352  -3.129871e+00 3.027442e+00 
     353  -3.413508e+00 1.887655e+00 
     354  -3.800897e+00 1.154121e+00 
     355  -4.317463e+00 5.296166e-01 
     356  -6.057916e+00 -5.046963e-01 
     357  -3.122067e+00 2.814437e+00 
     358  -5.150146e+00 -1.413304e-01 
     359  -5.523868e+00 -3.307672e-01 
     360  -3.456575e+00 1.667370e+00 
     361  -7.182390e+00 -6.934933e-01 
     362  -3.863594e+00 9.799803e-01 
     363  -4.110937e+00 6.735152e-01 
     364  -4.978295e+00 -6.117002e-02 
     365  -7.000487e+00 -7.007694e-01 
     366  -3.127925e+00 2.587919e+00 
     367  -5.865635e+00 -4.939606e-01 
     368  -4.874968e+00 -6.861789e-03 
     369  -4.732627e+00 7.735490e-02 
     370  -6.816304e+00 -7.061596e-01 
     371  -4.546564e+00 1.974496e-01 
     372  -3.502862e+00 1.462474e+00 
     373  -6.628264e+00 -7.063009e-01 
     374  -3.142792e+00 2.350268e+00 
     375  -5.672216e+00 -4.859848e-01 
     376  -4.348422e+00 3.310660e-01 
     377  -6.439948e+00 -7.043121e-01 
     378  -2.975896e+00 3.433960e+00 
     379  -3.897273e+00 8.012807e-01 
     380  -3.555152e+00 1.273911e+00 
     381  -3.170231e+00 2.099440e+00 
     382  -6.247381e+00 -6.984390e-01 
     383  -4.142557e+00 4.819042e-01 
     384  -2.948552e+00 3.231102e+00 
     385  -4.766908e+00 -5.455225e-02 
     386  -5.483169e+00 -4.694360e-01 
     387  -3.613144e+00 1.094974e+00 
     388  -3.216566e+00 1.850421e+00 
     389  -6.050712e+00 -6.893126e-01 
     390  -2.925543e+00 3.025522e+00 
     391  -4.582721e+00 3.433684e-02 
     392  -5.283261e+00 -4.124761e-01 
     393  -4.853210e+00 -1.790910e-01 
     394  -3.931463e+00 6.198234e-01 
     395  -3.676598e+00 9.211954e-01 
     396  -2.910928e+00 2.813562e+00 
     397  -3.265302e+00 1.616741e+00 
     398  -7.182390e+00 -8.843547e-01 
     399  -5.852628e+00 -6.778005e-01 
     400  -4.382983e+00 1.383337e-01 
     401  -6.999213e+00 -8.878001e-01 
     402  -6.812019e+00 -8.916168e-01 
     403  -2.910112e+00 2.586796e+00 
     404  -4.631656e+00 -9.778669e-02 
     405  -4.174592e+00 2.745235e-01 
     406  -6.623607e+00 -8.929228e-01 
     407  -3.314409e+00 1.407073e+00 
     408  -5.000648e+00 -3.564395e-01 
     409  -5.652591e+00 -6.673067e-01 
     410  -6.430546e+00 -8.900177e-01 
     411  -3.712248e+00 7.420278e-01 
     412  -3.964377e+00 4.321960e-01 
     413  -2.919225e+00 2.340484e+00 
     414  -2.775587e+00 3.433960e+00 
     415  -3.365575e+00 1.213355e+00 
     416  -6.235773e+00 -8.852853e-01 
     417  -4.433469e+00 -3.825153e-02 
     418  -5.449143e+00 -6.517490e-01 
     419  -2.745485e+00 3.231707e+00 
     420  -4.666555e+00 -2.401527e-01 
     421  -2.942785e+00 2.071768e+00 
     422  -4.510438e+00 -1.307786e-01 
     423  -3.423859e+00 1.034868e+00 
     424  -6.038337e+00 -8.785660e-01 
     425  -3.749205e+00 5.627477e-01 
     426  -3.004688e+00 1.807260e+00 
     427  -2.716542e+00 3.028452e+00 
     428  -4.215063e+00 5.234580e-02 
     429  -3.489601e+00 8.624104e-01 
     430  -5.839971e+00 -8.693726e-01 
     431  -5.232619e+00 -6.305422e-01 
     432  -7.182390e+00 -1.075216e+00 
     433  -6.995532e+00 -1.075416e+00 
     434  -3.067476e+00 1.567222e+00 
     435  -2.698997e+00 2.818716e+00 
     436  -3.993115e+00 2.211748e-01 
     437  -6.804954e+00 -1.077682e+00 
     438  -6.614173e+00 -1.078010e+00 
     439  -4.493925e+00 -2.519841e-01 
     440  -3.123809e+00 1.348862e+00 
     441  -5.634063e+00 -8.593696e-01 
     442  -2.693181e+00 2.592774e+00 
     443  -4.730123e+00 -4.200843e-01 
     444  -3.781262e+00 3.763131e-01 
     445  -3.526749e+00 6.840034e-01 
     446  -6.420490e+00 -1.076973e+00 
     447  -4.990704e+00 -6.159009e-01 
     448  -3.179118e+00 1.155989e+00 
     449  -2.575278e+00 3.433960e+00 
     450  -6.224780e+00 -1.073568e+00 
     451  -2.685791e+00 2.340610e+00 
     452  -5.425176e+00 -8.504168e-01 
     453  -4.293394e+00 -1.903489e-01 
     454  -2.541259e+00 3.233315e+00 
     455  -3.237937e+00 9.766188e-01 
     456  -6.026894e+00 -1.070293e+00 
     457  -3.565157e+00 5.041805e-01 
     458  -4.014744e+00 -1.241309e-02 
     459  -2.512756e+00 3.031376e+00 
     460  -3.302605e+00 8.036255e-01 
     461  -5.826747e+00 -1.065920e+00 
     462  -7.182390e+00 -1.266077e+00 
     463  -3.798638e+00 1.701833e-01 
     464  -6.990750e+00 -1.264914e+00 
     465  -2.787111e+00 1.746296e+00 
     466  -5.207369e+00 -8.420430e-01 
     467  -4.505313e+00 -4.466563e-01 
     468  -6.798093e+00 -1.265685e+00 
     469  -2.870313e+00 1.502987e+00 
     470  -2.667520e+00 2.035358e+00 
     471  -2.490187e+00 2.826683e+00 
     472  -6.604506e+00 -1.265751e+00 
     473  -4.747977e+00 -6.370885e-01 
     474  -3.591810e+00 3.203919e-01 
     475  -5.620095e+00 -1.057619e+00 
     476  -3.341020e+00 6.232741e-01 
     477  -2.933998e+00 1.286513e+00 
     478  -6.410423e+00 -1.266106e+00 
     479  -2.477371e+00 2.614529e+00 
     480  -6.213313e+00 -1.264060e+00 
     481  -2.990384e+00 1.094929e+00 
     482  -2.374969e+00 3.433960e+00 
     483  -4.981274e+00 -8.421637e-01 
     484  -5.409733e+00 -1.051891e+00 
     485  -2.461701e+00 2.390492e+00 
     486  -4.298262e+00 -4.488820e-01 
     487  -3.377225e+00 4.451128e-01 
     488  -3.049855e+00 9.170756e-01 
     489  -6.015662e+00 -1.262569e+00 
     490  -4.048607e+00 -2.575989e-01 
     491  -2.340151e+00 3.235366e+00 
     492  -3.802325e+00 -6.422706e-02 
     493  -3.115609e+00 7.448406e-01 
     494  -4.525519e+00 -6.552895e-01 
     495  -3.598366e+00 1.270072e-01 
     496  -5.814388e+00 -1.261295e+00 
     497  -7.182390e+00 -1.456939e+00 
     498  -2.307429e+00 3.036708e+00 
     499  -6.986260e+00 -1.454759e+00 
     500  -5.195938e+00 -1.050037e+00 
     501  -6.790730e+00 -1.456246e+00 
     502  -2.600247e+00 1.645461e+00 
     503  -4.758149e+00 -8.491730e-01 
     504  -2.684995e+00 1.430793e+00 
     505  -6.594059e+00 -1.456742e+00 
     506  -2.421079e+00 2.169888e+00 
     507  -3.402236e+00 2.679461e-01 
     508  -2.285635e+00 2.836993e+00 
     509  -3.154725e+00 5.631774e-01 
     510  -5.609884e+00 -1.257108e+00 
     511  -2.750010e+00 1.227916e+00 
     512  -6.397706e+00 -1.456156e+00 
     513  -2.487388e+00 1.850497e+00 
     514  -2.273512e+00 2.636012e+00 
     515  -6.201132e+00 -1.456476e+00 
     516  -2.805958e+00 1.039180e+00 
     517  -4.091431e+00 -4.837480e-01 
     518  -4.978717e+00 -1.051265e+00 
     519  -4.319037e+00 -6.670472e-01 
     520  -2.174659e+00 3.433960e+00 
     521  -5.401724e+00 -1.253424e+00 
     522  -2.260319e+00 2.437075e+00 
     523  -3.190166e+00 3.858109e-01 
     524  -2.864857e+00 8.604063e-01 
     525  -3.587677e+00 -8.063563e-02 
     526  -6.003787e+00 -1.454312e+00 
     527  -4.541065e+00 -8.612965e-01 
     528  -3.406776e+00 8.925237e-02 
     529  -2.141380e+00 3.238055e+00 
     530  -2.928612e+00 6.860556e-01 
     531  -2.324089e+00 1.996710e+00 
     532  -3.795507e+00 -3.390484e-01 
     533  -5.802415e+00 -1.454463e+00 
     534  -7.182390e+00 -1.647800e+00 
     535  -6.983449e+00 -1.647800e+00 
     536  -2.110408e+00 3.042072e+00 
     537  -2.228735e+00 2.256351e+00 
     538  -5.191041e+00 -1.253956e+00 
     539  -6.784508e+00 -1.647800e+00 
     540  -4.762280e+00 -1.056143e+00 
     541  -2.436060e+00 1.558374e+00 
     542  -2.510808e+00 1.363852e+00 
     543  -3.210328e+00 2.169728e-01 
     544  -6.585568e+00 -1.647800e+00 
     545  -2.348282e+00 1.730317e+00 
     546  -2.088471e+00 2.846536e+00 
     547  -2.965859e+00 5.024964e-01 
     548  -4.119682e+00 -6.894031e-01 
     549  -2.569656e+00 1.172049e+00 
     550  -5.601681e+00 -1.454444e+00 
     551  -6.386627e+00 -1.647800e+00 
     552  -3.901516e+00 -5.342946e-01 
     553  -2.081779e+00 2.651015e+00 
     554  -4.335867e+00 -8.719280e-01 
     555  -2.622785e+00 9.848795e-01 
     556  -6.187686e+00 -1.647800e+00 
     557  -4.979170e+00 -1.254507e+00 
     558  -3.382513e+00 -1.004389e-01 
     559  -2.235429e+00 1.859025e+00 
     560  -2.081118e+00 2.463672e+00 
     561  -5.397461e+00 -1.452436e+00 
     562  -1.974350e+00 3.433960e+00 
     563  -3.000527e+00 3.293192e-01 
     564  -2.145703e+00 2.105297e+00 
     565  -4.550894e+00 -1.064124e+00 
     566  -3.551633e+00 -3.053971e-01 
     567  -2.678313e+00 8.037040e-01 
     568  -2.085605e+00 2.315687e+00 
     569  -3.210736e+00 4.749683e-02 
     570  -5.988745e+00 -1.647800e+00 
     571  -1.943759e+00 3.241320e+00 
     572  -2.741616e+00 6.272707e-01 
     573  -2.228998e+00 1.655635e+00 
     574  -3.936579e+00 -7.141797e-01 
     575  -2.284905e+00 1.493867e+00 
     576  -5.789804e+00 -1.647800e+00 
     577  -2.179822e+00 1.768983e+00 
     578  -4.768622e+00 -1.257266e+00 
     579  -5.192867e+00 -1.452428e+00 
     580  -3.779900e+00 -6.038236e-01 
     581  -1.914946e+00 3.048071e+00 
     582  -4.136746e+00 -8.864706e-01 
     583  -2.338505e+00 1.313196e+00 
     584  -3.024328e+00 1.650485e-01 
     585  -2.089522e+00 1.940090e+00 
     586  -3.666159e+00 -5.418970e-01 
     587  -2.390324e+00 1.124038e+00 
     588  -1.893297e+00 2.854177e+00 
     589  -2.777290e+00 4.459107e-01 
     590  -4.346619e+00 -1.072898e+00 
     591  -5.590864e+00 -1.647800e+00 
     592  -1.886517e+00 2.658069e+00 
     593  -3.184803e+00 -1.257849e-01 
     594  -4.985637e+00 -1.452766e+00 
     595  -3.337459e+00 -3.003845e-01 
     596  -2.439957e+00 9.352814e-01 
     597  -1.946961e+00 2.227039e+00 
     598  -1.898840e+00 2.454918e+00 
     599  -2.066228e+00 1.788423e+00 
     600  -4.561281e+00 -1.261580e+00 
     601  -3.772025e+00 -7.352793e-01 
     602  -5.391923e+00 -1.647800e+00 
     603  -3.023812e+00 5.791148e-03 
     604  -2.813567e+00 2.738499e-01 
     605  -2.494337e+00 7.506099e-01 
     606  -2.086429e+00 1.631596e+00 
     607  -1.774041e+00 3.433960e+00 
     608  -3.946742e+00 -9.000981e-01 
     609  -3.478457e+00 -5.101140e-01 
     610  -2.121745e+00 1.458620e+00 
     611  -4.147876e+00 -1.081767e+00 
     612  -1.744361e+00 3.245195e+00 
     613  -2.554619e+00 5.684858e-01 
     614  -4.780294e+00 -1.453907e+00 
     615  -5.192982e+00 -1.647800e+00 
     616  -2.164842e+00 1.274033e+00 
     617  -1.908991e+00 2.003781e+00 
     618  -2.843478e+00 1.118365e-01 
     619  -1.715776e+00 3.055211e+00 
     620  -3.609856e+00 -7.211747e-01 
     621  -4.358593e+00 -1.267581e+00 
     622  -2.209651e+00 1.083659e+00 
     623  -2.997837e+00 -1.506775e-01 
     624  -2.588380e+00 3.865451e-01 
     625  -3.133181e+00 -3.093848e-01 
     626  -1.694834e+00 2.864627e+00 
     627  -3.766156e+00 -9.071638e-01 
     628  -1.902074e+00 1.810331e+00 
     629  -4.994041e+00 -1.647800e+00 
     630  -4.576045e+00 -1.456012e+00 
     631  -2.256019e+00 8.908296e-01 
     632  -3.274995e+00 -5.009915e-01 
     633  -2.852280e+00 -3.240987e-02 
     634  -1.682767e+00 2.672675e+00 
     635  -3.953865e+00 -1.087637e+00 
     636  -1.919413e+00 1.624241e+00 
     637  -2.627815e+00 2.147811e-01 
     638  -1.680763e+00 2.470890e+00 
     639  -2.308032e+00 6.992333e-01 
     640  -3.421833e+00 -7.049064e-01 
     641  -4.159536e+00 -1.273713e+00 
     642  -1.947828e+00 1.435461e+00 
     643  -1.573732e+00 3.433960e+00 
     644  -1.697551e+00 2.253474e+00 
     645  -4.795101e+00 -1.647800e+00 
     646  -2.367623e+00 5.097009e-01 
     647  -3.583660e+00 -9.030970e-01 
     648  -1.547325e+00 3.250786e+00 
     649  -2.666955e+00 5.670486e-02 
     650  -4.375699e+00 -1.458434e+00 
     651  -1.984565e+00 1.242453e+00 
     652  -2.840237e+00 -1.685179e-01 
     653  -2.944540e+00 -3.122166e-01 
     654  -1.699456e+00 2.029873e+00 
     655  -3.762199e+00 -1.090181e+00 
     656  -1.521704e+00 3.066909e+00 
     657  -2.024279e+00 1.048738e+00 
     658  -3.072238e+00 -4.977303e-01 
     659  -2.701594e+00 -7.874927e-02 
     660  -2.402483e+00 3.327255e-01 
     661  -4.596160e+00 -1.647800e+00 
     662  -1.711546e+00 1.820707e+00 
     663  -3.963193e+00 -1.276898e+00 
     664  -1.497577e+00 2.882128e+00 
     665  -3.221815e+00 -6.969243e-01 
     666  -2.069713e+00 8.524899e-01 
     667  -2.726840e+00 -1.683195e-01 
     668  -1.733905e+00 1.616021e+00 
     669  -4.175692e+00 -1.461767e+00 
     670  -3.391038e+00 -8.955029e-01 
     671  -1.472870e+00 2.697265e+00 
     672  -2.444039e+00 1.600886e-01 
     673  -2.122503e+00 6.542909e-01 
     674  -2.776306e+00 -2.993489e-01 
     675  -1.763417e+00 1.415999e+00 
     676  -3.569789e+00 -1.088265e+00 
     677  -4.397219e+00 -1.647800e+00 
     678  -1.373422e+00 3.433960e+00 
     679  -2.492841e+00 -3.341279e-03 
     680  -1.444820e+00 2.491303e+00 
     681  -3.766987e+00 -1.276903e+00 
     682  -1.797188e+00 1.217941e+00 
     683  -2.180626e+00 4.509159e-01 
     684  -2.870833e+00 -4.894551e-01 
     685  -1.352740e+00 3.257985e+00 
     686  -1.458744e+00 2.265541e+00 
     687  -2.555573e+00 -1.447495e-01 
     688  -3.978792e+00 -1.463352e+00 
     689  -2.638689e+00 -2.576914e-01 
     690  -3.018055e+00 -6.899337e-01 
     691  -1.329800e+00 3.081683e+00 
     692  -1.835865e+00 1.021247e+00 
     693  -1.477946e+00 2.030862e+00 
     694  -2.213748e+00 2.794400e-01 
     695  -3.188674e+00 -8.898467e-01 
     696  -4.198278e+00 -1.647800e+00 
     697  -1.304303e+00 2.906785e+00 
     698  -1.505860e+00 1.811761e+00 
     699  -3.374240e+00 -1.084643e+00 
     700  -1.879557e+00 8.207759e-01 
     701  -3.570217e+00 -1.275240e+00 
     702  -1.537551e+00 1.595332e+00 
     703  -2.256024e+00 1.043055e-01 
     704  -2.683803e+00 -4.569878e-01 
     705  -1.265363e+00 2.736208e+00 
     706  -1.931639e+00 6.145244e-01 
     707  -3.780585e+00 -1.463607e+00 
     708  -1.572798e+00 1.389782e+00 
     709  -3.999337e+00 -1.647800e+00 
     710  -2.313074e+00 -6.809110e-02 
     711  -2.809686e+00 -6.761940e-01 
     712  -1.608267e+00 1.192830e+00 
     713  -1.173113e+00 3.433960e+00 
     714  -1.993630e+00 3.921310e-01 
     715  -2.986320e+00 -8.835409e-01 
     716  -1.160722e+00 3.270410e+00 
     717  -2.395425e+00 -2.303230e-01 
     718  -2.509712e+00 -3.796432e-01 
     719  -3.170112e+00 -1.082089e+00 
     720  -1.142553e+00 3.096411e+00 
     721  -1.645408e+00 9.970517e-01 
     722  -3.372405e+00 -1.273223e+00 
     723  -2.024386e+00 2.359488e-01 
     724  -1.127901e+00 2.929038e+00 
     725  -3.581343e+00 -1.462419e+00 
     726  -1.166901e+00 2.531516e+00 
     727  -1.213144e+00 2.255795e+00 
     728  -1.122279e+00 2.792642e+00 
     729  -1.686071e+00 7.999170e-01 
     730  -1.247726e+00 2.016272e+00 
     731  -3.800397e+00 -1.647800e+00 
     732  -1.293189e+00 1.777823e+00 
     733  -2.066591e+00 5.948541e-02 
     734  -1.338523e+00 1.561155e+00 
     735  -2.590870e+00 -6.412568e-01 
     736  -1.737146e+00 5.985298e-01 
     737  -1.381955e+00 1.354965e+00 
     738  -2.770646e+00 -8.755660e-01 
     739  -2.967907e+00 -1.078817e+00 
     740  -3.171179e+00 -1.272015e+00 
     741  -1.795015e+00 3.927666e-01 
     742  -1.423671e+00 1.162959e+00 
     743  -2.120624e+00 -1.296457e-01 
     744  -3.383972e+00 -1.460683e+00 
     745  -9.728040e-01 3.433960e+00 
     746  -9.728040e-01 3.296330e+00 
     747  -3.601456e+00 -1.647800e+00 
     748  -1.459645e+00 9.751687e-01 
     749  -9.517895e-01 3.104513e+00 
     750  -2.203343e+00 -3.288080e-01 
     751  -1.827515e+00 2.149647e-01 
     752  -9.735729e-01 2.712680e+00 
     753  -9.493065e-01 2.917920e+00 
     754  -1.495668e+00 7.828975e-01 
     755  -2.335731e+00 -5.567995e-01 
     756  -1.869085e+00 2.869450e-02 
     757  -2.553790e+00 -8.574043e-01 
     758  -2.969292e+00 -1.270673e+00 
     759  -2.759374e+00 -1.074670e+00 
     760  -1.542650e+00 5.893277e-01 
     761  -9.448424e-01 2.423889e+00 
     762  -9.843601e-01 2.200096e+00 
     763  -3.183482e+00 -1.459613e+00 
     764  -3.402515e+00 -1.647800e+00 
     765  -1.080648e+00 1.722104e+00 
     766  -1.015281e+00 1.960815e+00 
     767  -1.142668e+00 1.503243e+00 
     768  -1.204184e+00 1.301684e+00 
     769  -1.258143e+00 1.132186e+00 
     770  -8.833383e-01 2.571630e+00 
     771  -1.596400e+00 3.934021e-01 
     772  -1.916855e+00 -1.694410e-01 
     773  -1.273832e+00 9.577668e-01 
     774  -1.627479e+00 2.046731e-01 
     775  -7.517873e-01 3.296330e+00 
     776  -7.488571e-01 3.106373e+00 
     777  -2.981858e+00 -1.459851e+00 
     778  -2.766344e+00 -1.269466e+00 
     779  -7.497149e-01 2.918464e+00 
     780  -3.203574e+00 -1.647800e+00 
     781  -1.976392e+00 -3.816930e-01 
     782  -1.300203e+00 7.682250e-01 
     783  -2.548324e+00 -1.067277e+00 
     784  -2.324230e+00 -8.304194e-01 
     785  -7.530134e-01 2.731734e+00 
     786  -1.130885e+00 1.106336e+00 
     787  -1.665379e+00 9.768892e-03 
     788  -1.346089e+00 5.818452e-01 
     789  -7.345059e-01 2.566245e+00 
     790  -7.499246e-01 2.382561e+00 
     791  -1.047471e+00 1.221104e+00 
     792  -2.050498e+00 -6.038700e-01 
     793  -1.397786e+00 3.940377e-01 
     794  -9.610623e-01 1.417777e+00 
     795  -7.641728e-01 2.159887e+00 
     796  -8.716126e-01 1.638517e+00 
     797  -1.100540e+00 9.704819e-01 
     798  -1.709653e+00 -1.934529e-01 
     799  -3.004633e+00 -1.647800e+00 
     800  -2.782691e+00 -1.459890e+00 
     801  -2.560388e+00 -1.267913e+00 
     802  -1.428528e+00 2.001552e-01 
     803  -7.627374e-01 1.885517e+00 
     804  -2.332911e+00 -1.058571e+00 
     805  -1.112561e+00 7.716807e-01 
     806  -1.761054e+00 -4.072780e-01 
     807  -2.088208e+00 -8.350191e-01 
     808  -5.418415e-01 3.102740e+00 
     809  -5.500962e-01 2.913938e+00 
     810  -5.307707e-01 3.296330e+00 
     811  -5.542600e-01 2.729546e+00 
     812  -1.463634e+00 8.278078e-04 
     813  -1.148269e+00 5.767536e-01 
     814  -5.567705e-01 2.547315e+00 
     815  -5.665080e-01 2.362319e+00 
     816  -2.805693e+00 -1.647800e+00 
     817  -1.199171e+00 3.946732e-01 
     818  -8.986288e-01 1.059017e+00 
     819  -2.580524e+00 -1.461690e+00 
     820  -1.815383e+00 -6.280845e-01 
     821  -5.705019e-01 2.158098e+00 
     822  -2.353447e+00 -1.265483e+00 
     823  -1.505324e+00 -2.057092e-01 
     824  -7.824977e-01 1.308245e+00 
     825  -6.903918e-01 1.523076e+00 
     826  -2.115692e+00 -1.058800e+00 
     827  -1.228522e+00 1.995824e-01 
     828  -5.629795e-01 1.955519e+00 
     829  -6.074328e-01 1.713203e+00 
     830  -9.155822e-01 7.942631e-01 
     831  -1.552572e+00 -4.200889e-01 
     832  -1.862410e+00 -8.469869e-01 
     833  -2.606752e+00 -1.647800e+00 
     834  -1.262999e+00 -1.907410e-03 
     835  -5.255357e-01 1.819238e+00 
     836  -3.520826e-01 2.902829e+00 
     837  -9.524595e-01 5.837301e-01 
     838  -3.376422e-01 3.094320e+00 
     839  -2.379439e+00 -1.459891e+00 
     840  -3.623157e-01 2.715371e+00 
     841  -3.718082e-01 2.531149e+00 
     842  -3.097540e-01 3.433960e+00 
     843  -3.097540e-01 3.296330e+00 
     844  -3.866880e-01 2.345321e+00 
     845  -1.000556e+00 3.953088e-01 
     846  -2.146091e+00 -1.265872e+00 
     847  -3.980433e-01 2.150484e+00 
     848  -1.601875e+00 -6.385196e-01 
     849  -1.303637e+00 -2.101589e-01 
     850  -1.902051e+00 -1.063744e+00 
     851  -4.000320e-01 1.958731e+00 
     852  -1.028935e+00 2.013866e-01 
     853  -5.847830e-01 1.233506e+00 
     854  -5.156076e-01 1.443116e+00 
     855  -6.577890e-01 1.007705e+00 
     856  -4.522768e-01 1.628011e+00 
     857  -2.407811e+00 -1.647800e+00 
     858  -4.061948e-01 1.788991e+00 
     859  -1.345695e+00 -4.248858e-01 
     860  -7.055651e-01 7.848827e-01 
     861  -2.177394e+00 -1.460857e+00 
     862  -1.649172e+00 -8.550940e-01 
     863  -1.063234e+00 -7.224285e-04 
     864  -7.499032e-01 5.799155e-01 
     865  -1.940132e+00 -1.268185e+00 
     866  -1.582762e-01 2.887686e+00 
     867  -1.419038e-01 3.077405e+00 
     868  -1.689217e-01 2.699232e+00 
     869  -1.229657e-01 3.264371e+00 
     870  -1.803028e-01 2.511700e+00 
     871  -8.019412e-01 3.959444e-01 
     872  -1.991147e-01 2.325930e+00 
     873  -1.086110e-01 3.433960e+00 
     874  -1.392513e+00 -6.451915e-01 
     875  -2.151653e-01 2.135355e+00 
     876  -1.100530e+00 -2.081333e-01 
     877  -1.693905e+00 -1.068859e+00 
     878  -2.208870e+00 -1.647800e+00 
     879  -2.291812e-01 1.945279e+00 
     880  -8.310298e-01 2.029246e-01 
     881  -2.494489e-01 1.761829e+00 
     882  -2.865033e-01 1.581039e+00 
     883  -1.975887e+00 -1.461129e+00 
     884  -3.349787e-01 1.387870e+00 
     885  -3.910295e-01 1.185377e+00 
     886  -4.497421e-01 9.787223e-01 
     887  -1.142261e+00 -4.241400e-01 
     888  -1.442066e+00 -8.603263e-01 
     889  -8.639183e-01 3.149266e-03 
     890  -4.995134e-01 7.713220e-01 
     891  -1.736451e+00 -1.271400e+00 
     892  -5.497923e-01 5.804101e-01 
     893  3.938385e-02 2.874786e+00 
     894  -6.033264e-01 3.965799e-01 
     895  5.514398e-02 3.064107e+00 
     896  2.682173e-02 2.685122e+00 
     897  -1.188917e+00 -6.469331e-01 
     898  -2.009929e+00 -1.647800e+00 
     899  1.495434e-02 2.496492e+00 
     900  -9.013321e-01 -2.055023e-01 
     901  7.473322e-02 3.251872e+00 
     902  -1.489907e+00 -1.072701e+00 
     903  -4.856575e-03 2.306800e+00 
     904  -2.928072e-02 2.118632e+00 
     905  9.253205e-02 3.433960e+00 
     906  -5.121801e-02 1.927882e+00 
     907  -1.775593e+00 -1.463281e+00 
     908  -6.319254e-01 2.070838e-01 
     909  -7.575029e-02 1.739093e+00 
     910  -1.095690e-01 1.550663e+00 
     911  -1.518728e-01 1.359152e+00 
     912  -1.238815e+00 -8.626990e-01 
     913  -9.409179e-01 -4.209096e-01 
     914  -1.995658e-01 1.158414e+00 
     915  -1.534726e+00 -1.273907e+00 
     916  -2.494154e-01 9.602036e-01 
     917  -6.646939e-01 9.248234e-03 
     918  -2.971892e-01 7.663326e-01 
     919  -1.810989e+00 -1.647800e+00 
     920  -3.477362e-01 5.788643e-01 
     921  -9.861685e-01 -6.440350e-01 
     922  -1.288851e+00 -1.074714e+00 
     923  -4.047116e-01 3.972155e-01 
     924  -6.996673e-01 -1.993856e-01 
     925  2.383100e-01 2.863724e+00 
     926  -1.575214e+00 -1.463828e+00 
     927  2.546899e-01 3.054448e+00 
     928  2.275536e-01 2.673226e+00 
     929  2.742225e-01 3.245052e+00 
     930  2.164682e-01 2.481688e+00 
     931  1.958672e-01 2.286766e+00 
     932  1.644917e-01 2.098059e+00 
     933  1.357338e-01 1.909061e+00 
     934  2.936751e-01 3.433960e+00 
     935  -4.344975e-01 2.089328e-01 
     936  1.069744e-01 1.720212e+00 
     937  -1.036555e+00 -8.631870e-01 
     938  7.466991e-02 1.531435e+00 
     939  -7.352421e-01 -4.133999e-01 
     940  -1.335087e+00 -1.275757e+00 
     941  3.662221e-02 1.339661e+00 
     942  -5.510828e-03 1.144187e+00 
     943  -4.666441e-01 1.479978e-02 
     944  -1.612048e+00 -1.647800e+00 
     945  -5.024234e-02 9.512919e-01 
     946  -9.734675e-02 7.630957e-01 
     947  -1.089225e+00 -1.075240e+00 
     948  -1.492700e-01 5.788049e-01 
     949  -7.727878e-01 -6.410603e-01 
     950  -1.376669e+00 -1.465415e+00 
     951  -4.974011e-01 -1.878886e-01 
     952  -2.060968e-01 3.978510e-01 
     953  4.458728e-01 2.854567e+00 
     954  4.584984e-01 3.047348e+00 
     955  -2.357824e-01 2.126907e-01 
     956  4.369210e-01 2.660860e+00 
     957  4.762224e-01 3.240767e+00 
     958  -1.136276e+00 -1.276014e+00 
     959  3.249755e-01 1.888303e+00 
     960  3.617110e-01 2.070498e+00 
     961  -8.318641e-01 -8.651686e-01 
     962  4.283029e-01 2.461912e+00 
     963  2.928805e-01 1.704773e+00 
     964  4.948181e-01 3.433960e+00 
     965  4.091856e-01 2.259206e+00 
     966  -5.231902e-01 -3.997353e-01 
     967  2.635329e-01 1.519097e+00 
     968  -1.413107e+00 -1.647800e+00 
     969  2.284159e-01 1.329416e+00 
     970  -2.686165e-01 2.243667e-02 
     971  1.904047e-01 1.137279e+00 
     972  1.482643e-01 9.472657e-01 
     973  -8.895383e-01 -1.076349e+00 
     974  -1.177351e+00 -1.465149e+00 
     975  1.014263e-01 7.614307e-01 
     976  -2.998084e-01 -1.705032e-01 
     977  5.026706e-02 5.782257e-01 
     978  -7.482000e-03 3.984866e-01 
     979  -5.316890e-01 -6.390298e-01 
     980  -9.384493e-01 -1.276133e+00 
     981  -3.766952e-02 2.142160e-01 
     982  -1.214166e+00 -1.647800e+00 
     983  -3.226905e-01 -3.648656e-01 
     984  5.023951e-01 1.864187e+00 
     985  -6.269147e-01 -8.748438e-01 
     986  4.760393e-01 1.691481e+00 
     987  5.484805e-01 2.030691e+00 
     988  6.656435e-01 3.041807e+00 
     989  6.556426e-01 2.847357e+00 
     990  6.803016e-01 3.237653e+00 
     991  4.492002e-01 1.511256e+00 
     992  6.526535e-01 2.650927e+00 
     993  6.959611e-01 3.433960e+00 
     994  -6.959495e-02 2.683117e-02 
     995  4.192983e-01 1.326159e+00 
     996  6.506367e-01 2.445895e+00 
     997  -9.796739e-01 -1.465753e+00 
     998  -6.912441e-01 -1.081534e+00 
     999  3.843477e-01 1.137001e+00 
    1000  -3.343281e-01 -5.403708e-01 
    1001  3.437872e-01 9.481090e-01 
    1002  6.536488e-01 2.207914e+00 
    1003  -1.021685e-01 -1.612541e-01 
    1004  2.980900e-01 7.621772e-01 
    1005  2.468097e-01 5.795239e-01 
    1006  1.911328e-01 3.991221e-01 
    1007  -3.853236e-01 -7.400077e-01 
    1008  6.594046e-01 1.969691e+00 
    1009  -7.406605e-01 -1.277219e+00 
    1010  -1.015226e+00 -1.647800e+00 
    1011  -3.078705e-01 -6.423266e-01 
    1012  -1.334353e-01 -3.488530e-01 
    1013  6.600849e-01 1.846273e+00 
    1014  -4.494703e-01 -9.097475e-01 
    1015  1.618018e-01 2.162372e-01 
    1016  6.519385e-01 1.683416e+00 
    1017  6.333070e-01 1.507893e+00 
    1018  -1.637658e-01 -5.236700e-01 
    1019  -7.810238e-01 -1.465140e+00 
    1020  1.298406e-01 2.944562e-02 
    1021  8.777524e-01 3.036785e+00 
    1022  -5.011721e-01 -1.093697e+00 
    1023  6.088959e-01 1.325820e+00 
    1024  8.866783e-01 3.234963e+00 
    1025  7.696485e-01 2.032109e+00 
    1026  8.723508e-01 2.840456e+00 
    1027  8.971041e-01 3.433960e+00 
    1028  -2.039597e-01 -6.466014e-01 
    1029  8.708001e-01 2.646904e+00 
    1030  5.772622e-01 1.138642e+00 
    1031  5.382126e-01 9.504588e-01 
    1032  8.706421e-01 2.457775e+00 
    1033  -2.412962e-01 -7.723565e-01 
    1034  9.677855e-02 -1.585570e-01 
    1035  4.941584e-01 7.638833e-01 
    1036  -5.451848e-01 -1.280697e+00 
    1037  8.074539e-01 1.867640e+00 
    1038  4.446094e-01 5.805336e-01 
    1039  -8.162847e-01 -1.647800e+00 
    1040  3.897476e-01 3.997577e-01 
    1041  8.911772e-01 2.263817e+00 
    1042  -2.805751e-01 -9.281335e-01 
    1043  6.161404e-02 -3.516671e-01 
    1044  -9.373096e-02 -6.596663e-01 
    1045  8.196531e-01 1.694000e+00 
    1046  3.619272e-01 2.180673e-01 
    1047  -5.838478e-01 -1.466055e+00 
    1048  8.147624e-01 1.513618e+00 
    1049  -3.160833e-01 -1.101943e+00 
    1050  9.432305e-01 2.079501e+00 
    1051  2.180510e-02 -5.622347e-01 
    1052  -9.532644e-02 -7.746833e-01 
    1053  3.309296e-01 3.126627e-02 
    1054  7.963889e-01 1.329192e+00 
    1055  7.692315e-01 1.141835e+00 
    1056  1.095295e+00 3.232350e+00 
    1057  1.098247e+00 3.433960e+00 
    1058  1.097214e+00 3.031863e+00 
    1059  7.336908e-01 9.527471e-01 
    1060  3.010095e-01 -1.563022e-01 
    1061  -3.522636e-01 -1.284098e+00 
    1062  -6.173439e-01 -1.647800e+00 
    1063  1.098666e+00 2.831615e+00 
    1064  9.804291e-01 1.898177e+00 
    1065  -1.095194e-01 -9.324361e-01 
    1066  6.902704e-01 7.656835e-01 
    1067  1.074596e+00 2.469285e+00 
    1068  1.096831e+00 2.635742e+00 
    1069  6.424040e-01 5.816025e-01 
    1070  5.883624e-01 4.003933e-01 
    1071  1.094987e+00 2.300540e+00 
    1072  9.993450e-01 1.713052e+00 
    1073  2.744573e-01 -3.479188e-01 
    1074  6.339659e-02 -7.448088e-01 
    1075  -3.872685e-01 -1.466739e+00 
    1076  5.602886e-01 2.176869e-01 
    1077  -1.303762e-01 -1.104490e+00 
    1078  9.992109e-01 1.525456e+00 
    1079  1.132661e+00 2.121009e+00 
    1080  5.325980e-01 3.163100e-02 
    1081  2.553567e-01 -5.429460e-01 
    1082  9.878388e-01 1.336836e+00 
    1083  6.820003e-02 -9.224375e-01 
    1084  -4.184032e-01 -1.647800e+00 
    1085  9.643045e-01 1.146228e+00 
    1086  -1.577569e-01 -1.285061e+00 
    1087  1.236859e+00 2.465556e+00 
    1088  1.299390e+00 3.433960e+00 
    1089  9.293619e-01 9.558193e-01 
    1090  1.166574e+00 1.934238e+00 
    1091  5.067645e-01 -1.556887e-01 
    1092  1.310278e+00 3.230753e+00 
    1093  8.857578e-01 7.680305e-01 
    1094  8.395570e-01 5.826419e-01 
    1095  1.324541e+00 3.027461e+00 
    1096  7.869772e-01 4.010288e-01 
    1097  2.601774e-01 -7.298261e-01 
    1098  1.276466e+00 2.327495e+00 
    1099  -1.896288e-01 -1.466960e+00 
    1100  5.732674e-02 -1.101157e+00 
    1101  1.195577e+00 1.741014e+00 
    1102  1.342958e+00 2.819202e+00 
    1103  4.866561e-01 -3.472273e-01 
    1104  7.599237e-01 2.184328e-01 
    1105  1.352264e+00 2.586913e+00 
    1106  1.194230e+00 1.541153e+00 
    1107  1.321416e+00 2.159478e+00 
    1108  2.600489e-01 -9.132038e-01 
    1109  7.363794e-01 3.077577e-02 
    1110  -2.194624e-01 -1.647800e+00 
    1111  1.183928e+00 1.345175e+00 
    1112  3.616870e-02 -1.283686e+00 
    1113  4.718135e-01 -5.391378e-01 
    1114  1.160454e+00 1.151056e+00 
    1115  1.360909e+00 1.976097e+00 
    1116  1.125018e+00 9.591509e-01 
    1117  7.152616e-01 -1.592555e-01 
    1118  1.081271e+00 7.698105e-01 
    1119  1.500533e+00 3.433960e+00 
    1120  1.034942e+00 5.844080e-01 
    1121  1.452604e+00 2.384407e+00 
    1122  7.725282e-03 -1.467444e+00 
    1123  2.501659e-01 -1.096888e+00 
    1124  4.644045e-01 -7.255101e-01 
    1125  1.526579e+00 3.231067e+00 
    1126  9.855920e-01 4.016644e-01 
    1127  6.979645e-01 -3.520731e-01 
    1128  1.556525e+00 3.030402e+00 
    1129  9.631453e-01 2.166651e-01 
    1130  1.422457e+00 1.777702e+00 
    1131  1.505183e+00 2.200386e+00 
    1132  -2.052158e-02 -1.647800e+00 
    1133  2.317228e-01 -1.281440e+00 
    1134  1.400582e+00 1.553354e+00 
    1135  4.568246e-01 -9.114684e-01 
    1136  1.585539e+00 2.826400e+00 
    1137  1.380048e+00 1.352603e+00 
    1138  9.444563e-01 2.722874e-02 
    1139  6.815330e-01 -5.437715e-01 
    1140  1.530183e+00 2.026418e+00 
    1141  1.354154e+00 1.157317e+00 
    1142  1.619801e+00 2.617218e+00 
    1143  1.318489e+00 9.643753e-01 
    1144  1.539500e+00 1.894298e+00 
    1145  2.069702e-01 -1.466355e+00 
    1146  1.275893e+00 7.731799e-01 
    1147  9.263691e-01 -1.650708e-01 
    1148  4.460735e-01 -1.095225e+00 
    1149  1.231626e+00 5.862693e-01 
    1150  1.701676e+00 3.433960e+00 
    1151  6.669138e-01 -7.301766e-01 
    1152  1.184207e+00 4.022999e-01 
    1153  1.672966e+00 2.416415e+00 
    1154  1.741794e+00 3.235684e+00 
    1155  9.091035e-01 -3.609417e-01 
    1156  1.784192e-01 -1.647800e+00 
    1157  1.165913e+00 2.170459e-01 
    1158  4.283911e-01 -1.280233e+00 
    1159  6.540730e-01 -9.141575e-01 
    1160  1.619249e+00 1.730434e+00 
    1161  1.702883e+00 2.216740e+00 
    1162  1.781111e+00 3.037881e+00 
    1163  1.597617e+00 1.546571e+00 
    1164  1.664054e+00 1.877814e+00 
    1165  1.704163e+00 2.025724e+00 
    1166  1.575952e+00 1.355834e+00 
    1167  8.881209e-01 -5.566227e-01 
    1168  1.152298e+00 2.396958e-02 
    1169  1.548193e+00 1.163749e+00 
    1170  1.822872e+00 2.838777e+00 
    1171  4.044712e-01 -1.466128e+00 
    1172  1.513775e+00 9.711420e-01 
    1173  6.428571e-01 -1.096350e+00 
    1174  1.471775e+00 7.789836e-01 
    1175  8.649462e-01 -7.394902e-01 
    1176  1.138430e+00 -1.719628e-01 
    1177  1.428468e+00 5.883890e-01 
    1178  1.858987e+00 2.633971e+00 
    1179  1.902819e+00 3.433960e+00 
    1180  1.382822e+00 4.029355e-01 
    1181  1.789229e+00 1.858138e+00 
    1182  3.773600e-01 -1.647800e+00 
    1183  6.259249e-01 -1.280508e+00 
    1184  1.790783e+00 1.724685e+00 
    1185  8.496963e-01 -9.186354e-01 
    1186  1.897917e+00 2.428550e+00 
    1187  1.369738e+00 2.183941e-01 
    1188  1.952409e+00 3.240526e+00 
    1189  1.121220e+00 -3.806247e-01 
    1190  1.785331e+00 1.549052e+00 
    1191  1.915451e+00 2.210705e+00 
    1192  1.768490e+00 1.361901e+00 
    1193  2.003252e+00 3.046663e+00 
    1194  1.360393e+00 2.356650e-02 
    1195  6.031243e-01 -1.465294e+00 
    1196  1.095675e+00 -5.879422e-01 
    1197  1.908408e+00 1.972395e+00 
    1198  1.743967e+00 1.170642e+00 
    1199  8.382887e-01 -1.098994e+00 
    1200  1.710061e+00 9.783643e-01 
    1201  1.667608e+00 7.848661e-01 
    1202  1.050316e+00 -7.573794e-01 
    1203  2.053435e+00 2.851723e+00 
    1204  1.625298e+00 5.933613e-01 
    1205  1.350918e+00 -1.846952e-01 
    1206  1.581436e+00 4.035711e-01 
    1207  5.763008e-01 -1.647800e+00 
    1208  2.103962e+00 3.433960e+00 
    1209  8.227472e-01 -1.281664e+00 
    1210  1.965630e+00 1.762223e+00 
    1211  1.034842e+00 -9.251366e-01 
    1212  2.095357e+00 2.651338e+00 
    1213  1.573984e+00 2.149431e-01 
    1214  2.161771e+00 3.245799e+00 
    1215  1.339078e+00 -4.094355e-01 
    1216  1.980072e+00 1.565398e+00 
    1217  2.129425e+00 2.441371e+00 
    1218  8.007555e-01 -1.465359e+00 
    1219  1.195430e+00 -7.810449e-01 
    1220  1.968709e+00 1.372077e+00 
    1221  1.029617e+00 -1.101586e+00 
    1222  1.569015e+00 1.728725e-02 
    1223  1.943959e+00 1.178898e+00 
    1224  2.148910e+00 2.222485e+00 
    1225  2.220653e+00 3.057219e+00 
    1226  1.907739e+00 9.855289e-01 
    1227  1.865649e+00 7.928185e-01 
    1228  1.317541e+00 -6.626516e-01 
    1229  7.752416e-01 -1.647800e+00 
    1230  1.823681e+00 5.966191e-01 
    1231  2.160000e+00 1.999149e+00 
    1232  1.209738e+00 -9.229454e-01 
    1233  1.018142e+00 -1.283210e+00 
    1234  1.780051e+00 4.042066e-01 
    1235  1.566115e+00 -1.933398e-01 
    1236  2.278699e+00 2.866921e+00 
    1237  2.305105e+00 3.433960e+00 
    1238  2.179973e+00 1.784285e+00 
    1239  1.776966e+00 2.138301e-01 
    1240  9.989988e-01 -1.466529e+00 
    1241  2.329961e+00 2.671285e+00 
    1242  1.217638e+00 -1.099436e+00 
    1243  2.186770e+00 1.579520e+00 
    1244  2.367623e+00 3.252152e+00 
    1245  1.565372e+00 -4.146740e-01 
    1246  2.172599e+00 1.381100e+00 
    1247  1.776820e+00 1.235807e-02 
    1248  1.381790e+00 -8.856388e-01 
    1249  2.143792e+00 1.184680e+00 
    1250  2.369218e+00 2.459209e+00 
    1251  2.108893e+00 9.900069e-01 
    1252  9.741824e-01 -1.647800e+00 
    1253  2.067708e+00 7.957310e-01 
    1254  2.431131e+00 3.071418e+00 
    1255  1.212268e+00 -1.282894e+00 
    1256  2.023491e+00 6.001092e-01 
    1257  2.390761e+00 2.238716e+00 
    1258  1.978666e+00 4.048422e-01 
    1259  1.567965e+00 -6.474985e-01 
    1260  1.779359e+00 -1.959435e-01 
    1261  2.399024e+00 2.014779e+00 
    1262  2.506248e+00 3.433960e+00 
    1263  2.495390e+00 2.890842e+00 
    1264  1.406866e+00 -1.087513e+00 
    1265  1.196035e+00 -1.467215e+00 
    1266  1.979763e+00 2.112388e-01 
    1267  2.401451e+00 1.796053e+00 
    1268  2.569117e+00 3.258513e+00 
    1269  2.394415e+00 1.587381e+00 
    1270  1.786085e+00 -4.144746e-01 
    1271  1.593012e+00 -8.694455e-01 
    1272  2.564436e+00 2.701611e+00 
    1273  1.173123e+00 -1.647800e+00 
    1274  2.380273e+00 1.385788e+00 
    1275  1.983474e+00 9.757054e-03 
    1276  2.349717e+00 1.188715e+00 
    1277  1.407529e+00 -1.279418e+00 
    1278  2.311859e+00 9.927020e-01 
    1279  2.270406e+00 7.979610e-01 
    1280  2.630953e+00 3.087948e+00 
    1281  2.224086e+00 6.008250e-01 
    1282  2.177281e+00 4.054777e-01 
    1283  2.626726e+00 2.485464e+00 
    1284  1.792545e+00 -6.416364e-01 
    1285  1.990083e+00 -1.981448e-01 
    1286  1.393285e+00 -1.465680e+00 
    1287  1.607908e+00 -1.079324e+00 
    1288  2.707391e+00 3.433960e+00 
    1289  2.639593e+00 2.254490e+00 
    1290  2.699208e+00 2.925567e+00 
    1291  2.181482e+00 2.120247e-01 
    1292  2.636943e+00 2.023159e+00 
    1293  2.625298e+00 1.798987e+00 
    1294  2.763225e+00 3.262870e+00 
    1295  1.372064e+00 -1.647800e+00 
    1296  1.999345e+00 -4.173143e-01 
    1297  1.806618e+00 -8.636222e-01 
    1298  2.609165e+00 1.588165e+00 
    1299  1.606322e+00 -1.276668e+00 
    1300  2.188886e+00 8.932876e-03 
    1301  2.589056e+00 1.384999e+00 
    1302  2.556004e+00 1.188134e+00 
    1303  2.516027e+00 9.920970e-01 
    1304  2.815228e+00 3.099232e+00 
    1305  2.473313e+00 7.963864e-01 
    1306  2.805669e+00 2.758852e+00 
    1307  2.425042e+00 5.991865e-01 
    1308  2.375896e+00 4.061133e-01 
    1309  2.850981e+00 2.967760e+00 
    1310  1.591654e+00 -1.464462e+00 
    1311  2.005470e+00 -6.397913e-01 
    1312  2.197510e+00 -1.993895e-01 
    1313  1.812350e+00 -1.074748e+00 
    1314  2.908534e+00 3.433960e+00 
    1315  2.384117e+00 2.111579e-01 
    1316  1.571005e+00 -1.647800e+00 
    1317  2.961163e+00 3.259773e+00 
    1318  2.897431e+00 2.267294e+00 
    1319  1.806899e+00 -1.274882e+00 
    1320  2.013443e+00 -8.594409e-01 
    1321  2.208578e+00 -4.180199e-01 
    1322  2.927641e+00 2.526124e+00 
    1323  2.883857e+00 2.024381e+00 
    1324  2.851639e+00 1.793884e+00 
    1325  2.394151e+00 8.583710e-03 
    1326  2.823536e+00 1.582494e+00 
    1327  2.797207e+00 1.379532e+00 
    1328  3.007058e+00 3.082470e+00 
    1329  2.761765e+00 1.183901e+00 
    1330  2.720465e+00 9.889963e-01 
    1331  2.676173e+00 7.941561e-01 
    1332  2.627199e+00 5.989629e-01 
    1333  3.018010e+00 2.884743e+00 
    1334  2.574510e+00 4.067488e-01 
    1335  1.791298e+00 -1.464951e+00 
    1336  2.014842e+00 -1.071502e+00 
    1337  2.216546e+00 -6.407734e-01 
    1338  2.405087e+00 -1.991927e-01 
    1339  2.586012e+00 2.131545e-01 
    1340  3.109677e+00 3.433960e+00 
    1341  1.769946e+00 -1.647800e+00 
    1342  2.006711e+00 -1.272970e+00 
    1343  2.218101e+00 -8.577494e-01 
    1344  2.417167e+00 -4.167838e-01 
    1345  3.161766e+00 3.261534e+00 
    1346  3.125407e+00 2.438968e+00 
    1347  2.598213e+00 8.992580e-03 
    1348  3.162298e+00 2.679663e+00 
    1349  3.033381e+00 1.570515e+00 
    1350  3.136792e+00 2.263680e+00 
    1351  3.072746e+00 1.778490e+00 
    1352  3.001396e+00 1.371596e+00 
    1353  2.964884e+00 1.177573e+00 
    1354  1.989889e+00 -1.463780e+00 
    1355  2.924794e+00 9.843974e-01 
    1356  3.212010e+00 3.093291e+00 
    1357  2.877025e+00 7.915195e-01 
    1358  2.827728e+00 5.988772e-01 
    1359  2.773125e+00 4.073844e-01 
    1360  2.216199e+00 -1.069979e+00 
    1361  3.152672e+00 2.013808e+00 
    1362  2.422736e+00 -6.396784e-01 
    1363  2.611468e+00 -1.979993e-01 
    1364  3.264046e+00 2.934970e+00 
    1365  1.968886e+00 -1.647800e+00 
    1366  2.787383e+00 2.136488e-01 
    1367  3.310820e+00 3.433960e+00 
    1368  2.206057e+00 -1.272108e+00 
    1369  2.422216e+00 -8.565162e-01 
    1370  3.306403e+00 2.521137e+00 
    1371  2.623395e+00 -4.160278e-01 
    1372  3.358376e+00 3.261310e+00 
    1373  2.801223e+00 1.223138e-02 
    1374  3.252176e+00 1.742185e+00 
    1375  2.188931e+00 -1.464301e+00 
    1376  3.279426e+00 1.893025e+00 
    1377  3.226204e+00 1.556318e+00 
    1378  3.196890e+00 1.364289e+00 
    1379  3.397595e+00 3.100233e+00 
    1380  3.387160e+00 2.788458e+00 
    1381  3.162528e+00 1.171986e+00 
    1382  2.971740e+00 4.080200e-01 
    1383  3.125832e+00 9.797711e-01 
    1384  3.027817e+00 5.979269e-01 
    1385  3.079407e+00 7.886472e-01 
    1386  2.417811e+00 -1.068919e+00 
    1387  3.415943e+00 2.978973e+00 
    1388  3.379033e+00 2.330656e+00 
    1389  2.627693e+00 -6.380379e-01 
    1390  2.815334e+00 -1.956071e-01 
    1391  2.167827e+00 -1.647800e+00 
    1392  3.396676e+00 2.107546e+00 
    1393  2.987606e+00 2.158425e-01 
    1394  2.405395e+00 -1.271411e+00 
    1395  3.511963e+00 3.433960e+00 
    1396  2.625823e+00 -8.552517e-01 
    1397  3.433430e+00 1.923083e+00 
    1398  2.827472e+00 -4.129478e-01 
    1399  3.555639e+00 3.251897e+00 
    1400  3.001458e+00 1.247021e-02 
    1401  3.553878e+00 2.909324e+00 
    1402  2.387486e+00 -1.462965e+00 
    1403  3.434266e+00 1.740161e+00 
    1404  3.541821e+00 2.632338e+00 
    1405  3.418433e+00 1.550126e+00 
    1406  3.581850e+00 3.073629e+00 
    1407  3.393220e+00 1.358343e+00 
    1408  3.170355e+00 4.086555e-01 
    1409  3.362507e+00 1.166310e+00 
    1410  2.619859e+00 -1.068028e+00 
    1411  3.324675e+00 9.755529e-01 
    1412  3.229225e+00 5.963683e-01 
    1413  3.280058e+00 7.857203e-01 
    1414  2.829956e+00 -6.343863e-01 
    1415  2.366768e+00 -1.647800e+00 
    1416  3.015841e+00 -1.946534e-01 
    1417  3.186039e+00 2.162652e-01 
    1418  2.605817e+00 -1.270886e+00 
    1419  3.627390e+00 2.155614e+00 
    1420  2.829223e+00 -8.536768e-01 
    1421  3.662388e+00 2.402172e+00 
    1422  3.713106e+00 3.433960e+00 
    1423  3.625290e+00 1.949259e+00 
    1424  3.027936e+00 -4.104242e-01 
    1425  2.586690e+00 -1.463646e+00 
    1426  3.201164e+00 1.646029e-02 
    1427  3.623156e+00 1.747122e+00 
    1428  3.761247e+00 3.241185e+00 
    1429  3.612469e+00 1.549130e+00 
    1430  2.821368e+00 -1.066926e+00 
    1431  3.591116e+00 1.354490e+00 
    1432  3.368970e+00 4.092911e-01 
    1433  3.779848e+00 2.802084e+00 
    1434  3.560737e+00 1.162127e+00 
    1435  3.425982e+00 5.956167e-01 
    1436  3.793406e+00 3.039776e+00 
    1437  3.521280e+00 9.720646e-01 
    1438  3.479735e+00 7.827537e-01 
    1439  2.565709e+00 -1.647800e+00 
    1440  3.035435e+00 -6.328825e-01 
    1441  3.216434e+00 -1.900292e-01 
    1442  2.806385e+00 -1.270001e+00 
    1443  3.382825e+00 2.184828e-01 
    1444  3.030759e+00 -8.513658e-01 
    1445  3.823091e+00 2.143458e+00 
    1446  3.914250e+00 3.433960e+00 
    1447  3.229230e+00 -4.061717e-01 
    1448  3.817415e+00 1.953675e+00 
    1449  3.865984e+00 2.306206e+00 
    1450  2.786190e+00 -1.462321e+00 
    1451  3.898925e+00 2.575314e+00 
    1452  3.397337e+00 1.749553e-02 
    1453  3.815347e+00 1.750971e+00 
    1454  3.808180e+00 1.547873e+00 
    1455  3.022275e+00 -1.065520e+00 
    1456  3.972733e+00 3.241249e+00 
    1457  3.788458e+00 1.350747e+00 
    1458  3.567584e+00 4.099266e-01 
    1459  2.764649e+00 -1.647800e+00 
    1460  3.625999e+00 5.940538e-01 
    1461  3.759021e+00 1.157296e+00 
    1462  3.719972e+00 9.678255e-01 
    1463  3.677490e+00 7.798361e-01 
    1464  3.234761e+00 -6.284431e-01 
    1465  3.411866e+00 -1.900820e-01 
    1466  4.023976e+00 3.045757e+00 
    1467  3.971388e+00 2.253379e+00 
    1468  3.006318e+00 -1.269430e+00 
    1469  3.578311e+00 2.189968e-01 
    1470  4.007068e+00 2.425815e+00 
    1471  3.981821e+00 2.134207e+00 
    1472  4.062741e+00 2.844664e+00 
    1473  3.231911e+00 -8.492306e-01 
    1474  3.425720e+00 -4.040288e-01 
    1475  2.985668e+00 -1.462828e+00 
    1476  4.008616e+00 1.961095e+00 
    1477  4.115393e+00 3.433960e+00 
    1478  3.591835e+00 2.136896e-02 
    1479  4.079637e+00 2.298893e+00 
    1480  4.012635e+00 1.755216e+00 
    1481  4.124235e+00 2.654804e+00 
    1482  3.222550e+00 -1.064031e+00 
    1483  4.004892e+00 1.547561e+00 
    1484  2.963590e+00 -1.647800e+00 
    1485  3.766199e+00 4.105622e-01 
    1486  3.985328e+00 1.345733e+00 
    1487  4.181868e+00 3.244837e+00 
    1488  3.433907e+00 -6.255792e-01 
    1489  3.952586e+00 1.152802e+00 
    1490  3.823300e+00 5.930123e-01 
    1491  3.874749e+00 7.767167e-01 
    1492  3.917839e+00 9.626970e-01 
    1493  3.608481e+00 -1.863191e-01 
    1494  4.129908e+00 2.168990e+00 
    1495  4.180558e+00 2.493845e+00 
    1496  3.206314e+00 -1.268647e+00 
    1497  3.772260e+00 2.218934e-01 
    1498  4.241491e+00 3.056233e+00 
    1499  3.432647e+00 -8.474354e-01 
    1500  4.212932e+00 2.346157e+00 
    1501  3.185098e+00 -1.461688e+00 
    1502  3.626218e+00 -3.980345e-01 
    1503  4.226955e+00 2.235087e+00 
    1504  3.785723e+00 2.491243e-02 
    1505  4.290515e+00 2.869370e+00 
    1506  4.316536e+00 3.433960e+00 
    1507  4.231220e+00 2.007773e+00 
    1508  3.422648e+00 -1.062853e+00 
    1509  4.220215e+00 1.764262e+00 
    1510  3.162531e+00 -1.647800e+00 
    1511  4.333895e+00 2.690782e+00 
    1512  4.203497e+00 1.546310e+00 
    1513  3.964814e+00 4.111978e-01 
    1514  4.179178e+00 1.340399e+00 
    1515  3.637606e+00 -6.210099e-01 
    1516  4.021515e+00 5.918412e-01 
    1517  4.148157e+00 1.145481e+00 
    1518  4.110005e+00 9.596912e-01 
    1519  4.070195e+00 7.742268e-01 
    1520  3.804005e+00 -1.785289e-01 
    1521  4.383271e+00 3.247402e+00 
    1522  4.357479e+00 2.514796e+00 
    1523  4.333992e+00 2.188735e+00 
    1524  3.406043e+00 -1.268186e+00 
    1525  4.367403e+00 2.350140e+00 
    1526  3.967046e+00 2.244391e-01 
    1527  3.636655e+00 -8.454190e-01 
    1528  4.448373e+00 3.062648e+00 
    1529  3.384677e+00 -1.462484e+00 
    1530  3.827002e+00 -3.912041e-01 
    1531  3.977219e+00 3.276975e-02 
    1532  4.497625e+00 2.880828e+00 
    1533  4.517679e+00 3.433960e+00 
    1534  3.361472e+00 -1.647800e+00 
    1535  3.625080e+00 -1.062437e+00 
    1536  4.425641e+00 1.754873e+00 
    1537  4.455733e+00 1.969357e+00 
    1538  4.398923e+00 1.542085e+00 
    1539  4.368319e+00 1.339338e+00 
    1540  4.535444e+00 2.704044e+00 
    1541  4.163429e+00 4.118333e-01 
    1542  4.336836e+00 1.144954e+00 
    1543  3.998098e+00 -1.656325e-01 
    1544  4.217259e+00 5.917589e-01 
    1545  4.303831e+00 9.563600e-01 
    1546  4.264682e+00 7.728657e-01 
    1547  3.851818e+00 -6.120083e-01 
    1548  4.510388e+00 2.161941e+00 
    1549  4.581375e+00 3.248414e+00 
    1550  4.548061e+00 2.524416e+00 
    1551  3.606299e+00 -1.267734e+00 
    1552  4.539846e+00 2.344744e+00 
    1553  4.158754e+00 2.292428e-01 
    1554  3.584208e+00 -1.461486e+00 
    1555  3.846668e+00 -8.425422e-01 
    1556  4.643114e+00 3.064249e+00 
    1557  4.031305e+00 -3.705713e-01 
    1558  4.163974e+00 4.261168e-02 
    1559  3.560413e+00 -1.647800e+00 
    1560  4.692408e+00 2.883333e+00 
    1561  3.830542e+00 -1.062524e+00 
    1562  4.718822e+00 3.433960e+00 
    1563  4.179864e+00 -1.461995e-01 
    1564  4.588254e+00 1.542536e+00 
    1565  4.620938e+00 1.748184e+00 
    1566  4.556031e+00 1.340680e+00 
    1567  4.719921e+00 2.703289e+00 
    1568  4.524525e+00 1.148178e+00 
    1569  4.655684e+00 1.952839e+00 
    1570  4.362044e+00 4.124689e-01 
    1571  4.493057e+00 9.579116e-01 
    1572  4.414217e+00 5.920655e-01 
    1573  4.457640e+00 7.735575e-01 
    1574  4.729453e+00 2.522346e+00 
    1575  4.696308e+00 2.148817e+00 
    1576  4.716991e+00 2.337423e+00 
    1577  3.808489e+00 -1.268545e+00 
    1578  4.781437e+00 3.248045e+00 
    1579  4.354827e+00 2.314923e-01 
    1580  4.095995e+00 -5.932770e-01 
    1581  4.198976e+00 -3.265867e-01 
    1582  3.784073e+00 -1.462623e+00 
    1583  4.354819e+00 4.807025e-02 
    1584  4.838005e+00 3.063578e+00 
    1585  4.063341e+00 -8.420208e-01 
    1586  4.218565e+00 -4.707510e-01 
    1587  3.759353e+00 -1.647800e+00 
    1588  4.884096e+00 2.882128e+00 
    1589  4.361186e+00 -1.367648e-01 
    1590  4.037785e+00 -1.064950e+00 
    1591  4.919965e+00 3.433960e+00 
    1592  4.774332e+00 1.541821e+00 
    1593  4.742815e+00 1.344589e+00 
    1594  4.902991e+00 2.700900e+00 
    1595  4.809061e+00 1.743804e+00 
    1596  4.712175e+00 1.149165e+00 
    1597  4.681882e+00 9.601139e-01 
    1598  4.845795e+00 1.946766e+00 
    1599  4.560658e+00 4.131044e-01 
    1600  4.649687e+00 7.751672e-01 
    1601  4.608675e+00 5.934390e-01 
    1602  4.914704e+00 2.520351e+00 
    1603  4.882013e+00 2.144053e+00 
    1604  4.902355e+00 2.333783e+00 
    1605  4.011052e+00 -1.270014e+00 
    1606  4.367321e+00 -3.170700e-01 
    1607  4.549772e+00 2.337739e-01 
    1608  4.978371e+00 3.247397e+00 
    1609  4.358035e+00 -4.886463e-01 
    1610  3.984365e+00 -1.462460e+00 
    1611  4.307929e+00 -6.594966e-01 
    1612  4.547097e+00 5.097458e-02 
    1613  5.032083e+00 3.061997e+00 
    1614  4.272917e+00 -8.673142e-01 
    1615  3.958294e+00 -1.647800e+00 
    1616  4.546562e+00 -1.333572e-01 
    1617  5.068885e+00 2.879298e+00 
    1618  4.242066e+00 -1.074331e+00 
    1619  4.958340e+00 1.544292e+00 
    1620  4.928723e+00 1.346688e+00 
    1621  4.993257e+00 1.746547e+00 
    1622  4.899738e+00 1.151393e+00 
    1623  5.093241e+00 2.697830e+00 
    1624  5.029702e+00 1.945869e+00 
    1625  5.121108e+00 3.433960e+00 
    1626  4.872687e+00 9.619109e-01 
    1627  4.544469e+00 -3.171448e-01 
    1628  4.842225e+00 7.772808e-01 
    1629  5.064892e+00 2.142943e+00 
    1630  5.099320e+00 2.516506e+00 
    1631  4.802377e+00 5.952431e-01 
    1632  4.759273e+00 4.137400e-01 
    1633  5.087484e+00 2.331626e+00 
    1634  4.212442e+00 -1.273695e+00 
    1635  4.747274e+00 2.344040e-01 
    1636  4.531227e+00 -5.001095e-01 
    1637  5.176051e+00 3.246711e+00 
    1638  4.183990e+00 -1.464435e+00 
    1639  4.502643e+00 -6.862522e-01 
    1640  4.740457e+00 5.302312e-02 
    1641  5.224801e+00 3.060513e+00 
    1642  4.157235e+00 -1.647800e+00 
    1643  4.473143e+00 -8.848701e-01 
    1644  4.737034e+00 -1.319984e-01 
    1645  5.259241e+00 2.876516e+00 
    1646  4.441959e+00 -1.082353e+00 
    1647  5.146463e+00 1.548903e+00 
    1648  5.115613e+00 1.350111e+00 
    1649  5.178310e+00 1.749338e+00 
    1650  5.089205e+00 1.156691e+00 
    1651  5.279270e+00 2.693876e+00 
    1652  5.214865e+00 1.947218e+00 
    1653  5.062413e+00 9.662574e-01 
    1654  4.732146e+00 -3.182209e-01 
    1655  5.246075e+00 2.139740e+00 
    1656  5.282009e+00 2.511944e+00 
    1657  5.033628e+00 7.801624e-01 
    1658  5.271427e+00 2.328941e+00 
    1659  5.322251e+00 3.433960e+00 
    1660  4.999333e+00 5.965127e-01 
    1661  4.957888e+00 4.143756e-01 
    1662  4.411533e+00 -1.276434e+00 
    1663  4.719760e+00 -5.083947e-01 
    1664  4.946693e+00 2.345991e-01 
    1665  5.375684e+00 3.246057e+00 
    1666  4.383137e+00 -1.464615e+00 
    1667  4.696365e+00 -6.992855e-01 
    1668  4.936491e+00 5.392557e-02 
    1669  4.356176e+00 -1.647800e+00 
    1670  5.420539e+00 3.059592e+00 
    1671  4.668944e+00 -8.936837e-01 
    1672  4.932191e+00 -1.318269e-01 
    1673  5.449698e+00 2.875268e+00 
    1674  4.639131e+00 -1.087336e+00 
    1675  5.333588e+00 1.551869e+00 
    1676  5.365218e+00 1.752132e+00 
    1677  5.305474e+00 1.354199e+00 
    1678  5.279057e+00 1.159003e+00 
    1679  5.401237e+00 1.949012e+00 
    1680  5.468724e+00 2.691498e+00 
    1681  4.926195e+00 -3.193926e-01 
    1682  5.254879e+00 9.685846e-01 
    1683  5.433117e+00 2.139859e+00 
    1684  5.471478e+00 2.508976e+00 
    1685  5.458328e+00 2.326237e+00 
    1686  5.228415e+00 7.821886e-01 
    1687  4.609466e+00 -1.278676e+00 
    1688  5.196551e+00 5.978647e-01 
    1689  5.156503e+00 4.150111e-01 
    1690  5.523394e+00 3.433960e+00 
    1691  4.912066e+00 -5.119854e-01 
    1692  5.145117e+00 2.356914e-01 
    1693  4.581371e+00 -1.465938e+00 
    1694  5.572235e+00 3.246415e+00 
    1695  4.890061e+00 -7.045368e-01 
    1696  5.137326e+00 5.399464e-02 
    1697  4.555117e+00 -1.647800e+00 
    1698  4.864160e+00 -8.988081e-01 
    1699  5.616429e+00 3.059397e+00 
    1700  5.130840e+00 -1.321663e-01 
    1701  4.835302e+00 -1.092681e+00 
    1702  5.523780e+00 1.555187e+00 
    1703  5.650289e+00 2.873466e+00 
    1704  5.554138e+00 1.753817e+00 
    1705  5.496914e+00 1.358101e+00 
    1706  5.471629e+00 1.162813e+00 
    1707  5.588771e+00 1.950195e+00 
    1708  5.659132e+00 2.690140e+00 
    1709  5.123082e+00 -3.209424e-01 
    1710  5.620244e+00 2.139383e+00 
    1711  5.448701e+00 9.706488e-01 
    1712  5.659332e+00 2.506749e+00 
    1713  5.644880e+00 2.323647e+00 
    1714  5.422902e+00 7.842166e-01 
    1715  4.807006e+00 -1.280207e+00 
    1716  5.391883e+00 5.993408e-01 
    1717  5.355118e+00 4.156467e-01 
    1718  5.724537e+00 3.433960e+00 
    1719  5.110327e+00 -5.138395e-01 
    1720  4.779811e+00 -1.465728e+00 
    1721  5.344974e+00 2.363677e-01 
    1722  5.087653e+00 -7.080681e-01 
    1723  5.773431e+00 3.246244e+00 
    1724  5.338629e+00 5.423425e-02 
    1725  4.754057e+00 -1.647800e+00 
    1726  5.060410e+00 -9.025527e-01 
    1727  5.818333e+00 3.058922e+00 
    1728  5.332494e+00 -1.312774e-01 
    1729  5.031399e+00 -1.094677e+00 
    1730  5.716527e+00 1.559976e+00 
    1731  5.746337e+00 1.758336e+00 
    1732  5.843192e+00 2.873666e+00 
    1733  5.689702e+00 1.362297e+00 
    1734  5.776583e+00 1.951656e+00 
    1735  5.664325e+00 1.165686e+00 
    1736  5.806128e+00 2.137679e+00 
    1737  5.641408e+00 9.735795e-01 
    1738  5.325267e+00 -3.203482e-01 
    1739  5.858181e+00 2.688847e+00 
    1740  5.832058e+00 2.321472e+00 
    1741  5.004044e+00 -1.281327e+00 
    1742  5.854147e+00 2.505091e+00 
    1743  5.618503e+00 7.852243e-01 
    1744  5.589556e+00 6.001219e-01 
    1745  5.553732e+00 4.162822e-01 
    1746  5.311947e+00 -5.146095e-01 
    1747  5.925680e+00 3.433960e+00 
    1748  4.977738e+00 -1.466737e+00 
    1749  5.544829e+00 2.371744e-01 
    1750  5.284700e+00 -7.089888e-01 
    1751  4.952998e+00 -1.647800e+00 
    1752  5.974296e+00 3.246487e+00 
    1753  5.539905e+00 5.547126e-02 
    1754  5.256068e+00 -9.042762e-01 
    1755  6.017760e+00 3.059400e+00 
    1756  5.536437e+00 -1.306635e-01 
    1757  5.227352e+00 -1.095002e+00 
    1758  5.938100e+00 1.767897e+00 
    1759  5.911588e+00 1.569484e+00 
    1760  5.960983e+00 1.955864e+00 
    1761  5.883525e+00 1.367612e+00 
    1762  5.857702e+00 1.168491e+00 
    1763  5.991801e+00 2.137420e+00 
    1764  6.045965e+00 2.873428e+00 
    1765  5.834847e+00 9.751203e-01 
    1766  5.200034e+00 -1.283686e+00 
    1767  6.023076e+00 2.319470e+00 
    1768  5.532396e+00 -3.207113e-01 
    1769  5.811874e+00 7.859277e-01 
    1770  6.059094e+00 2.688231e+00 
    1771  6.048707e+00 2.503232e+00 
    1772  5.784640e+00 6.007636e-01 
    1773  5.752347e+00 4.169178e-01 
    1774  5.175351e+00 -1.467853e+00 
    1775  5.523845e+00 -5.203336e-01 
    1776  6.126823e+00 3.433960e+00 
    1777  5.745021e+00 2.379844e-01 
    1778  5.488124e+00 -7.135022e-01 
    1779  5.151939e+00 -1.647800e+00 
    1780  5.742097e+00 5.696617e-02 
    1781  6.175177e+00 3.247024e+00 
    1782  5.453609e+00 -9.048847e-01 
    1783  5.422750e+00 -1.094860e+00 
    1784  6.137254e+00 1.965191e+00 
    1785  6.217613e+00 3.060179e+00 
    1786  5.742210e+00 -1.289168e-01 
    1787  6.169471e+00 2.134829e+00 
    1788  6.136116e+00 1.791785e+00 
    1789  6.078534e+00 1.374777e+00 
    1790  6.109663e+00 1.584118e+00 
    1791  6.052285e+00 1.174682e+00 
    1792  5.396521e+00 -1.283550e+00 
    1793  6.028201e+00 9.775388e-01 
    1794  6.209503e+00 2.314436e+00 
    1795  6.245425e+00 2.873462e+00 
    1796  6.005757e+00 7.867841e-01 
    1797  6.253024e+00 2.686671e+00 
    1798  6.242299e+00 2.500037e+00 
    1799  5.746912e+00 -3.212481e-01 
    1800  5.981330e+00 6.011171e-01 
    1801  5.950962e+00 4.175533e-01 
    1802  5.372552e+00 -1.468037e+00 
    1803  6.327966e+00 3.433960e+00 
    1804  5.945543e+00 2.380361e-01 
    1805  5.350880e+00 -1.647800e+00 
    1806  5.689808e+00 -7.274415e-01 
    1807  5.762914e+00 -5.325115e-01 
    1808  6.280017e+00 1.980170e+00 
    1809  5.649124e+00 -9.085562e-01 
    1810  5.944346e+00 5.809102e-02 
    1811  6.376463e+00 3.247715e+00 
    1812  5.618166e+00 -1.093745e+00 
    1813  6.336118e+00 2.121597e+00 
    1814  5.943825e+00 -1.233473e-01 
    1815  6.417592e+00 3.060806e+00 
    1816  6.276222e+00 1.384993e+00 
    1817  6.244703e+00 1.177920e+00 
    1818  5.592398e+00 -1.281735e+00 
    1819  6.313987e+00 1.602453e+00 
    1820  6.392126e+00 2.301323e+00 
    1821  6.220343e+00 9.792884e-01 
    1822  6.363187e+00 1.852690e+00 
    1823  6.445074e+00 2.873072e+00 
    1824  6.198960e+00 7.880698e-01 
    1825  6.441612e+00 2.681697e+00 
    1826  6.430856e+00 2.490695e+00 
    1827  5.950128e+00 -3.028529e-01 
    1828  6.176107e+00 6.020529e-01 
    1829  5.570229e+00 -1.466490e+00 
    1830  6.149577e+00 4.181889e-01 
    1831  5.878974e+00 -6.333993e-01 
    1832  5.859068e+00 -7.551963e-01 
    1833  6.146406e+00 2.369198e-01 
    1834  5.549821e+00 -1.647800e+00 
    1835  6.529109e+00 3.433960e+00 
    1836  5.972089e+00 -4.758403e-01 
    1837  5.834376e+00 -9.198955e-01 
    1838  6.495570e+00 2.068084e+00 
    1839  6.145340e+00 5.497241e-02 
    1840  6.573517e+00 3.248168e+00 
    1841  5.811562e+00 -1.094498e+00 
    1842  6.143736e+00 -1.236603e-01 
    1843  5.788086e+00 -1.278954e+00 
    1844  6.570929e+00 2.273426e+00 
    1845  6.615411e+00 3.061657e+00 
    1846  6.436511e+00 1.181948e+00 
    1847  6.469841e+00 1.386250e+00 
    1848  6.015381e+00 -6.200475e-01 
    1849  6.411788e+00 9.829358e-01 
    1850  6.516223e+00 1.595104e+00 
    1851  6.392475e+00 7.903132e-01 
    1852  6.641543e+00 2.872317e+00 
    1853  6.622638e+00 2.477091e+00 
    1854  6.637495e+00 2.676348e+00 
    1855  6.149915e+00 -2.971002e-01 
    1856  5.766957e+00 -1.465012e+00 
    1857  6.372568e+00 6.030698e-01 
    1858  6.023170e+00 -7.623136e-01 
    1859  6.348192e+00 4.188245e-01 
    1860  6.588594e+00 1.810259e+00 
    1861  5.748761e+00 -1.647800e+00 
    1862  6.017749e+00 -9.213315e-01 
    1863  6.345164e+00 2.364818e-01 
    1864  6.166212e+00 -4.603111e-01 
    1865  6.730252e+00 3.433960e+00 
    1866  6.001800e+00 -1.096904e+00 
    1867  6.345310e+00 5.237132e-02 
    1868  6.768254e+00 3.248133e+00 
    1869  6.700561e+00 2.022446e+00 
    1870  6.187962e+00 -6.124305e-01 
    1871  5.983458e+00 -1.276757e+00 
    1872  6.652199e+00 1.381447e+00 
    1873  6.621892e+00 1.182114e+00 
    1874  6.346140e+00 -1.264315e-01 
    1875  6.803812e+00 3.061427e+00 
    1876  6.601285e+00 9.849669e-01 
    1877  6.697120e+00 1.575774e+00 
    1878  6.773382e+00 2.247204e+00 
    1879  6.585280e+00 7.917267e-01 
    1880  6.830597e+00 2.871806e+00 
    1881  6.200923e+00 -7.602362e-01 
    1882  5.963949e+00 -1.463078e+00 
    1883  6.815054e+00 2.464233e+00 
    1884  6.832428e+00 2.671982e+00 
    1885  6.350194e+00 -2.982598e-01 
    1886  6.567640e+00 6.042329e-01 
    1887  6.771441e+00 1.762478e+00 
    1888  6.546806e+00 4.194600e-01 
    1889  6.200368e+00 -9.246771e-01 
    1890  5.947702e+00 -1.647800e+00 
    1891  6.358224e+00 -4.575207e-01 
    1892  6.545744e+00 2.348034e-01 
    1893  6.931395e+00 3.433960e+00 
    1894  6.194431e+00 -1.095028e+00 
    1895  6.547611e+00 4.971689e-02 
    1896  6.369334e+00 -6.091274e-01 
    1897  6.965434e+00 3.248975e+00 
    1898  6.848618e+00 1.564068e+00 
    1899  6.824204e+00 1.380357e+00 
    1900  6.872767e+00 1.699920e+00 
    1901  6.803779e+00 1.182669e+00 
    1902  6.180252e+00 -1.274256e+00 
    1903  6.996152e+00 3.062907e+00 
    1904  6.789904e+00 9.846619e-01 
    1905  6.548475e+00 -1.295473e-01 
    1906  6.929364e+00 1.961239e+00 
    1907  6.380769e+00 -7.622786e-01 
    1908  6.778274e+00 7.924833e-01 
    1909  7.015467e+00 2.870568e+00 
    1910  6.162666e+00 -1.461256e+00 
    1911  6.983428e+00 2.227566e+00 
    1912  7.006103e+00 2.454432e+00 
    1913  7.024532e+00 2.669640e+00 
    1914  6.764061e+00 6.044930e-01 
    1915  6.548640e+00 -3.035829e-01 
    1916  6.745421e+00 4.200956e-01 
    1917  6.388367e+00 -9.221125e-01 
    1918  6.146643e+00 -1.647800e+00 
    1919  6.547158e+00 -4.623847e-01 
    1920  6.999202e+00 1.768283e+00 
    1921  6.746346e+00 2.328712e-01 
    1922  6.386128e+00 -1.093909e+00 
    1923  7.005777e+00 1.585232e+00 
    1924  7.132538e+00 3.433960e+00 
    1925  6.549637e+00 -6.097803e-01 
    1926  6.997800e+00 1.388811e+00 
    1927  6.748916e+00 4.635438e-02 
    1928  7.158944e+00 3.247973e+00 
    1929  6.987820e+00 1.187230e+00 
    1930  6.377089e+00 -1.274148e+00 
    1931  7.182557e+00 3.061326e+00 
    1932  6.979147e+00 9.871023e-01 
    1933  6.564454e+00 -7.576385e-01 
    1934  6.747784e+00 -1.365916e-01 
    1935  7.197626e+00 2.867488e+00 
    1936  6.971091e+00 7.936180e-01 
    1937  6.359821e+00 -1.459890e+00 
    1938  7.202586e+00 2.664512e+00 
    1939  7.201398e+00 2.456290e+00 
    1940  7.187509e+00 2.236900e+00 
    1941  6.742324e+00 -3.134542e-01 
    1942  6.960714e+00 6.048370e-01 
    1943  7.173261e+00 2.010940e+00 
    1944  6.577866e+00 -9.159707e-01 
    1945  6.944036e+00 4.207311e-01 
    1946  6.345584e+00 -1.647800e+00 
    1947  6.731203e+00 -4.754998e-01 
    1948  7.182747e+00 1.800631e+00 
    1949  6.717603e+00 -6.099705e-01 
    1950  6.573780e+00 -1.090975e+00 
    1951  7.183134e+00 1.601058e+00 
    1952  6.946104e+00 2.306761e-01 
    1953  7.177367e+00 1.396520e+00 
    1954  7.333681e+00 3.433960e+00 
    1955  7.172910e+00 1.191001e+00 
    1956  6.568874e+00 -1.271862e+00 
    1957  6.950199e+00 4.072127e-02 
    1958  7.352653e+00 3.245971e+00 
    1959  6.741558e+00 -7.448778e-01 
    1960  7.370007e+00 3.058474e+00 
    1961  7.168465e+00 9.907759e-01 
    1962  7.381789e+00 2.867781e+00 
    1963  6.945591e+00 -1.497724e-01 
    1964  6.555708e+00 -1.457798e+00 
    1965  7.163423e+00 7.961979e-01 
    1966  7.386788e+00 2.664629e+00 
    1967  6.844416e+00 -6.087156e-01 
    1968  6.759672e+00 -9.045405e-01 
    1969  7.387546e+00 2.460150e+00 
    1970  6.930960e+00 -3.362385e-01 
    1971  7.380509e+00 2.247684e+00 
    1972  7.156535e+00 6.063608e-01 
    1973  7.371217e+00 2.028196e+00 
    1974  6.898503e+00 -5.067609e-01 
    1975  6.544524e+00 -1.647800e+00 
    1976  7.142651e+00 4.213667e-01 
    1977  7.368944e+00 1.815061e+00 
    1978  6.762253e+00 -1.082159e+00 
    1979  7.365404e+00 1.607449e+00 
    1980  7.143834e+00 2.283808e-01 
    1981  6.901724e+00 -7.101649e-01 
    1982  7.361999e+00 1.401855e+00 
    1983  7.360397e+00 1.196656e+00 
    1984  6.760855e+00 -1.267208e+00 
    1985  7.534824e+00 3.433960e+00 
    1986  7.146056e+00 3.237282e-02 
    1987  7.547981e+00 3.243476e+00 
    1988  7.358660e+00 9.982352e-01 
    1989  7.556406e+00 3.051940e+00 
    1990  7.563523e+00 2.856541e+00 
    1991  6.935322e+00 -8.807753e-01 
    1992  6.751797e+00 -1.455660e+00 
    1993  7.141528e+00 -1.673574e-01 
    1994  7.567127e+00 2.660307e+00 
    1995  7.355849e+00 8.012731e-01 
    1996  7.566868e+00 2.458136e+00 
    1997  7.561721e+00 2.246482e+00 
    1998  7.123848e+00 -3.748172e-01 
    1999  7.350520e+00 6.104727e-01 
    2000  7.556423e+00 2.031595e+00 
    2001  7.078909e+00 -6.077876e-01 
    2002  6.743465e+00 -1.647800e+00 
    2003  7.555131e+00 1.820923e+00 
    2004  6.949795e+00 -1.068037e+00 
    2005  7.341266e+00 4.220023e-01 
    2006  7.552103e+00 1.613807e+00 
    2007  7.550371e+00 1.408778e+00 
    2008  7.340645e+00 2.261227e-01 
    2009  6.953346e+00 -1.260812e+00 
    2010  7.550064e+00 1.205022e+00 
    2011  7.735967e+00 3.433960e+00 
    2012  7.343754e+00 2.676618e-02 
    2013  7.741838e+00 3.238398e+00 
    2014  7.549931e+00 1.004236e+00 
    2015  7.125307e+00 -8.410694e-01 
    2016  7.746295e+00 3.042867e+00 
    2017  7.749438e+00 2.844197e+00 
    2018  6.948744e+00 -1.454882e+00 
    2019  7.750826e+00 2.645431e+00 
    2020  7.549240e+00 8.079407e-01 
    2021  7.750297e+00 2.444001e+00 
    2022  7.341086e+00 -1.785937e-01 
    2023  7.748189e+00 2.238730e+00 
    2024  7.746026e+00 2.031186e+00 
    2025  7.547228e+00 6.148714e-01 
    2026  6.942406e+00 -1.647800e+00 
    2027  7.143679e+00 -1.049905e+00 
    2028  7.336621e+00 -3.882995e-01 
    2029  7.744910e+00 1.824686e+00 
    2030  7.539880e+00 4.226378e-01 
    2031  7.743537e+00 1.620345e+00 
    2032  7.324318e+00 -6.077188e-01 
    2033  7.741882e+00 1.416413e+00 
    2034  7.539048e+00 2.235862e-01 
    2035  7.147237e+00 -1.252216e+00 
    2036  7.741993e+00 1.213776e+00 
    2037  7.540864e+00 2.085243e-02 
    2038  7.937110e+00 3.433960e+00 
    2039  7.742787e+00 1.013162e+00 
    2040  7.937110e+00 3.233290e+00 
    2041  7.937110e+00 3.032620e+00 
    2042  7.332230e+00 -8.277719e-01 
    2043  7.937110e+00 2.831950e+00 
    2044  7.145247e+00 -1.451365e+00 
    2045  7.937110e+00 2.631280e+00 
    2046  7.937110e+00 2.430610e+00 
    2047  7.743335e+00 8.151505e-01 
    2048  7.542441e+00 -1.854839e-01 
    2049  7.937110e+00 2.229940e+00 
    2050  7.937110e+00 2.029270e+00 
    2051  7.741909e+00 6.199306e-01 
    2052  7.341731e+00 -1.039543e+00 
    2053  7.141347e+00 -1.647800e+00 
    2054  7.937110e+00 1.828599e+00 
    2055  7.539085e+00 -3.954228e-01 
    2056  7.738495e+00 4.232734e-01 
    2057  7.937110e+00 1.627929e+00 
    2058  7.937110e+00 1.427259e+00 
    2059  7.341737e+00 -1.246286e+00 
    2060  7.534995e+00 -6.087818e-01 
    2061  7.738220e+00 2.198551e-01 
    2062  7.937110e+00 1.226589e+00 
    2063  7.738226e+00 1.582269e-02 
    2064  7.937110e+00 1.025919e+00 
    2065  7.341696e+00 -1.448946e+00 
    2066  7.537565e+00 -8.227565e-01 
    2067  7.937110e+00 8.252491e-01 
    2068  7.740124e+00 -1.918605e-01 
    2069  7.937110e+00 6.245790e-01 
    2070  7.539939e+00 -1.034177e+00 
    2071  7.340288e+00 -1.647800e+00 
    2072  7.739540e+00 -4.000115e-01 
    2073  7.937110e+00 4.239089e-01 
    2074  7.539449e+00 -1.241590e+00 
    2075  7.736900e+00 -6.105963e-01 
    2076  7.937110e+00 2.167380e-01 
    2077  7.937110e+00 9.567147e-03 
    2078  7.538884e+00 -1.447682e+00 
    2079  7.735954e+00 -8.216464e-01 
    2080  7.937110e+00 -1.976037e-01 
    2081  7.736394e+00 -1.031366e+00 
    2082  7.539228e+00 -1.647800e+00 
    2083  7.937110e+00 -4.047746e-01 
    2084  7.737235e+00 -1.238213e+00 
    2085  7.937110e+00 -6.119455e-01 
    2086  7.737317e+00 -1.444384e+00 
    2087  7.937110e+00 -8.191164e-01 
    2088  7.738169e+00 -1.647800e+00 
    2089  7.937110e+00 -1.026287e+00 
    2090  7.937110e+00 -1.233458e+00 
    2091  7.937110e+00 -1.440629e+00 
    2092  7.937110e+00 -1.647800e+00 
END_coordinates

$-----------------------------------------------------
Element
volumes 8  
volumes 4  
surfaces 4  
         1         842        843        869        873           1 
         2         746        745        713        716           1 
         3         110        111         94         92           1 
         4         111        113         97         94           1 
         5         113        116        101         97           1 
         6         116        122        104        101           1 
         7         122        129        114        104           1 
         8         129        139        121        114           1 
         9         139        150        134        121           1 
        10         150        160        144        134           1 
        11         160        174        159        144           1 
        12         174        188        175        159           1 
        13         188        206        191        175           1 
        14         206        225        212        191           1 
        15         225        244        234        212           1 
        16         244        272        260        234           1 
        17         272        299        290        260           1 
        18         299        331        320        290           1 
        19         331        362        354        320           1 
        20         362        395        387        354           1 
        21         395        429        423        387           1 
        22         429        460        455        423           1 
        23         460        493        488        455           1 
        24         493        530        524        488           1 
        25         530        572        567        524           1 
        26         572        613        605        567           1 
        27         613        646        639        605           1 
        28         646        683        673        639           1 
        29         683        714        706        673           1 
        30         714        741        736        706           1 
        31         741        771        760        736           1 
        32         771        793        788        760           1 
        33         793        817        813        788           1 
        34         817        845        837        813           1 
        35         845        871        864        837           1 
        36         871        894        892        864           1 
        37         894        923        920        892           1 
        38         923        952        948        920           1 
        39         952        978        977        948           1 
        40         978       1006       1005        977           1 
        41        1006       1040       1038       1005           1 
        42        1040       1070       1069       1038           1 
        43        1070       1096       1094       1069           1 
        44        1096       1126       1120       1094           1 
        45        1126       1152       1149       1120           1 
        46        1152       1180       1177       1149           1 
        47        1180       1206       1204       1177           1 
        48        1206       1234       1230       1204           1 
        49        1234       1258       1256       1230           1 
        50        1258       1282       1281       1256           1 
        51        1282       1308       1307       1281           1 
        52        1308       1334       1332       1307           1 
        53        1334       1359       1358       1332           1 
        54        1359       1382       1384       1358           1 
        55        1382       1408       1412       1384           1 
        56        1408       1432       1435       1412           1 
        57        1432       1458       1460       1435           1 
        58        1458       1485       1490       1460           1 
        59        1485       1513       1516       1490           1 
        60        1513       1541       1544       1516           1 
        61        1541       1570       1572       1544           1 
        62        1570       1599       1601       1572           1 
        63        1599       1632       1631       1601           1 
        64        1632       1661       1660       1631           1 
        65        1661       1689       1688       1660           1 
        66        1689       1717       1716       1688           1 
        67        1717       1745       1744       1716           1 
        68        1745       1773       1772       1744           1 
        69        1773       1801       1800       1772           1 
        70        1801       1830       1828       1800           1 
        71        1830       1859       1857       1828           1 
        72        1859       1888       1886       1857           1 
        73        1888       1916       1914       1886           1 
        74        1916       1945       1942       1914           1 
        75        1945       1976       1972       1942           1 
        76        1976       2005       1999       1972           1 
        77        2005       2030       2025       1999           1 
        78        2030       2056       2051       2025           1 
        79        2056       2073       2069       2051           1 
        80           2          1          3          4           1 
        81           5          2          4          8           1 
        82          10          5          8         14           1 
        83          17         10         14         22           1 
        84          26         17         22         30           1 
        85          35         26         30         39           1 
        86          48         35         39         51           1 
        87          61         48         51         63           1 
        88          74         61         63         77           1 
        89          89         74         77         91           1 
        90         107         89         91        109           1 
        91         125        107        109        127           1 
        92         146        125        127        151           1 
        93         170        146        151        171           1 
        94         194        170        171        196           1 
        95         217        194        196        221           1 
        96         246        217        221        250           1 
        97         276        246        250        279           1 
        98         306        276        279        314           1 
        99         340        306        314        345           1 
       100         378        340        345        384           1 
       101         414        378        384        419           1 
       102         449        414        419        454           1 
       103         482        449        454        491           1 
       104         520        482        491        529           1 
       105         562        520        529        571           1 
       106         607        562        571        612           1 
       107         643        607        612        648           1 
       108         678        643        648        685           1 
       109         713        678        685        716           1 
       110        2040       2038       2011       2013           1 
       111        2041       2040       2013       2016           1 
       112        2043       2041       2016       2017           1 
       113        2045       2043       2017       2019           1 
       114        2046       2045       2019       2021           1 
       115        2049       2046       2021       2023           1 
       116        2050       2049       2023       2024           1 
       117        2054       2050       2024       2029           1 
       118        2057       2054       2029       2031           1 
       119        2058       2057       2031       2033           1 
       120        2062       2058       2033       2036           1 
       121        2064       2062       2036       2039           1 
       122        2067       2064       2039       2047           1 
       123        2069       2067       2047       2051           1 
       124         905        873        869        901           1 
       125         934        905        901        929           1 
       126         964        934        929        957           1 
       127         993        964        957        990           1 
       128        1027        993        990       1024           1 
       129        1057       1027       1024       1056           1 
       130        1088       1057       1056       1092           1 
       131        1119       1088       1092       1125           1 
       132        1150       1119       1125       1154           1 
       133        1179       1150       1154       1188           1 
       134        1208       1179       1188       1214           1 
       135        1237       1208       1214       1244           1 
       136        1262       1237       1244       1268           1 
       137        1288       1262       1268       1294           1 
       138        1314       1288       1294       1317           1 
       139        1340       1314       1317       1345           1 
       140        1367       1340       1345       1372           1 
       141        1395       1367       1372       1399           1 
       142        1422       1395       1399       1428           1 
       143        1446       1422       1428       1456           1 
       144        1477       1446       1456       1487           1 
       145        1506       1477       1487       1521           1 
       146        1533       1506       1521       1549           1 
       147        1562       1533       1549       1578           1 
       148        1591       1562       1578       1608           1 
       149        1625       1591       1608       1637           1 
       150        1659       1625       1637       1665           1 
       151        1690       1659       1665       1694           1 
       152        1718       1690       1694       1723           1 
       153        1747       1718       1723       1752           1 
       154        1776       1747       1752       1781           1 
       155        1803       1776       1781       1811           1 
       156        1835       1803       1811       1840           1 
       157        1865       1835       1840       1868           1 
       158        1893       1865       1868       1897           1 
       159        1924       1893       1897       1928           1 
       160        1954       1924       1928       1958           1 
       161        1985       1954       1958       1987           1 
       162        2011       1985       1987       2013           1 
       163          75         92         94         78           1 
       164          62         75         78         64           1 
       165          49         62         64         50           1 
       166          36         49         50         37           1 
       167          28         36         37         27           1 
       168          18         28         27         19           1 
       169          11         18         19         12           1 
       170           6         11         12          7           1 
       171           3          6          7          4           1 
       172         775        746        749        776           1 
       173         810        775        776        808           1 
       174         843        810        808        838           1 
       175         746        716        720        749           1 
       176        2013       1987       1989       2016           1 
       177        1987       1958       1960       1989           1 
       178        1958       1928       1931       1960           1 
       179        1928       1897       1903       1931           1 
       180        1897       1868       1875       1903           1 
       181        1868       1840       1845       1875           1 
       182        1840       1811       1815       1845           1 
       183        1811       1781       1785       1815           1 
       184        1781       1752       1755       1785           1 
       185        1752       1723       1727       1755           1 
       186        1723       1694       1699       1727           1 
       187        1694       1665       1670       1699           1 
       188        1665       1637       1641       1670           1 
       189        1637       1608       1613       1641           1 
       190        1608       1578       1584       1613           1 
       191        1578       1549       1556       1584           1 
       192        1549       1521       1528       1556           1 
       193        1521       1487       1498       1528           1 
       194        1487       1456       1466       1498           1 
       195        1456       1428       1436       1466           1 
       196        1428       1399       1406       1436           1 
       197        1399       1372       1379       1406           1 
       198        1372       1345       1356       1379           1 
       199        1345       1317       1328       1356           1 
       200        1317       1294       1304       1328           1 
       201        1294       1268       1280       1304           1 
       202        1268       1244       1254       1280           1 
       203        1244       1214       1225       1254           1 
       204        1214       1188       1193       1225           1 
       205         869        843        838        867           1 
       206         901        869        867        895           1 
       207         929        901        895        927           1 
       208         957        929        927        954           1 
       209         990        957        954        988           1 
       210        1188       1154       1162       1193           1 
       211        2017       2016       1989       1990           1 
       212        1024        990        988       1021           1 
       213        1154       1125       1128       1162           1 
       214        2051       2047       2020       2025           1 
       215        2047       2039       2014       2020           1 
       216        1999       2025       2020       1995           1 
       217        1972       1999       1995       1965           1 
       218        2039       2036       2010       2014           1 
       219           4          7          9          8           1 
       220           7         12         15          9           1 
       221          12         19         21         15           1 
       222          19         27         29         21           1 
       223          27         37         41         29           1 
       224        1056       1024       1021       1058           1 
       225          37         50         52         41           1 
       226          50         64         66         52           1 
       227        2036       2033       2007       2010           1 
       228        2033       2031       2006       2007           1 
       229        2031       2029       2003       2006           1 
       230        2029       2024       2000       2003           1 
       231        2024       2023       1997       2000           1 
       232          64         78         80         66           1 
       233          78         94         97         80           1 
       234        1092       1056       1058       1095           1 
       235        1125       1092       1095       1128           1 
       236        1942       1972       1965       1936           1 
       237        2023       2021       1996       1997           1 
       238        2019       2017       1990       1994           1 
       239        2021       2019       1994       1996           1 
       240          14          8          9         13           1 
       241         716        685        691        720           1 
       242         685        648        656        691           1 
       243         648        612        619        656           1 
       244         612        571        581        619           1 
       245         571        529        536        581           1 
       246         529        491        498        536           1 
       247         491        454        459        498           1 
       248         454        419        427        459           1 
       249         419        384        390        427           1 
       250         384        345        352        390           1 
       251         345        314        317        352           1 
       252         314        279        286        317           1 
       253         279        250        253        286           1 
       254         250        221        228        253           1 
       255         221        196        201        228           1 
       256         196        171        176        201           1 
       257         171        151        153        176           1 
       258         151        127        132        153           1 
       259         127        109        112        132           1 
       260         109         91         96        112           1 
       261          91         77         79         96           1 
       262          77         63         67         79           1 
       263          63         51         54         67           1 
       264          51         39         42         54           1 
       265          39         30         33         42           1 
       266          30         22         24         33           1 
       267          22         14         20         24           1 
       268        1914       1942       1936       1908           1 
       269          97        101         85         80           1 
       270        1886       1914       1908       1879           1 
       271         101        104         87         85           1 
       272         104        114         98         87           1 
       273        1857       1886       1879       1851           1 
       274        1828       1857       1851       1824           1 
       275        1800       1828       1824       1796           1 
       276        1772       1800       1796       1769           1 
       277        1744       1772       1769       1743           1 
       278        1716       1744       1743       1714           1 
       279        1688       1716       1714       1686           1 
       280         114        121        106         98           1 
       281         121        134        119        106           1 
       282         134        144        130        119           1 
       283         144        159        143        130           1 
       284        1660       1688       1686       1657           1 
       285        1631       1660       1657       1628           1 
       286        1601       1631       1628       1600           1 
       287        1572       1601       1600       1573           1 
       288        1544       1572       1573       1546           1 
       289        1516       1544       1546       1519           1 
       290        1490       1516       1519       1491           1 
       291        1460       1490       1491       1463           1 
       292        1435       1460       1463       1438           1 
       293        1412       1435       1438       1413           1 
       294        1384       1412       1413       1385           1 
       295        1358       1384       1385       1357           1 
       296        1332       1358       1357       1331           1 
       297        1307       1332       1331       1305           1 
       298        1281       1307       1305       1279           1 
       299        1256       1281       1279       1253           1 
       300        1230       1256       1253       1227           1 
       301        1204       1230       1227       1201           1 
       302        1177       1204       1201       1174           1 
       303        1149       1177       1174       1146           1 
       304        1120       1149       1146       1118           1 
       305        1094       1120       1118       1093           1 
       306        1069       1094       1093       1066           1 
       307        1038       1069       1066       1035           1 
       308        1005       1038       1035       1004           1 
       309         977       1005       1004        975           1 
       310         948        977        975        946           1 
       311         920        948        946        918           1 
       312         892        920        918        890           1 
       313         864        892        890        860           1 
       314         837        864        860        830           1 
       315         813        837        830        805           1 
       316         788        813        805        782           1 
       317         760        788        782        754           1 
       318         736        760        754        729           1 
       319         706        736        729        700           1 
       320         673        706        700        666           1 
       321         639        673        666        631           1 
       322         605        639        631        596           1 
       323         567        605        596        555           1 
       324         524        567        555        516           1 
       325         488        524        516        481           1 
       326         455        488        481        448           1 
       327         423        455        448        415           1 
       328         387        423        415        380           1 
       329         354        387        380        343           1 
       330         320        354        343        312           1 
       331         290        320        312        278           1 
       332         260        290        278        251           1 
       333         234        260        251        223           1 
       334         212        234        223        202           1 
       335         191        212        202        180           1 
       336         159        175        161        143           1 
       337         175        191        180        161           1 
       338         838        808        809        836           1 
       339         808        776        779        809           1 
       340         776        749        753        779           1 
       341        1989       1960       1962       1990           1 
       342        1960       1931       1935       1962           1 
       343        1994       1990       1962       1966           1 
       344        1931       1903       1909       1935           1 
       345          20         14         13         16           1 
       346          24         20         25         31           1 
       347          13          9         15         16           1 
       348          33         24         31         38           1 
       349         867        838        836        866           1 
       350          42         33         38         46           1 
       351         895        867        866        893           1 
       352          80         85         68         66           1 
       353        1996       1994       1966       1969           1 
       354         753        749        720        724           1 
       355        1995       2020       2014       1988           1 
       356        1965       1995       1988       1961           1 
       357         720        691        697        724           1 
       358         691        656        664        697           1 
       359         656        619        626        664           1 
       360         619        581        588        626           1 
       361         581        536        546        588           1 
       362         536        498        508        546           1 
       363         498        459        471        508           1 
       364         459        427        435        471           1 
       365         427        390        396        435           1 
       366         390        352        357        396           1 
       367         352        317        321        357           1 
       368         317        286        291        321           1 
       369         286        253        259        291           1 
       370         253        228        231        259           1 
       371         228        201        204        231           1 
       372        1903       1875       1880       1909           1 
       373        1936       1965       1961       1932           1 
       374          54         42         46         57           1 
       375         927        895        893        925           1 
       376          85         87         73         68           1 
       377          15         21         23         16           1 
       378          20         16         23         25           1 
       379          21         29         32         23           1 
       380          29         41         43         32           1 
       381        1875       1845       1852       1880           1 
       382        2014       2010       1983       1988           1 
       383        2010       2007       1982       1983           1 
       384        2007       2006       1979       1982           1 
       385        2006       2003       1977       1979           1 
       386        2003       2000       1973       1977           1 
       387        2000       1997       1971       1973           1 
       388        1997       1996       1969       1971           1 
       389          52         66         68         56           1 
       390          41         52         56         43           1 
       391        1845       1815       1823       1852           1 
       392        1908       1936       1932       1904           1 
       393         954        927        925        953           1 
       394          67         54         57         71           1 
       395        1815       1785       1795       1823           1 
       396        1785       1755       1764       1795           1 
       397        1755       1727       1732       1764           1 
       398        1727       1699       1703       1732           1 
       399        1699       1670       1673       1703           1 
       400        1670       1641       1645       1673           1 
       401        1641       1613       1617       1645           1 
       402        1613       1584       1588       1617           1 
       403        1584       1556       1560       1588           1 
       404        1556       1528       1532       1560           1 
       405        1528       1498       1505       1532           1 
       406        1498       1466       1472       1505           1 
       407        1466       1436       1433       1472           1 
       408        1436       1406       1401       1433           1 
       409        1406       1379       1387       1401           1 
       410        1379       1356       1364       1387           1 
       411        1356       1328       1333       1364           1 
       412          79         67         71         84           1 
       413          96         79         84        100           1 
       414         112         96        100        118           1 
       415         132        112        118        138           1 
       416         153        132        138        158           1 
       417         988        954        953        989           1 
       418        1879       1908       1904       1876           1 
       419        1851       1879       1876       1849           1 
       420        1824       1851       1849       1821           1 
       421        1796       1824       1821       1793           1 
       422        1769       1796       1793       1765           1 
       423        1743       1769       1765       1737           1 
       424        1714       1743       1737       1711           1 
       425        1686       1714       1711       1682           1 
       426          87         98         83         73           1 
       427          98        106         93         83           1 
       428         106        119        102         93           1 
       429         119        130        117        102           1 
       430        1657       1686       1682       1653           1 
       431        1628       1657       1653       1626           1 
       432        1600       1628       1626       1597           1 
       433        1573       1600       1597       1571           1 
       434        1546       1573       1571       1545           1 
       435        1519       1546       1545       1518           1 
       436        1491       1519       1518       1492           1 
       437        1463       1491       1492       1462           1 
       438        1438       1463       1462       1437           1 
       439        1413       1438       1437       1411           1 
       440        1385       1413       1411       1383           1 
       441        1357       1385       1383       1355           1 
       442        1331       1357       1355       1330           1 
       443        1305       1331       1330       1303           1 
       444        1279       1305       1303       1278           1 
       445        1253       1279       1278       1251           1 
       446        1227       1253       1251       1226           1 
       447        1201       1227       1226       1200           1 
       448        1174       1201       1200       1172           1 
       449        1146       1174       1172       1143           1 
       450        1118       1146       1143       1116           1 
       451        1093       1118       1116       1089           1 
       452        1066       1093       1089       1059           1 
       453        1035       1066       1059       1031           1 
       454        1004       1035       1031       1001           1 
       455         975       1004       1001        972           1 
       456         946        975        972        945           1 
       457         918        946        945        916           1 
       458         890        918        916        886           1 
       459         860        890        886        855           1 
       460        1021        988        989       1026           1 
       461         176        153        158        182           1 
       462         201        176        182        204           1 
       463         130        143        133        117           1 
       464         830        860        855        818           1 
       465         805        830        818        797           1 
       466         782        805        797        773           1 
       467         754        782        773        748           1 
       468         729        754        748        721           1 
       469         700        729        721        692           1 
       470         666        700        692        657           1 
       471         631        666        657        622           1 
       472         596        631        622        587           1 
       473         555        596        587        549           1 
       474         516        555        549        511           1 
       475         481        516        511        477           1 
       476         448        481        477        440           1 
       477         415        448        440        407           1 
       478         380        415        407        372           1 
       479         343        380        372        335           1 
       480         312        343        335        301           1 
       481         278        312        301        269           1 
       482         251        278        269        237           1 
       483         223        251        237        210           1 
       484         202        223        210        185           1 
       485         180        202        185        165           1 
       486         161        180        165        147           1 
       487         143        161        147        133           1 
       488        1058       1021       1026       1063           1 
       489        1095       1058       1063       1102           1 
       490        1328       1304       1309       1333           1 
       491        1304       1280       1290       1309           1 
       492        1280       1254       1263       1290           1 
       493        1254       1225       1236       1263           1 
       494        1225       1193       1203       1236           1 
       495        1193       1162       1170       1203           1 
       496        1162       1128       1136       1170           1 
       497        1128       1095       1102       1136           1 
       498         779        753        752        785           1 
       499         809        779        785        811           1 
       500         836        809        811        840           1 
       501        1962       1935       1938       1966           1 
       502        1935       1909       1913       1938           1 
       503        1909       1880       1884       1913           1 
       504        1880       1852       1854       1884           1 
       505        1852       1823       1825       1854           1 
       506          25         23         32         34           1 
       507          31         25         34         40           1 
       508        1823       1795       1797       1825           1 
       509         752        753        724        728           1 
       510        1940       1971       1969       1939           1 
       511        1969       1966       1938       1939           1 
       512          38         31         40         44           1 
       513          46         38         44         55           1 
       514        1961       1988       1983       1955           1 
       515        1932       1961       1955       1929           1 
       516          68         73         60         56           1 
       517          73         83         70         60           1 
       518          83         93         81         70           1 
       519          93        102         90         81           1 
       520         102        117        103         90           1 
       521         117        133        120        103           1 
       522        1904       1932       1929       1901           1 
       523          57         46         55         65           1 
       524         133        147        137        120           1 
       525        1983       1982       1953       1955           1 
       526        1795       1764       1770       1797           1 
       527        1764       1732       1739       1770           1 
       528        1732       1703       1708       1739           1 
       529        1703       1673       1680       1708           1 
       530        1673       1645       1651       1680           1 
       531        1645       1617       1623       1651           1 
       532        1617       1588       1594       1623           1 
       533        1588       1560       1567       1594           1 
       534        1560       1532       1540       1567           1 
       535        1532       1505       1511       1540           1 
       536        1505       1472       1481       1511           1 
       537        1472       1433       1451       1481           1 
       538        1876       1904       1901       1873           1 
       539        1849       1876       1873       1846           1 
       540        1821       1849       1846       1817           1 
       541        1793       1821       1817       1791           1 
       542        1765       1793       1791       1762           1 
       543        1737       1765       1762       1735           1 
       544        1711       1737       1735       1706           1 
       545        1682       1711       1706       1678           1 
       546        1653       1682       1678       1650           1 
       547        1626       1653       1650       1622           1 
       548        1597       1626       1622       1596           1 
       549        1571       1597       1596       1568           1 
       550        1545       1571       1568       1542           1 
       551        1518       1545       1542       1517           1 
       552         724        697        705        728           1 
       553         697        664        671        705           1 
       554         664        626        634        671           1 
       555         626        588        592        634           1 
       556         588        546        553        592           1 
       557        1387       1364       1380       1401           1 
       558         866        836        840        868           1 
       559         893        866        868        896           1 
       560         925        893        896        928           1 
       561         953        925        928        956           1 
       562         989        953        956        992           1 
       563        1026        989        992       1029           1 
       564          71         57         65         76           1 
       565          84         71         76         88           1 
       566         100         84         88        105           1 
       567         118        100        105        123           1 
       568        1982       1979       1951       1953           1 
       569        1492       1518       1517       1489           1 
       570        1462       1492       1489       1461           1 
       571        1437       1462       1461       1434           1 
       572        1411       1437       1434       1409           1 
       573        1136       1102       1105       1142           1 
       574        1063       1026       1029       1068           1 
       575        1102       1063       1068       1105           1 
       576        1170       1136       1142       1178           1 
       577        1203       1170       1178       1212           1 
       578         546        508        514        553           1 
       579         138        118        123        142           1 
       580        1383       1411       1409       1381           1 
       581        1236       1203       1212       1241           1 
       582        1263       1236       1241       1272           1 
       583        1979       1977       1948       1951           1 
       584        1364       1333       1348       1380           1 
       585          43         56         60         47           1 
       586          32         43         47         34           1 
       587         158        138        142        164           1 
       588        1977       1973       1943       1948           1 
       589        1973       1971       1940       1943           1 
       590         147        165        155        137           1 
       591         508        471        479        514           1 
       592         471        435        442        479           1 
       593         435        396        403        442           1 
       594        1355       1383       1381       1353           1 
       595        1330       1355       1353       1329           1 
       596        1303       1330       1329       1302           1 
       597        1278       1303       1302       1276           1 
       598        1251       1278       1276       1249           1 
       599        1226       1251       1249       1223           1 
       600        1200       1226       1223       1198           1 
       601        1172       1200       1198       1169           1 
       602        1143       1172       1169       1141           1 
       603        1116       1143       1141       1114           1 
       604        1089       1116       1114       1085           1 
       605        1059       1089       1085       1055           1 
       606        1031       1059       1055       1030           1 
       607        1001       1031       1030        999           1 
       608         972       1001        999        971           1 
       609         945        972        971        942           1 
       610         916        945        942        914           1 
       611         886        916        914        885           1 
       612        1290       1263       1272       1306           1 
       613        1309       1290       1306       1333           1 
       614         855        886        885        853           1 
       615         182        158        164        186           1 
       616         204        182        186        211           1 
       617         231        204        211        238           1 
       618         259        231        238        264           1 
       619         165        185        177        155           1 
       620         185        210        198        177           1 
       621         210        237        226        198           1 
       622         291        259        264        295           1 
       623         321        291        295        329           1 
       624         357        321        329        366           1 
       625         396        357        366        403           1 
       626         237        269        256        226           1 
       627         269        301        293        256           1 
       628         301        335        326        293           1 
       629         335        372        360        326           1 
       630         372        407        397        360           1 
       631         407        440        434        397           1 
       632         440        477        469        434           1 
       633         477        511        504        469           1 
       634         511        549        542        504           1 
       635         549        587        583        542           1 
       636         587        622        616        583           1 
       637         622        657        651        616           1 
       638         657        692        682        651           1 
       639         692        721        712        682           1 
       640         721        748        742        712           1 
       641         748        773        769        742           1 
       642         773        797        786        769           1 
       643         785        752        770        789           1 
       644         811        785        789        814           1 
       645         840        811        814        841           1 
       646         752        728        705        726           1 
       647        1938       1913       1912       1939           1 
       648        1913       1884       1883       1912           1 
       649        1940       1939       1912       1911           1 
       650        1884       1854       1853       1883           1 
       651         786        797        818        791           1 
       652         769        786        791        768           1 
       653         742        769        768        737           1 
       654         712        742        737        708           1 
       655         682        712        708        675           1 
       656         651        682        675        642           1 
       657         616        651        642        610           1 
       658         583        616        610        575           1 
       659         542        583        575        541           1 
       660         841        814        815        844           1 
       661         504        542        541        502           1 
       662         868        840        841        870           1 
       663         896        868        870        899           1 
       664         928        896        899        930           1 
       665         956        928        930        962           1 
       666         992        956        962        996           1 
       667        1029        992        996       1032           1 
       668        1955       1953       1926       1929           1 
       669         814        789        790        815           1 
       670         752        726        761        770           1 
       671        1854       1825       1826       1853           1 
       672         789        770        761        790           1 
       673        1825       1797       1798       1826           1 
       674        1797       1770       1771       1798           1 
       675        1770       1739       1742       1771           1 
       676          40         34         47         45           1 
       677          47         60         70         58           1 
       678          44         40         45         53           1 
       679          55         44         53         59           1 
       680          65         55         59         72           1 
       681          76         65         72         86           1 
       682          88         76         86         99           1 
       683         105         88         99        115           1 
       684        1348       1333       1306       1322           1 
       685        1739       1708       1712       1742           1 
       686         442        403        413        451           1 
       687        1708       1680       1684       1712           1 
       688        1680       1651       1656       1684           1 
       689        1651       1623       1630       1656           1 
       690        1623       1594       1602       1630           1 
       691        1594       1567       1574       1602           1 
       692        1567       1540       1550       1574           1 
       693        1540       1511       1522       1550           1 
       694        1511       1481       1495       1522           1 
       695        1481       1451       1470       1495           1 
       696        1433       1401       1380       1404           1 
       697        1451       1433       1404       1421           1 
       698         855        853        824        818           1 
       699        1901       1929       1926       1899           1 
       700         469        504        502        465           1 
       701        1953       1951       1923       1926           1 
       702        1951       1948       1920       1923           1 
       703        1948       1943       1906       1920           1 
       704         123        105        115        135           1 
       705         479        442        451        485           1 
       706        1873       1901       1899       1872           1 
       707        1846       1873       1872       1847           1 
       708        1817       1846       1847       1816           1 
       709        1791       1817       1816       1789           1 
       710        1762       1791       1789       1761           1 
       711        1735       1762       1761       1733           1 
       712        1706       1735       1733       1705           1 
       713        1678       1706       1705       1677           1 
       714        1650       1678       1677       1648           1 
       715        1622       1650       1648       1620           1 
       716        1596       1622       1620       1593           1 
       717        1568       1596       1593       1566           1 
       718        1542       1568       1566       1539           1 
       719        1517       1542       1539       1514           1 
       720        1489       1517       1514       1486           1 
       721        1461       1489       1486       1457           1 
       722        1434       1461       1457       1431           1 
       723        1409       1434       1431       1407           1 
       724        1381       1409       1407       1378           1 
       725        1353       1381       1378       1352           1 
       726        1329       1353       1352       1327           1 
       727        1302       1329       1327       1301           1 
       728        1276       1302       1301       1274           1 
       729        1249       1276       1274       1246           1 
       730        1223       1249       1246       1220           1 
       731        1198       1223       1220       1192           1 
       732        1169       1198       1192       1166           1 
       733        1141       1169       1166       1137           1 
       734        1114       1141       1137       1111           1 
       735        1085       1114       1111       1082           1 
       736        1055       1085       1082       1054           1 
       737        1030       1055       1054       1023           1 
       738         999       1030       1023        995           1 
       739         971        999        995        969           1 
       740         942        971        969        941           1 
       741         914        942        941        911           1 
       742         885        914        911        884           1 
       743         853        885        884        854           1 
       744          70         81         69         58           1 
       745          81         90         82         69           1 
       746          90        103         95         82           1 
       747         103        120        108         95           1 
       748         434        469        465        426           1 
       749         142        123        135        154           1 
       750         120        137        124        108           1 
       751        1068       1029       1032       1067           1 
       752         514        479        485        522           1 
       753         553        514        522        560           1 
       754         592        553        560        598           1 
       755         634        592        598        638           1 
       756         671        634        638        680           1 
       757         397        434        426        388           1 
       758         137        155        141        124           1 
       759         141        135        115        124           1 
       760         124        115         99        108           1 
       761         108         99         86         95           1 
       762          95         86         72         82           1 
       763          82         72         59         69           1 
       764          69         59         53         58           1 
       765          53         45         47         58           1 
       766         155        177        163        141           1 
       767         135        141        163        154           1 
       768         164        142        154        173           1 
       769         186        164        173        197           1 
       770         211        186        197        222           1 
       771         238        211        222        248           1 
       772         264        238        248        274           1 
       773         295        264        274        302           1 
       774         329        295        302        337           1 
       775         366        329        337        374           1 
       776         403        366        374        413           1 
       777         177        198        184        163           1 
       778         360        397        388        353           1 
       779         326        360        353        319           1 
       780         293        326        319        292           1 
       781         256        293        292        266           1 
       782         198        226        209        184           1 
       783         226        256        235        209           1 
       784        1306       1272       1283       1322           1 
       785        1380       1348       1370       1404           1 
       786         705        671        680        726           1 
       787        1272       1241       1250       1283           1 
       788        1241       1212       1217       1250           1 
       789        1212       1178       1186       1217           1 
       790        1178       1142       1153       1186           1 
       791        1142       1105       1121       1153           1 
       792        1105       1068       1067       1087           1 
       793         791        818        824        794           1 
       794         824        853        854        825           1 
       795        1926       1923       1898       1899           1 
       796        1923       1920       1900       1898           1 
       797         761        726        727        762           1 
       798         768        791        794        767           1 
       799         154        163        184        173           1 
       800         173        184        209        197           1 
       801         197        209        235        222           1 
       802         841        844        872        870           1 
       803         899        870        872        903           1 
       804         930        899        903        931           1 
       805         962        930        931        965           1 
       806         996        962        965       1002           1 
       807        1872       1899       1898       1877           1 
       808        1032        996       1002       1041           1 
       809         256        266        258        235           1 
       810        1370       1348       1322       1346           1 
       811         222        235        258        248           1 
       812         266        292        282        258           1 
       813         248        258        282        274           1 
       814         292        319        311        282           1 
       815         274        282        311        302           1 
       816         319        353        342        311           1 
       817         302        311        342        337           1 
       818        1451       1421       1449       1470           1 
       819        1906       1943       1940       1911           1 
       820        1920       1906       1887       1900           1 
       821        1898       1900       1887       1877           1 
       822        1847       1872       1877       1850           1 
       823        1816       1847       1850       1819           1 
       824        1789       1816       1819       1790           1 
       825        1761       1789       1790       1759           1 
       826        1733       1761       1759       1730           1 
       827        1705       1733       1730       1702           1 
       828        1677       1705       1702       1675           1 
       829        1648       1677       1675       1647           1 
       830        1620       1648       1647       1619           1 
       831        1593       1620       1619       1592           1 
       832        1566       1593       1592       1564           1 
       833        1539       1566       1564       1538           1 
       834        1514       1539       1538       1512           1 
       835        1486       1514       1512       1483           1 
       836        1121       1105       1087       1098           1 
       837        1067       1032       1041       1071           1 
       838        1153       1121       1131       1161           1 
       839        1087       1067       1071       1098           1 
       840         844        815        821        847           1 
       841        1912       1883       1878       1911           1 
       842        1883       1853       1844       1878           1 
       843         737        768        767        734           1 
       844         708        737        734        702           1 
       845         675        708        702        668           1 
       846         642        675        668        636           1 
       847         610        642        636        606           1 
       848         575        610        606        573           1 
       849         541        575        573        545           1 
       850         502        541        545        513           1 
       851         465        502        513        470           1 
       852         426        465        470        421           1 
       853        1186       1153       1161       1191           1 
       854        1457       1486       1483       1454           1 
       855        1217       1186       1191       1224           1 
       856        1431       1457       1454       1429           1 
       857         815        790        795        821           1 
       858         790        761        762        795           1 
       859         726        680        686        727           1 
       860         680        638        644        686           1 
       861         638        598        597        644           1 
       862         598        560        568        597           1 
       863         388        426        421        381           1 
       864         353        388        381        342           1 
       865         337        342        381        374           1 
       866         374        381        421        413           1 
       867         413        421        470        451           1 
       868        1407       1431       1429       1405           1 
       869        1378       1407       1405       1377           1 
       870        1352       1378       1377       1349           1 
       871        1479       1470       1449       1467           1 
       872         485        451        470        506           1 
       873         522        485        506        537           1 
       874         560        522        537        568           1 
       875        1853       1826       1820       1844           1 
       876        1826       1798       1794       1820           1 
       877        1798       1771       1767       1794           1 
       878        1771       1742       1740       1767           1 
       879        1742       1712       1713       1740           1 
       880        1712       1684       1685       1713           1 
       881        1684       1656       1658       1685           1 
       882        1656       1630       1633       1658           1 
       883        1630       1602       1604       1633           1 
       884        1602       1574       1576       1604           1 
       885        1574       1550       1552       1576           1 
       886        1550       1522       1525       1552           1 
       887        1522       1495       1500       1525           1 
       888        1250       1217       1224       1257           1 
       889        1327       1352       1349       1326           1 
       890        1301       1327       1326       1298           1 
       891        1274       1301       1298       1269           1 
       892        1246       1274       1269       1243           1 
       893        1220       1246       1243       1216           1 
       894        1192       1220       1216       1190           1 
       895        1166       1192       1190       1163           1 
       896        1137       1166       1163       1134           1 
       897        1111       1137       1134       1106           1 
       898        1082       1111       1106       1078           1 
       899        1054       1082       1078       1048           1 
       900        1023       1054       1048       1017           1 
       901         995       1023       1017        991           1 
       902         969        995        991        967           1 
       903         941        969        967        938           1 
       904         911        941        938        910           1 
       905         884        911        910        882           1 
       906         854        884        882        856           1 
       907        1283       1250       1257       1289           1 
       908        1322       1283       1289       1318           1 
       909        1404       1370       1388       1421           1 
       910        1500       1495       1470       1479           1 
       911        1525       1500       1503       1523           1 
       912         794        824        825        796           1 
       913        1552       1525       1523       1548           1 
       914         767        794        796        765           1 
       915        1576       1552       1548       1575           1 
       916        1604       1576       1575       1603           1 
       917        1633       1604       1603       1629           1 
       918        1658       1633       1629       1655           1 
       919        1685       1658       1655       1683           1 
       920        1713       1685       1683       1710           1 
       921        1906       1911       1878       1869           1 
       922        1878       1844       1838       1869           1 
       923        1850       1877       1887       1860           1 
       924        1887       1906       1869       1860           1 
       925        1844       1820       1813       1838           1 
       926        1820       1794       1787       1813           1 
       927        1794       1767       1763       1787           1 
       928        1767       1740       1736       1763           1 
       929        1740       1713       1710       1736           1 
       930         854        856        829        825           1 
       931         844        847        875        872           1 
       932         734        767        765        732           1 
       933        1370       1346       1350       1388           1 
       934         702        734        732        698           1 
       935         668        702        698        662           1 
       936         636        668        662        628           1 
       937         606        636        628        599           1 
       938         573        606        599        577           1 
       939         545        573        577        559           1 
       940        1131       1121       1098       1107           1 
       941        1098       1071       1079       1107           1 
       942        1346       1322       1318       1350           1 
       943         903        872        875        904           1 
       944         931        903        904        932           1 
       945         965        931        932        960           1 
       946        1002        965        960        987           1 
       947        1071       1041       1050       1079           1 
       948        1819       1850       1860       1822           1 
       949        1860       1869       1838       1822           1 
       950        1041       1002       1025       1050           1 
       951        1790       1819       1822       1788           1 
       952        1759       1790       1788       1758           1 
       953        1730       1759       1758       1731           1 
       954        1702       1730       1731       1704           1 
       955        1675       1702       1704       1676           1 
       956        1647       1675       1676       1649           1 
       957        1619       1647       1649       1621           1 
       958        1592       1619       1621       1595           1 
       959        1564       1592       1595       1565           1 
       960        1538       1564       1565       1536           1 
       961        1512       1538       1536       1509           1 
       962        1483       1512       1509       1480           1 
       963        1454       1483       1480       1453           1 
       964        1429       1454       1453       1427           1 
       965        1405       1429       1427       1403           1 
       966        1377       1405       1403       1374           1 
       967        1349       1377       1374       1351           1 
       968        1326       1349       1351       1324           1 
       969        1298       1326       1324       1293           1 
       970        1269       1298       1293       1267           1 
       971        1243       1269       1267       1238           1 
       972        1216       1243       1238       1210           1 
       973        1190       1216       1210       1184           1 
       974        1163       1190       1184       1160           1 
       975        1134       1163       1160       1130           1 
       976        1106       1134       1130       1101           1 
       977        1078       1106       1101       1072           1 
       978        1048       1078       1072       1045           1 
       979        1017       1048       1045       1016           1 
       980         991       1017       1016        986           1 
       981         967        991        986        963           1 
       982         938        967        963        936           1 
       983         910        938        936        909           1 
       984         856        882        881        858           1 
       985         882        910        909        881           1 
       986         470        513        531        506           1 
       987         537        506        531        564           1 
       988         795        762        766        803           1 
       989         821        795        803        828           1 
       990         847        821        828        851           1 
       991         762        727        730        766           1 
       992         727        686        693        730           1 
       993         693        698        732        730           1 
       994         730        732        765        766           1 
       995         766        765        796        803           1 
       996         686        644        654        693           1 
       997         698        693        654        662           1 
       998         644        597        617        654           1 
       999         597        568        537        564           1 
      1000         662        654        617        628           1 
      1001        1191       1161       1165       1197           1 
      1002        1224       1191       1197       1231           1 
      1003        1257       1224       1231       1261           1 
      1004        1161       1131       1140       1165           1 
      1005        1289       1257       1261       1292           1 
      1006        1318       1289       1292       1323           1 
      1007        1421       1388       1392       1419           1 
      1008        1449       1421       1419       1445           1 
      1009        1467       1449       1445       1471           1 
      1010         559        531        513        545           1 
      1011         577        599        585        559           1 
      1012         599        628        617        585           1 
      1013         617        597        564        585           1 
      1014         559        585        564        531           1 
      1015         875        847        851        879           1 
      1016         904        875        879        906           1 
      1017        1388       1350       1361       1392           1 
      1018        1503       1500       1479       1494           1 
      1019         825        829        803        796           1 
      1020         829        856        858        835           1 
      1021         932        904        906        933           1 
      1022         960        932        933        959           1 
      1023        1140       1131       1107       1115           1 
      1024        1165       1140       1144       1164           1 
      1025        1197       1165       1164       1181           1 
      1026        1479       1467       1471       1494           1 
      1027        1318       1323       1361       1350           1 
      1028         987        960        959        984           1 
      1029        1002        987       1008       1025           1 
      1030         858        851        828        835           1 
      1031         851        858        881        879           1 
      1032         879        881        909        906           1 
      1033         906        909        936        933           1 
      1034         933        936        963        959           1 
      1035         959        963        986        984           1 
      1036         986       1016       1013        984           1 
      1037         987        984       1013       1008           1 
      1038        1050       1025       1037       1064           1 
      1039        1016       1045       1037       1013           1 
      1040        1037       1045       1072       1064           1 
      1041        1008       1013       1037       1025           1 
      1042        1079       1050       1064       1090           1 
      1043        1101       1090       1064       1072           1 
      1044        1107       1079       1090       1115           1 
      1045        1090       1101       1130       1115           1 
      1046        1140       1115       1130       1144           1 
      1047        1838       1813       1808       1822           1 
      1048        1813       1787       1784       1808           1 
      1049        1822       1808       1784       1788           1 
      1050        1787       1763       1760       1784           1 
      1051        1788       1784       1760       1758           1 
      1052        1763       1736       1734       1760           1 
      1053        1758       1760       1734       1731           1 
      1054        1704       1731       1734       1707           1 
      1055        1736       1710       1707       1734           1 
      1056        1710       1683       1679       1707           1 
      1057        1704       1707       1679       1676           1 
      1058        1683       1655       1652       1679           1 
      1059        1676       1679       1652       1649           1 
      1060        1655       1629       1624       1652           1 
      1061        1629       1603       1598       1624           1 
      1062        1649       1652       1624       1621           1 
      1063        1621       1624       1598       1595           1 
      1064        1603       1575       1569       1598           1 
      1065        1575       1548       1537       1569           1 
      1066        1548       1523       1507       1537           1 
      1067        1595       1598       1569       1565           1 
      1068        1565       1569       1537       1536           1 
      1069        1536       1537       1507       1509           1 
      1070        1523       1503       1494       1507           1 
      1071        1480       1509       1507       1476           1 
      1072        1453       1480       1476       1448           1 
      1073        1427       1453       1448       1423           1 
      1074        1403       1427       1423       1397           1 
      1075        1374       1403       1397       1376           1 
      1076        1351       1374       1376       1361           1 
      1077        1351       1361       1323       1324           1 
      1078        1324       1323       1292       1293           1 
      1079        1293       1292       1261       1267           1 
      1080        1267       1261       1231       1238           1 
      1081        1238       1231       1197       1210           1 
      1082        1130       1160       1164       1144           1 
      1083        1210       1197       1181       1184           1 
      1084        1160       1184       1181       1164           1 
      1085        1397       1392       1361       1376           1 
      1086        1392       1397       1423       1419           1 
      1087        1419       1423       1448       1445           1 
      1088        1445       1448       1476       1471           1 
      1089        1476       1507       1494       1471           1 
      1090         829        835        828        803           1 
      1091         497        534        535        499           1 
      1092         462        497        499        464           1 
      1093         432        462        464        433           1 
      1094         398        432        433        401           1 
      1095         361        398        401        365           1 
      1096         330        361        365        332           1 
      1097         297        330        332        300           1 
      1098         267        297        300        271           1 
      1099         239        267        271        240           1 
      1100         215        239        240        216           1 
      1101         190        215        216        192           1 
      1102         167        190        192        169           1 
      1103         145        167        169        148           1 
      1104         126        145        148        128           1 
      1105         110        126        128        111           1 
      1106         113        111        128        131           1 
      1107         116        113        131        136           1 
      1108         122        116        136        140           1 
      1109         129        122        140        149           1 
      1110         139        129        149        157           1 
      1111         150        139        157        166           1 
      1112         160        150        166        181           1 
      1113         174        160        181        193           1 
      1114         188        174        193        207           1 
      1115         206        188        207        227           1 
      1116         225        206        227        241           1 
      1117         244        225        241        263           1 
      1118         272        244        263        288           1 
      1119         299        272        288        316           1 
      1120         331        299        316        344           1 
      1121         362        331        344        379           1 
      1122         395        362        379        411           1 
      1123         429        395        411        445           1 
      1124         460        429        445        476           1 
      1125         493        460        476        509           1 
      1126         530        493        509        547           1 
      1127         572        530        547        589           1 
      1128         613        572        589        624           1 
      1129         646        613        624        660           1 
      1130         683        646        660        694           1 
      1131         714        683        694        723           1 
      1132         741        714        723        751           1 
      1133         771        741        751        774           1 
      1134         793        771        774        802           1 
      1135         817        793        802        827           1 
      1136         845        817        827        852           1 
      1137         871        845        852        880           1 
      1138         894        871        880        908           1 
      1139         923        894        908        935           1 
      1140         952        923        935        955           1 
      1141         978        952        955        981           1 
      1142        1006        978        981       1015           1 
      1143        1040       1006       1015       1046           1 
      1144        1070       1040       1046       1076           1 
      1145        1096       1070       1076       1104           1 
      1146        1126       1096       1104       1129           1 
      1147        1152       1126       1129       1157           1 
      1148        1180       1152       1157       1187           1 
      1149        1206       1180       1187       1213           1 
      1150        1234       1206       1213       1239           1 
      1151        1258       1234       1239       1266           1 
      1152        1282       1258       1266       1291           1 
      1153        1308       1282       1291       1315           1 
      1154        1334       1308       1315       1339           1 
      1155        1359       1334       1339       1366           1 
      1156        1382       1359       1366       1393           1 
      1157        1408       1382       1393       1417           1 
      1158        1432       1408       1417       1443           1 
      1159        1458       1432       1443       1469           1 
      1160        1485       1458       1469       1497           1 
      1161        1513       1485       1497       1526           1 
      1162        1541       1513       1526       1553           1 
      1163        1570       1541       1553       1579           1 
      1164        1599       1570       1579       1607           1 
      1165        1632       1599       1607       1635           1 
      1166        1661       1632       1635       1664           1 
      1167        1689       1661       1664       1692           1 
      1168        1717       1689       1692       1721           1 
      1169        1745       1717       1721       1749           1 
      1170        1773       1745       1749       1777           1 
      1171        1801       1773       1777       1804           1 
      1172        1830       1801       1804       1833           1 
      1173        1859       1830       1833       1863           1 
      1174        1888       1859       1863       1892           1 
      1175        1916       1888       1892       1921           1 
      1176        1945       1916       1921       1952           1 
      1177        1976       1945       1952       1980           1 
      1178        2005       1976       1980       2008           1 
      1179        2030       2005       2008       2034           1 
      1180        2056       2030       2034       2061           1 
      1181        2073       2056       2061       2076           1 
      1182        2088       2092       2091       2086           1 
      1183        2082       2088       2086       2078           1 
      1184        2071       2082       2078       2065           1 
      1185        2053       2071       2065       2044           1 
      1186        2026       2053       2044       2018           1 
      1187        2002       2026       2018       1992           1 
      1188        1975       2002       1992       1964           1 
      1189        1946       1975       1964       1937           1 
      1190        1918       1946       1937       1910           1 
      1191        1890       1918       1910       1882           1 
      1192        1861       1890       1882       1856           1 
      1193        1834       1861       1856       1829           1 
      1194        1805       1834       1829       1802           1 
      1195        1779       1805       1802       1774           1 
      1196        1751       1779       1774       1748           1 
      1197        1725       1751       1748       1720           1 
      1198        1697       1725       1720       1693           1 
      1199        1669       1697       1693       1666           1 
      1200        1642       1669       1666       1638           1 
      1201        1615       1642       1638       1610           1 
      1202        1587       1615       1610       1582           1 
      1203        1559       1587       1582       1554           1 
      1204        1534       1559       1554       1529           1 
      1205        1510       1534       1529       1501           1 
      1206        1484       1510       1501       1475           1 
      1207        1459       1484       1475       1450           1 
      1208        1439       1459       1450       1425           1 
      1209        1415       1439       1425       1402           1 
      1210        1391       1415       1402       1375           1 
      1211        1365       1391       1375       1354           1 
      1212        1341       1365       1354       1335           1 
      1213        1316       1341       1335       1310           1 
      1214        1295       1316       1310       1286           1 
      1215        1273       1295       1286       1265           1 
      1216        1252       1273       1265       1240           1 
      1217        1229       1252       1240       1218           1 
      1218        1207       1229       1218       1195           1 
      1219        1182       1207       1195       1171           1 
      1220        1156       1182       1171       1145           1 
      1221        1132       1156       1145       1122           1 
      1222        1110       1132       1122       1099           1 
      1223        1084       1110       1099       1075           1 
      1224        1062       1084       1075       1047           1 
      1225        1039       1062       1047       1019           1 
      1226        1010       1039       1019        997           1 
      1227         982       1010        997        974           1 
      1228         968        982        974        950           1 
      1229         944        968        950        926           1 
      1230         919        944        926        907           1 
      1231         898        919        907        883           1 
      1232         878        898        883        861           1 
      1233         857        878        861        839           1 
      1234         833        857        839        819           1 
      1235         816        833        819        800           1 
      1236         799        816        800        777           1 
      1237         780        799        777        763           1 
      1238         764        780        763        744           1 
      1239         747        764        744        725           1 
      1240         731        747        725        707           1 
      1241         709        731        707        688           1 
      1242         696        709        688        669           1 
      1243         677        696        669        650           1 
      1244         661        677        650        630           1 
      1245         645        661        630        614           1 
      1246         629        645        614        594           1 
      1247         615        629        594        579           1 
      1248         602        615        579        561           1 
      1249         591        602        561        550           1 
      1250         576        591        550        533           1 
      1251         570        576        533        526           1 
      1252         556        570        526        515           1 
      1253         551        556        515        512           1 
      1254         544        551        512        505           1 
      1255         539        544        505        501           1 
      1256         535        539        501        499           1 
      1257        2077       2076       2061       2063           1 
      1258        2080       2077       2063       2068           1 
      1259        2083       2080       2068       2072           1 
      1260        2085       2083       2072       2075           1 
      1261        2087       2085       2075       2079           1 
      1262        2089       2087       2079       2081           1 
      1263        2090       2089       2081       2084           1 
      1264        2091       2090       2084       2086           1 
      1265         128        148        152        131           1 
      1266         148        169        172        152           1 
      1267         169        192        195        172           1 
      1268         192        216        218        195           1 
      1269         216        240        247        218           1 
      1270         240        271        275        247           1 
      1271         271        300        303        275           1 
      1272         300        332        334        303           1 
      1273         499        501        468        464           1 
      1274         501        505        472        468           1 
      1275         505        512        478        472           1 
      1276         512        515        480        478           1 
      1277         515        526        489        480           1 
      1278         526        533        496        489           1 
      1279         533        550        510        496           1 
      1280         550        561        521        510           1 
      1281         332        365        370        334           1 
      1282         365        401        402        370           1 
      1283         433        464        468        437           1 
      1284         401        433        437        402           1 
      1285        2061       2034       2037       2063           1 
      1286         561        579        538        521           1 
      1287        2078       2086       2084       2074           1 
      1288         579        594        557        538           1 
      1289         594        614        578        557           1 
      1290         614        630        600        578           1 
      1291         630        650        621        600           1 
      1292         650        669        641        621           1 
      1293         669        688        663        641           1 
      1294         688        707        681        663           1 
      1295         707        725        701        681           1 
      1296         725        744        722        701           1 
      1297         744        763        740        722           1 
      1298         763        777        758        740           1 
      1299         777        800        778        758           1 
      1300         800        819        801        778           1 
      1301         819        839        822        801           1 
      1302         839        861        846        822           1 
      1303         861        883        865        846           1 
      1304         883        907        891        865           1 
      1305         907        926        915        891           1 
      1306         926        950        940        915           1 
      1307         950        974        958        940           1 
      1308         974        997        980        958           1 
      1309         997       1019       1009        980           1 
      1310        1019       1047       1036       1009           1 
      1311        1047       1075       1061       1036           1 
      1312        1075       1099       1086       1061           1 
      1313        1099       1122       1112       1086           1 
      1314        1122       1145       1133       1112           1 
      1315        1145       1171       1158       1133           1 
      1316        1171       1195       1183       1158           1 
      1317        1195       1218       1209       1183           1 
      1318        1218       1240       1233       1209           1 
      1319        1240       1265       1255       1233           1 
      1320        1265       1286       1277       1255           1 
      1321        1286       1310       1299       1277           1 
      1322        1310       1335       1319       1299           1 
      1323        1335       1354       1342       1319           1 
      1324        1354       1375       1368       1342           1 
      1325        1375       1402       1394       1368           1 
      1326        1402       1425       1418       1394           1 
      1327        1425       1450       1442       1418           1 
      1328        1450       1475       1468       1442           1 
      1329        2034       2008       2012       2037           1 
      1330        2008       1980       1986       2012           1 
      1331        1980       1952       1957       1986           1 
      1332        1475       1501       1496       1468           1 
      1333        1501       1529       1524       1496           1 
      1334        1952       1921       1927       1957           1 
      1335        1529       1554       1551       1524           1 
      1336        1554       1582       1577       1551           1 
      1337        2084       2081       2070       2074           1 
      1338        2081       2079       2066       2070           1 
      1339        2079       2075       2060       2066           1 
      1340        2075       2072       2055       2060           1 
      1341        2072       2068       2048       2055           1 
      1342        2068       2063       2037       2048           1 
      1343        1921       1892       1895       1927           1 
      1344        1582       1610       1605       1577           1 
      1345         136        131        152        156           1 
      1346         140        136        156        162           1 
      1347         149        140        162        168           1 
      1348         157        149        168        179           1 
      1349        1610       1638       1634       1605           1 
      1350        1892       1863       1867       1895           1 
      1351        1863       1833       1839       1867           1 
      1352        1833       1804       1810       1839           1 
      1353        1638       1666       1662       1634           1 
      1354        2065       2078       2074       2059           1 
      1355        1804       1777       1780       1810           1 
      1356        1666       1693       1687       1662           1 
      1357        1693       1720       1715       1687           1 
      1358        1777       1749       1753       1780           1 
      1359        1749       1721       1724       1753           1 
      1360        1721       1692       1696       1724           1 
      1361        1692       1664       1668       1696           1 
      1362        1664       1635       1640       1668           1 
      1363        1635       1607       1612       1640           1 
      1364        1607       1579       1583       1612           1 
      1365        1579       1553       1558       1583           1 
      1366        1553       1526       1531       1558           1 
      1367        1526       1497       1504       1531           1 
      1368        1497       1469       1478       1504           1 
      1369        1469       1443       1452       1478           1 
      1370        1443       1417       1426       1452           1 
      1371        1417       1393       1400       1426           1 
      1372        1393       1366       1373       1400           1 
      1373        1366       1339       1347       1373           1 
      1374        1339       1315       1325       1347           1 
      1375        1315       1291       1300       1325           1 
      1376        1291       1266       1275       1300           1 
      1377        1266       1239       1247       1275           1 
      1378        1239       1213       1222       1247           1 
      1379        1213       1187       1194       1222           1 
      1380        1187       1157       1168       1194           1 
      1381        1157       1129       1138       1168           1 
      1382        1129       1104       1109       1138           1 
      1383        1104       1076       1080       1109           1 
      1384        1076       1046       1053       1080           1 
      1385        1046       1015       1020       1053           1 
      1386         166        157        179        187           1 
      1387        1720       1748       1741       1715           1 
      1388        1015        981        994       1020           1 
      1389        1748       1774       1766       1741           1 
      1390        1774       1802       1792       1766           1 
      1391        1802       1829       1818       1792           1 
      1392        2044       2065       2059       2035           1 
      1393         981        955        970        994           1 
      1394        1829       1856       1843       1818           1 
      1395         181        166        187        200           1 
      1396         193        181        200        214           1 
      1397         207        193        214        229           1 
      1398        1856       1882       1871       1843           1 
      1399        1882       1910       1902       1871           1 
      1400        1910       1937       1930       1902           1 
      1401        1937       1964       1956       1930           1 
      1402        1964       1992       1984       1956           1 
      1403        2018       2044       2035       2009           1 
      1404        1992       2018       2009       1984           1 
      1405         227        207        229        243           1 
      1406         241        227        243        262           1 
      1407         263        241        262        285           1 
      1408         288        263        285        308           1 
      1409         316        288        308        333           1 
      1410         344        316        333        363           1 
      1411         955        935        943        970           1 
      1412         935        908        917        943           1 
      1413         908        880        889        917           1 
      1414         880        852        863        889           1 
      1415         852        827        834        863           1 
      1416         827        802        812        834           1 
      1417         802        774        787        812           1 
      1418         774        751        756        787           1 
      1419         751        723        733        756           1 
      1420         723        694        703        733           1 
      1421         694        660        672        703           1 
      1422         660        624        637        672           1 
      1423         624        589        604        637           1 
      1424         589        547        563        604           1 
      1425         547        509        523        563           1 
      1426         509        476        487        523           1 
      1427         476        445        457        487           1 
      1428         445        411        425        457           1 
      1429         379        344        363        394           1 
      1430         411        379        394        425           1 
      1431        2037       2012       2022       2048           1 
      1432         152        172        178        156           1 
      1433        2059       2074       2070       2052           1 
      1434         437        468        472        438           1 
      1435         402        437        438        406           1 
      1436         370        402        406        373           1 
      1437         334        370        373        339           1 
      1438        2012       1986       1993       2022           1 
      1439         472        478        446        438           1 
      1440         478        480        450        446           1 
      1441         480        489        456        450           1 
      1442         489        496        461        456           1 
      1443         496        510        475        461           1 
      1444         510        521        484        475           1 
      1445         303        334        339        307           1 
      1446         172        195        203        178           1 
      1447         521        538        500        484           1 
      1448        2035       2059       2052       2027           1 
      1449        2009       2035       2027       2004           1 
      1450        1984       2009       2004       1978           1 
      1451        1956       1984       1978       1950           1 
      1452         275        303        307        277           1 
      1453         538        557        518        500           1 
      1454         557        578        540        518           1 
      1455        1930       1956       1950       1922           1 
      1456        1986       1957       1963       1993           1 
      1457         578        600        565        540           1 
      1458        1957       1927       1934       1963           1 
      1459        1927       1895       1905       1934           1 
      1460        1895       1867       1874       1905           1 
      1461        1867       1839       1842       1874           1 
      1462        1839       1810       1814       1842           1 
      1463        1810       1780       1786       1814           1 
      1464        1780       1753       1756       1786           1 
      1465        1753       1724       1728       1756           1 
      1466        1724       1696       1700       1728           1 
      1467        1696       1668       1672       1700           1 
      1468        1668       1640       1644       1672           1 
      1469        1640       1612       1616       1644           1 
      1470        1612       1583       1589       1616           1 
      1471        1583       1558       1563       1589           1 
      1472        1558       1531       1543       1563           1 
      1473        1531       1504       1520       1543           1 
      1474        1504       1478       1493       1520           1 
      1475        1478       1452       1465       1493           1 
      1476        1452       1426       1441       1465           1 
      1477        1426       1400       1416       1441           1 
      1478        1400       1373       1390       1416           1 
      1479        1373       1347       1363       1390           1 
      1480        2070       2066       2042       2052           1 
      1481         600        621        590        565           1 
      1482         621        641        611        590           1 
      1483         641        663        635        611           1 
      1484        1347       1325       1338       1363           1 
      1485         195        218        224        203           1 
      1486         247        275        277        252           1 
      1487         218        247        252        224           1 
      1488        1902       1930       1922       1894           1 
      1489        2055       2048       2022       2028           1 
      1490        2066       2060       2032       2042           1 
      1491        2060       2055       2028       2032           1 
      1492         162        156        178        183           1 
      1493         168        162        183        189           1 
      1494         663        681        655        635           1 
      1495         681        701        676        655           1 
      1496         701        722        699        676           1 
      1497         722        740        719        699           1 
      1498         740        758        739        719           1 
      1499         758        778        759        739           1 
      1500         778        801        783        759           1 
      1501         801        822        804        783           1 
      1502         822        846        826        804           1 
      1503         846        865        850        826           1 
      1504         865        891        877        850           1 
      1505         891        915        902        877           1 
      1506         915        940        922        902           1 
      1507         940        958        947        922           1 
      1508         958        980        973        947           1 
      1509         980       1009        998        973           1 
      1510        1009       1036       1022        998           1 
      1511        1036       1061       1049       1022           1 
      1512        1061       1086       1077       1049           1 
      1513        1086       1112       1100       1077           1 
      1514        1112       1133       1123       1100           1 
      1515        1133       1158       1148       1123           1 
      1516        1158       1183       1173       1148           1 
      1517        1183       1209       1199       1173           1 
      1518        1209       1233       1221       1199           1 
      1519        1233       1255       1242       1221           1 
      1520        1255       1277       1264       1242           1 
      1521        1277       1299       1287       1264           1 
      1522        1299       1319       1313       1287           1 
      1523        1319       1342       1336       1313           1 
      1524        1342       1368       1360       1336           1 
      1525        1368       1394       1386       1360           1 
      1526        1394       1418       1410       1386           1 
      1527        1418       1442       1430       1410           1 
      1528        1442       1468       1455       1430           1 
      1529        1468       1496       1482       1455           1 
      1530        1496       1524       1508       1482           1 
      1531        1524       1551       1535       1508           1 
      1532        1551       1577       1561       1535           1 
      1533        1577       1605       1590       1561           1 
      1534        1605       1634       1618       1590           1 
      1535        1634       1662       1646       1618           1 
      1536        1662       1687       1674       1646           1 
      1537        1687       1715       1701       1674           1 
      1538        1715       1741       1729       1701           1 
      1539        1741       1766       1757       1729           1 
      1540        1766       1792       1783       1757           1 
      1541        1792       1818       1812       1783           1 
      1542        1818       1843       1841       1812           1 
      1543        1871       1902       1894       1866           1 
      1544        1843       1871       1866       1841           1 
      1545         179        168        189        199           1 
      1546         187        179        199        208           1 
      1547         200        187        208        219           1 
      1548         214        200        219        233           1 
      1549         229        214        233        249           1 
      1550         243        229        249        265           1 
      1551         262        243        265        284           1 
      1552         285        262        284        304           1 
      1553         308        285        304        327           1 
      1554         333        308        327        355           1 
      1555         363        333        355        383           1 
      1556         394        363        383        412           1 
      1557         425        394        412        444           1 
      1558         457        425        444        474           1 
      1559         487        457        474        507           1 
      1560         523        487        507        543           1 
      1561        1325       1300       1312       1338           1 
      1562        1300       1275       1285       1312           1 
      1563        1275       1247       1260       1285           1 
      1564        1247       1222       1235       1260           1 
      1565        1222       1194       1205       1235           1 
      1566        1194       1168       1176       1205           1 
      1567        1168       1138       1147       1176           1 
      1568        1138       1109       1117       1147           1 
      1569        1109       1080       1091       1117           1 
      1570        1080       1053       1060       1091           1 
      1571        1053       1020       1034       1060           1 
      1572        1020        994       1003       1034           1 
      1573         994        970        976       1003           1 
      1574         970        943        951        976           1 
      1575         943        917        924        951           1 
      1576         917        889        900        924           1 
      1577         889        863        876        900           1 
      1578         863        834        849        876           1 
      1579         834        812        823        849           1 
      1580         812        787        798        823           1 
      1581         787        756        772        798           1 
      1582         756        733        743        772           1 
      1583         733        703        710        743           1 
      1584         703        672        679        710           1 
      1585         672        637        649        679           1 
      1586         637        604        618        649           1 
      1587         563        523        543        584           1 
      1588         604        563        584        618           1 
      1589         406        438        446        410           1 
      1590         373        406        410        377           1 
      1591         339        373        377        341           1 
      1592         307        339        341        315           1 
      1593        2027       2052       2042       2015           1 
      1594        2004       2027       2015       1991           1 
      1595        1978       2004       1991       1968           1 
      1596        2022       1993       1998       2028           1 
      1597        1993       1963       1970       1998           1 
      1598         277        307        315        283           1 
      1599         649        618        633        659           1 
      1600         679        649        659        687           1 
      1601         618        584        603        633           1 
      1602         584        543        569        603           1 
      1603         543        507        528        569           1 
      1604         507        474        495        528           1 
      1605         474        444        463        495           1 
      1606         444        412        436        463           1 
      1607         412        383        405        436           1 
      1608         383        355        376        405           1 
      1609         355        327        349        376           1 
      1610         327        304        324        349           1 
      1611         304        284        305        324           1 
      1612         284        265        287        305           1 
      1613         265        249        273        287           1 
      1614         252        277        283        255           1 
      1615         183        178        203        205           1 
      1616         224        252        255        230           1 
      1617         203        224        230        205           1 
      1618        1950       1978       1968       1944           1 
      1619         446        450        416        410           1 
      1620         710        679        687        717           1 
      1621         189        183        205        213           1 
      1622         450        456        424        416           1 
      1623         456        461        430        424           1 
      1624         461        475        441        430           1 
      1625         475        484        452        441           1 
      1626        1963       1934       1941       1970           1 
      1627         249        233        257        273           1 
      1628         233        219        242        257           1 
      1629         219        208        232        242           1 
      1630         199        189        213        220           1 
      1631         208        199        220        232           1 
      1632        2032       2028       1998       2001           1 
      1633        2042       2032       2001       2015           1 
      1634        1922       1950       1944       1917           1 
      1635         743        710        717        750           1 
      1636         772        743        750        781           1 
      1637         798        772        781        806           1 
      1638         823        798        806        831           1 
      1639         849        823        831        859           1 
      1640         876        849        859        887           1 
      1641         900        876        887        913           1 
      1642         924        900        913        939           1 
      1643         951        924        939        966           1 
      1644         976        951        966        983           1 
      1645        1003        976        983       1012           1 
      1646        1034       1003       1012       1043           1 
      1647        1934       1905       1915       1941           1 
      1648        1905       1874       1885       1915           1 
      1649        1874       1842       1855       1885           1 
      1650        1842       1814       1827       1855           1 
      1651        1814       1786       1799       1827           1 
      1652         484        500        466        452           1 
      1653        1894       1922       1917       1889           1 
      1654        1866       1894       1889       1862           1 
      1655         500        518        483        466           1 
      1656         518        540        503        483           1 
      1657         540        565        527        503           1 
      1658         565        590        554        527           1 
      1659         590        611        582        554           1 
      1660         611        635        608        582           1 
      1661         635        655        627        608           1 
      1662         655        676        647        627           1 
      1663        1841       1866       1862       1837           1 
      1664        1812       1841       1837       1809           1 
      1665        1783       1812       1809       1782           1 
      1666        1757       1783       1782       1754           1 
      1667        1729       1757       1754       1726           1 
      1668        1701       1729       1726       1698           1 
      1669        1674       1701       1698       1671           1 
      1670        1646       1674       1671       1643           1 
      1671        1618       1646       1643       1614           1 
      1672        1590       1618       1614       1585           1 
      1673        1561       1590       1585       1555           1 
      1674        1535       1561       1555       1527           1 
      1675        1508       1535       1527       1499           1 
      1676        1482       1508       1499       1473           1 
      1677        1455       1482       1473       1444           1 
      1678        1430       1455       1444       1420           1 
      1679        1410       1430       1420       1396           1 
      1680        1386       1410       1396       1369           1 
      1681        1360       1386       1369       1343           1 
      1682        1336       1360       1343       1320           1 
      1683        1313       1336       1320       1297           1 
      1684        1287       1313       1297       1271           1 
      1685        1264       1287       1271       1248           1 
      1686        1242       1264       1248       1232           1 
      1687        1221       1242       1232       1211           1 
      1688        1199       1221       1211       1185           1 
      1689        1173       1199       1185       1159           1 
      1690        1148       1173       1159       1135           1 
      1691        1123       1148       1135       1108           1 
      1692        1100       1123       1108       1083           1 
      1693        1077       1100       1083       1065           1 
      1694        1049       1077       1065       1042           1 
      1695        1022       1049       1042       1014           1 
      1696         998       1022       1014        985           1 
      1697         973        998        985        961           1 
      1698         947        973        961        937           1 
      1699         922        947        937        912           1 
      1700         902        922        912        888           1 
      1701         877        902        888        862           1 
      1702         850        877        862        832           1 
      1703         826        850        832        807           1 
      1704         804        826        807        784           1 
      1705         783        804        784        757           1 
      1706         759        783        757        738           1 
      1707         739        759        738        715           1 
      1708         719        739        715        695           1 
      1709         699        719        695        670           1 
      1710         676        699        670        647           1 
      1711        1060       1034       1043       1073           1 
      1712        1091       1060       1073       1103           1 
      1713        1117       1091       1103       1127           1 
      1714        1147       1117       1127       1155           1 
      1715        1786       1756       1768       1799           1 
      1716        1756       1728       1738       1768           1 
      1717        1728       1700       1709       1738           1 
      1718        1700       1672       1681       1709           1 
      1719        1672       1644       1654       1681           1 
      1720        1644       1616       1627       1654           1 
      1721        1616       1589       1606       1627           1 
      1722        1589       1563       1581       1606           1 
      1723        1563       1543       1557       1581           1 
      1724        1543       1520       1530       1557           1 
      1725        1520       1493       1502       1530           1 
      1726        1493       1465       1474       1502           1 
      1727        1465       1441       1447       1474           1 
      1728        1441       1416       1424       1447           1 
      1729        1416       1390       1398       1424           1 
      1730        1390       1363       1371       1398           1 
      1731        1363       1338       1344       1371           1 
      1732        1338       1312       1321       1344           1 
      1733        1312       1285       1296       1321           1 
      1734        1285       1260       1270       1296           1 
      1735        1260       1235       1245       1270           1 
      1736        1235       1205       1215       1245           1 
      1737        1176       1147       1155       1189           1 
      1738        1205       1176       1189       1215           1 
      1739         377        410        416        382           1 
      1740        1991       2015       2001       1981           1 
      1741        1968       1991       1981       1959           1 
      1742        1944       1968       1959       1933           1 
      1743        2001       1998       1970       1974           1 
      1744        1917       1944       1933       1907           1 
      1745         341        377        382        351           1 
      1746         315        341        351        318           1 
      1747         283        315        318        289           1 
      1748         213        205        230        236           1 
      1749         255        283        289        261           1 
      1750         230        255        261        236           1 
      1751         416        424        389        382           1 
      1752         424        430        399        389           1 
      1753         430        441        409        399           1 
      1754         441        452        418        409           1 
      1755         220        213        236        245           1 
      1756         232        220        245        254           1 
      1757        1889       1917       1907       1881           1 
      1758        1862       1889       1881       1858           1 
      1759        1837       1862       1858       1832           1 
      1760        1809       1837       1832       1806           1 
      1761        1782       1809       1806       1778           1 
      1762        1754       1782       1778       1750           1 
      1763        1726       1754       1750       1722           1 
      1764        1698       1726       1722       1695           1 
      1765        1671       1698       1695       1667           1 
      1766        1643       1671       1667       1639           1 
      1767        1614       1643       1639       1611           1 
      1768         452        466        431        418           1 
      1769        1585       1614       1611       1580           1 
      1770        1555       1585       1580       1547           1 
      1771        1527       1555       1547       1515           1 
      1772        1499       1527       1515       1488           1 
      1773        1473       1499       1488       1464           1 
      1774        1444       1473       1464       1440           1 
      1775        1420       1444       1440       1414           1 
      1776        1396       1420       1414       1389           1 
      1777        1369       1396       1389       1362           1 
      1778        1343       1369       1362       1337           1 
      1779        1320       1343       1337       1311           1 
      1780         242        232        254        268           1 
      1781         257        242        268        281           1 
      1782        1297       1320       1311       1284           1 
      1783         273        257        281        296           1 
      1784         466        483        447        431           1 
      1785        1271       1297       1284       1259           1 
      1786        1248       1271       1259       1228           1 
      1787        1232       1248       1228       1219           1 
      1788        1211       1232       1219       1202           1 
      1789        1185       1211       1202       1175           1 
      1790        1159       1185       1175       1151           1 
      1791        1135       1159       1151       1124           1 
      1792        1108       1135       1124       1097           1 
      1793        1083       1108       1097       1074           1 
      1794        1065       1083       1074       1052           1 
      1795        1042       1065       1052       1033           1 
      1796        1014       1042       1033       1007           1 
      1797         985       1014       1007        979           1 
      1798         961        985        979        949           1 
      1799         937        961        949        921           1 
      1800         912        937        921        897           1 
      1801         888        912        897        874           1 
      1802         862        888        874        848           1 
      1803        1970       1941       1947       1974           1 
      1804        1941       1915       1919       1947           1 
      1805        1915       1885       1891       1919           1 
      1806        1885       1855       1864       1891           1 
      1807        1855       1827       1836       1864           1 
      1808         483        503        473        447           1 
      1809         503        527        494        473           1 
      1810         527        554        519        494           1 
      1811         554        582        548        519           1 
      1812         582        608        574        548           1 
      1813         608        627        601        574           1 
      1814         627        647        620        601           1 
      1815         647        670        640        620           1 
      1816         670        695        665        640           1 
      1817         695        715        690        665           1 
      1818         715        738        711        690           1 
      1819         738        757        735        711           1 
      1820         757        784        755        735           1 
      1821         784        807        792        755           1 
      1822         832        862        848        820           1 
      1823         807        832        820        792           1 
      1824        1827       1799       1807       1836           1 
      1825        1799       1768       1775       1807           1 
      1826        1768       1738       1746       1775           1 
      1827        1738       1709       1719       1746           1 
      1828         287        273        296        313           1 
      1829         305        287        313        328           1 
      1830         324        305        328        346           1 
      1831         349        324        346        371           1 
      1832         376        349        371        400           1 
      1833         405        376        400        428           1 
      1834         436        405        428        458           1 
      1835         463        436        458        492           1 
      1836         495        463        492        525           1 
      1837         528        495        525        558           1 
      1838         569        528        558        593           1 
      1839         603        569        593        623           1 
      1840         633        603        623        652           1 
      1841         659        633        652        667           1 
      1842         687        659        667        689           1 
      1843         717        687        689        718           1 
      1844         750        717        718        755           1 
      1845         750        755        792        781           1 
      1846         781        792        820        806           1 
      1847         806        820        848        831           1 
      1848         831        848        874        859           1 
      1849         859        874        897        887           1 
      1850         887        897        921        913           1 
      1851         913        921        949        939           1 
      1852         939        949        979        966           1 
      1853         983        966        979       1000           1 
      1854        1012        983       1000       1018           1 
      1855        1043       1012       1018       1051           1 
      1856        1073       1043       1051       1081           1 
      1857        1103       1073       1081       1113           1 
      1858        1127       1103       1113       1139           1 
      1859        1155       1127       1139       1167           1 
      1860        1189       1155       1167       1196           1 
      1861        1709       1681       1691       1719           1 
      1862        1681       1654       1663       1691           1 
      1863        1654       1627       1636       1663           1 
      1864        1627       1606       1609       1636           1 
      1865        1606       1581       1586       1609           1 
      1866        1581       1557       1580       1586           1 
      1867        1580       1557       1530       1547           1 
      1868        1586       1580       1611       1609           1 
      1869        1609       1611       1639       1636           1 
      1870        1636       1639       1667       1663           1 
      1871        1663       1667       1695       1691           1 
      1872        1691       1695       1722       1719           1 
      1873        1719       1722       1750       1746           1 
      1874        1746       1750       1778       1775           1 
      1875        1775       1778       1806       1807           1 
      1876        1464       1447       1424       1440           1 
      1877        1447       1464       1488       1474           1 
      1878        1440       1424       1398       1414           1 
      1879        1474       1488       1515       1502           1 
      1880        1414       1398       1371       1389           1 
      1881        1389       1371       1344       1362           1 
      1882        1515       1547       1530       1502           1 
      1883        1362       1344       1321       1337           1 
      1884        1337       1321       1296       1311           1 
      1885        1311       1296       1270       1284           1 
      1886        1284       1270       1245       1259           1 
      1887        1259       1245       1215       1228           1 
      1888        1215       1189       1196       1228           1 
      1889        2001       1974       1967       1981           1 
      1890         382        389        356        351           1 
      1891         318        351        356        325           1 
      1892        1806       1832       1831       1807           1 
      1893        1832       1858       1848       1831           1 
      1894        1858       1881       1870       1848           1 
      1895         389        399        367        356           1 
      1896         399        409        375        367           1 
      1897         409        418        386        375           1 
      1898        1974       1947       1949       1967           1 
      1899        1949       1959       1981       1967           1 
      1900        1933       1959       1949       1925           1 
      1901        1919       1925       1949       1947           1 
      1902        1881       1907       1896       1870           1 
      1903        1907       1933       1925       1896           1 
      1904        1925       1919       1891       1896           1 
      1905         236        261        270        245           1 
      1906         289        318        325        298           1 
      1907         261        289        298        270           1 
      1908        1864       1836       1848       1870           1 
      1909         755        718        704        735           1 
      1910        1836       1807       1831       1848           1 
      1911         718        689        674        704           1 
      1912         711        735        704        684           1 
      1913         689        667        652        674           1 
      1914         704        674        653        684           1 
      1915         690        711        684        658           1 
      1916         674        652        623        653           1 
      1917         418        431        392        386           1 
      1918         431        447        408        392           1 
      1919         447        473        443        408           1 
      1920         473        494        467        443           1 
      1921         494        519        486        467           1 
      1922         519        548        517        486           1 
      1923         548        574        552        517           1 
      1924         574        601        580        552           1 
      1925         601        620        586        580           1 
      1926         665        690        658        632           1 
      1927         620        640        609        586           1 
      1928         640        665        632        609           1 
      1929         979       1007       1011       1000           1 
      1930        1018       1000       1011       1028           1 
      1931        1007       1033       1028       1011           1 
      1932        1033       1052       1044       1028           1 
      1933        1018       1028       1044       1051           1 
      1934        1052       1074       1051       1044           1 
      1935        1051       1074       1097       1081           1 
      1936        1081       1097       1124       1113           1 
      1937        1113       1124       1151       1139           1 
      1938        1139       1151       1175       1167           1 
      1939        1167       1175       1202       1196           1 
      1940        1219       1228       1196       1202           1 
      1941         254        245        270        280           1 
      1942         268        254        280        294           1 
      1943         281        268        294        310           1 
      1944         296        281        310        323           1 
      1945         313        296        323        338           1 
      1946         328        313        338        350           1 
      1947         346        328        350        369           1 
      1948         371        346        369        391           1 
      1949         400        371        391        417           1 
      1950         428        400        417        453           1 
      1951         458        428        453        490           1 
      1952         492        458        490        532           1 
      1953         525        492        532        566           1 
      1954         558        525        566        595           1 
      1955         593        558        595        625           1 
      1956         623        593        625        653           1 
      1957         684        653        625        658           1 
      1958         658        625        595        632           1 
      1959         632        595        566        609           1 
      1960         609        566        532        586           1 
      1961         580        586        532        552           1 
      1962         552        532        490        517           1 
      1963         325        356        367        336           1 
      1964         270        298        309        280           1 
      1965         298        325        336        309           1 
      1966         294        280        309        322           1 
      1967         310        294        322        348           1 
      1968         323        310        348        358           1 
      1969         338        323        358        364           1 
      1970         350        338        364        368           1 
      1971         369        350        368        385           1 
      1972         391        369        385        404           1 
      1973         417        391        404        422           1 
      1974         453        417        422        439           1 
      1975         517        490        453        486           1 
      1976         486        453        439        467           1 
      1977         367        375        347        336           1 
      1978         347        322        309        336           1 
      1979         443        467        439        420           1 
      1980         375        386        359        347           1 
      1981         322        347        359        348           1 
      1982         359        386        392        348           1 
      1983         348        392        408        358           1 
      1984         408        443        420        393           1 
      1985         358        408        393        364           1 
      1986         368        364        393        385           1 
      1987         393        420        404        385           1 
      1988         404        420        439        422           1 
      1989        1891       1864       1870       1896           1 
surfaces 3
lines 2 0
END_Element
$-----------------------------------------------------

Moment-Load
Node,534, UX, 1, UY,  0.0 
Node,535, UX, 1, UY,  0.0 
Node,539, UX, 1, UY,  0.0 
Node,544, UX, 1, UY,  0.0 
Node,551, UX, 1, UY,  0.0 
Node,556, UX, 1, UY,  0.0 
Node,570, UX, 1, UY,  0.0 
Node,576, UX, 1, UY,  0.0 
Node,591, UX, 1, UY,  0.0 
Node,602, UX, 1, UY,  0.0 
Node,615, UX, 1, UY,  0.0 
Node,629, UX, 1, UY,  0.0 
Node,645, UX, 1, UY,  0.0 
Node,661, UX, 1, UY,  0.0 
Node,677, UX, 1, UY,  0.0 
Node,696, UX, 1, UY,  0.0 
Node,709, UX, 1, UY,  0.0 
Node,731, UX, 1, UY,  0.0 
Node,747, UX, 1, UY,  0.0 
Node,764, UX, 1, UY,  0.0 
Node,780, UX, 1, UY,  0.0 
Node,799, UX, 1, UY,  0.0 
Node,816, UX, 1, UY,  0.0 
Node,833, UX, 1, UY,  0.0 
Node,857, UX, 1, UY,  0.0 
Node,878, UX, 1, UY,  0.0 
Node,898, UX, 1, UY,  0.0 
Node,919, UX, 1, UY,  0.0 
Node,944, UX, 1, UY,  0.0 
Node,968, UX, 1, UY,  0.0 
Node,982, UX, 1, UY,  0.0 
Node,1010, UX, 1, UY,  0.0 
Node,1039, UX, 1, UY,  0.0 
Node,1062, UX, 1, UY,  0.0 
Node,1084, UX, 1, UY,  0.0 
Node,1110, UX, 1, UY,  0.0 
Node,1132, UX, 1, UY,  0.0 
Node,1156, UX, 1, UY,  0.0 
Node,1182, UX, 1, UY,  0.0 
Node,1207, UX, 1, UY,  0.0 
Node,1229, UX, 1, UY,  0.0 
Node,1252, UX, 1, UY,  0.0 
Node,1273, UX, 1, UY,  0.0 
Node,1295, UX, 1, UY,  0.0 
Node,1316, UX, 1, UY,  0.0 
Node,1341, UX, 1, UY,  0.0 
Node,1365, UX, 1, UY,  0.0 
Node,1391, UX, 1, UY,  0.0 
Node,1415, UX, 1, UY,  0.0 
Node,1439, UX, 1, UY,  0.0 
Node,1459, UX, 1, UY,  0.0 
Node,1484, UX, 1, UY,  0.0 
Node,1510, UX, 1, UY,  0.0 
Node,1534, UX, 1, UY,  0.0 
Node,1559, UX, 1, UY,  0.0 
Node,1587, UX, 1, UY,  0.0 
Node,1615, UX, 1, UY,  0.0 
Node,1642, UX, 1, UY,  0.0 
Node,1669, UX, 1, UY,  0.0 
Node,1697, UX, 1, UY,  0.0 
Node,1725, UX, 1, UY,  0.0 
Node,1751, UX, 1, UY,  0.0 
Node,1779, UX, 1, UY,  0.0 
Node,1805, UX, 1, UY,  0.0 
Node,1834, UX, 1, UY,  0.0 
Node,1861, UX, 1, UY,  0.0 
Node,1890, UX, 1, UY,  0.0 
Node,1918, UX, 1, UY,  0.0 
Node,1946, UX, 1, UY,  0.0 
Node,1975, UX, 1, UY,  0.0 
Node,2002, UX, 1, UY,  0.0 
Node,2026, UX, 1, UY,  0.0 
Node,2053, UX, 1, UY,  0.0 
Node,2071, UX, 1, UY,  0.0 
Node,2082, UX, 1, UY,  0.0 
Node,2088, UX, 1, UY,  0.0 
Node,2092, UX, 1, UY,  0.0 
$-----------------------------------------------------

Presure
Node,1,    -0.02
Node,2,    -0.02
Node,5,    -0.02
Node,10,    -0.02
Node,17,    -0.02
Node,26,    -0.02
Node,35,    -0.02
Node,48,    -0.02
Node,61,    -0.02
Node,74,    -0.02
Node,89,    -0.02
Node,107,    -0.02
Node,125,    -0.02
Node,146,    -0.02
Node,170,    -0.02
Node,194,    -0.02
Node,217,    -0.02
Node,246,    -0.02
Node,276,    -0.02
Node,306,    -0.02
Node,340,    -0.02
Node,378,    -0.02
Node,414,    -0.02
Node,449,    -0.02
Node,482,    -0.02
Node,520,    -0.02
Node,562,    -0.02
Node,607,    -0.02
Node,643,    -0.02
Node,678,    -0.02
Node,713,    -0.02
Node,745,    -0.02
Node,746,    -0.02
Node,775,    -0.02
Node,810,    -0.02
Node,842,    -0.02
Node,843,    -0.02
Node,873,    -0.02
Node,905,    -0.02
Node,934,    -0.02
Node,964,    -0.02
Node,993,    -0.02
Node,1027,    -0.02
Node,1057,    -0.02
Node,1088,    -0.02
Node,1119,    -0.02
Node,1150,    -0.02
Node,1179,    -0.02
Node,1208,    -0.02
Node,1237,    -0.02
Node,1262,    -0.02
Node,1288,    -0.02
Node,1314,    -0.02
Node,1340,    -0.02
Node,1367,    -0.02
Node,1395,    -0.02
Node,1422,    -0.02
Node,1446,    -0.02
Node,1477,    -0.02
Node,1506,    -0.02
Node,1533,    -0.02
Node,1562,    -0.02
Node,1591,    -0.02
Node,1625,    -0.02
Node,1659,    -0.02
Node,1690,    -0.02
Node,1718,    -0.02
Node,1747,    -0.02
Node,1776,    -0.02
Node,1803,    -0.02
Node,1835,    -0.02
Node,1865,    -0.02
Node,1893,    -0.02
Node,1924,    -0.02
Node,1954,    -0.02
Node,1985,    -0.02
Node,2011,    -0.02
Node,2038,    -0.02
$-----------------------------------------------------

Wall 
Node,244,      0.000000
Node,272,      0.000000
Node,299,      0.000000
Node,331,      0.000000
Node,362,      0.000000
Node,395,      0.000000
Node,429,      0.000000
Node,460,      0.000000
Node,493,      0.000000
Node,530,      0.000000
Node,572,      0.000000
Node,613,      0.000000
Node,646,      0.000000
Node,683,      0.000000
Node,714,      0.000000
END_Wall 
$-----------------------------------------------------

MATERIAL PROPERTIES 
$ MATERIAL PROPERTIES FOR MULTILAMINATE
1 30000.0 0.25 6.0 31.62 2350
END_MATERIAL PROPERTIES 
$-----------------------------------------------------
